item_id,model,condition,output,seconds,gpu,coverage,n_attrs,unsupported_terms,words,echo,reps,usable,unsup_any
B07QTHYQD7,smolvlm-500m,image_meta,"Eono by Amazon - Bolsas Compra Reutilizables Ecológicas Bolsa de Malla para Almacenamiento Fruta Verduras Juguetes Lavable y Transpirable 3 Diversos Tamaños, 9 Pcs (2L+5M+2S)

This product is a reusable container for storing and organizing fruits and vegetables. It is made from eco-friendly materials and is perfect for storing a variety of fruits and vegetables. The container is designed to be easy to clean and maintain, and it can be stored in a variety of locations, such as a pantry, a kitchen, or a closet.

The container is 2L+5",8.64,Tesla T4,0.5,4,0,94,False,0.9655172413793104,True,False
B07QTHYQD7,smolvlm-500m,image_only,9 Pack. 1000x1000. 9 Pack. 1000x1000. 9 Pack. 1000x1000. 9 Pack. 1000x1000. 9 Pack. 1000x1000. 9 Pack. 1000x1000. 9 Pack. 1000x1000. 9 Pack. 1000x1000. 9 Pack. 1000x1000. 9 Pack. 1000x1000.,6.25,Tesla T4,0.0,4,0,30,False,0.1071428571428571,False,False
B07KYG85X8,smolvlm-500m,image_meta,"AmazonBasics Premium Microfiber Pillowcases, 2-Pack - 40 x 80 cm, Bright White. These pillowcases are made from 100% microfiber, which is a durable, soft, and wrinkle-free material. They are perfect for keeping your bedding in pristine condition. The bright white color of the pillowcases makes them easy to see and clean. They are also dishwasher safe, so you can keep them clean and fresh for years to come.",5.39,Tesla T4,1.0,3,0,69,False,1.0,True,False
B07KYG85X8,smolvlm-500m,image_only,A pen. A pen is a tool used for writing. One practical benefit of a pen is that it can be used to write notes or draw sketches.,1.82,Tesla T4,0.0,3,0,28,True,0.9615384615384616,False,False
B07YFZWQG7,smolvlm-500m,image_meta,Find. is a brand of high heels. The find. is a mid-heel strappy sandal with an ankle strap. The ankle strap is adjustable and can be worn with different shoes. The find. is a classic and timeless piece of footwear that is perfect for a special occasion or everyday wear.,2.66,Tesla T4,0.6666666666666666,3,0,51,False,0.9375,True,False
B07YFZWQG7,smolvlm-500m,image_only,High heel sandal with ankle strap. Practical benefit: Support for the foot.,1.01,Tesla T4,0.0,3,0,12,False,1.0,True,False
B07F611M31,smolvlm-500m,image_meta,Sneakers are a popular choice for casual wear. They offer a comfortable and stylish fit. One practical benefit of these shoes is that they are very durable.,1.78,Tesla T4,0.25,4,0,27,True,1.0,False,False
B07F611M31,smolvlm-500m,image_only,Scooter.,0.54,Tesla T4,0.0,4,0,1,False,0.0,False,False
B0896KVCJY,smolvlm-500m,image_meta,"This AmazonBasics Eastlake Coolers Glass Drinkware Set, 15-Ounce, Set of 6 is a perfect gift for a special occasion. It is made from high-quality glass and is perfect for enjoying a cold drink on a hot day. The set includes a 15-ounce glass with a wide base and a narrow top, which is perfect for holding a variety of drinks. The glass is also dishwasher safe, so you can enjoy your drink without worrying about damaging it.",4.73,Tesla T4,0.3333333333333333,3,0,80,False,0.9866666666666668,True,False
B0896KVCJY,smolvlm-500m,image_only,A clear glass with a round base.,0.83,Tesla T4,0.3333333333333333,3,0,7,False,1.0,True,False
B07SK9MRTF,smolvlm-500m,image_meta,"The Alkove Hayes CHAIR is a stylish and functional piece of furniture. It is perfect for a dining room or living room. The CHAIR has a modern design with a simple, yet elegant look. The CHAIR is made of high-quality wood, which is both durable and easy to maintain. The CHAIR has a sturdy frame that is built to last. The CHAIR is also very comfortable to sit on, with a high back and a supportive seat. The CHAIR is perfect for families or anyone who needs a piece of furniture that is both stylish and functional.",5.66,Tesla T4,0.5,4,1,98,False,0.9473684210526316,True,True
B07SK9MRTF,smolvlm-500m,image_only,"A product is a set of two wooden chairs. They have a simple design with a back and four legs. The back has an X shape, which is a common design for chairs. The chairs are made of wood and have a light brown finish. They are both the same size and shape.",3.64,Tesla T4,0.25,4,3,53,False,1.0,True,True
B07HK65QM8,smolvlm-500m,image_meta,These are the perfect size for your sleep bag. They are perfect for your sleep bag because they are perfect for your sleep bag.,1.63,Tesla T4,0.25,4,0,24,False,0.7272727272727273,True,False
B07HK65QM8,smolvlm-500m,image_only,A green pair of dumbbells.,0.93,Tesla T4,0.0,4,1,5,False,1.0,True,True
B01N16EEHY,smolvlm-500m,image_meta,The Finley Dome Stud Slide Sandal is a stylish and durable option for everyday wear. Its dome stud design provides a secure fit and adds a touch of sophistication to any outfit.,1.63,Tesla T4,0.25,4,0,32,False,1.0,True,False
B01N16EEHY,smolvlm-500m,image_only,A blue slide with silver studs. One practical benefit is that it's very sparkly.,1.03,Tesla T4,0.25,4,1,15,True,1.0,False,True
B07PRQ57J6,smolvlm-500m,image_meta,"Amazon Brand - Solimo Room Darkening Blackout Window Curtain, 5 Feet, Set of 2 (Blue) - Amazon Brand - Solimo - Room Darkening Blackout Window Curtain, 5 Feet, Set of 2 (Blue) - Amazon Brand - Solimo - Room Darkening Blackout Window Curtain, 5 Feet, Set of 2 (Blue) - Amazon Brand - Solimo - Room Darkening Blackout Window Curtain, 5 Feet, Set of 2 (Blue) - Amazon Brand - Solimo - Room Darkening Blackout Window Curtain, 5 Feet, Set of 2 (Blue) - Amazon Brand - Solimo - Room Darkening Blackout Window Curtain,",6.92,Tesla T4,0.75,4,0,78,False,0.2065217391304347,False,False
B07PRQ57J6,smolvlm-500m,image_only,"A blue fabric curtain. Key features: 100% cotton. Practical benefit: 100% cotton is a soft, durable fabric.",1.79,Tesla T4,0.25,4,1,17,False,1.0,True,True
B082QL2WKF,smolvlm-500m,image_meta,The léopard pattern is a classic and stylish choice for a pair of shoes. The pointed toe and mini heel make it perfect for a variety of occasions.,1.68,Tesla T4,0.6666666666666666,3,0,29,False,1.0,True,False
B082QL2WKF,smolvlm-500m,image_only,Levis. Minding your own business.,0.62,Tesla T4,0.0,3,0,5,False,1.0,True,False
B07WL3YXZD,smolvlm-500m,image_meta,This set of 48 white plastic hanger is perfect for everyday use. It is lightweight and easy to store. It is also easy to clean and maintain.,1.97,Tesla T4,0.5,4,0,27,False,1.0,True,False
B07WL3YXZD,smolvlm-500m,image_only,Clothespin. White. 15. 100% cotton. 90 degrees. 1500.,1.93,Tesla T4,0.25,4,1,8,False,1.0,True,True
B08CKRTT15,smolvlm-500m,image_meta,Bourge Men's Vega-5 Navy Running Shoes-12 UK (46 EU) (13 US) (Vega-5-12) is a pair of running shoes. The shoes are navy in color and made of mesh material. They are designed for running and have a comfortable fit. One practical benefit of these shoes is that they are lightweight and easy to move around in.,4.16,Tesla T4,1.0,4,0,61,True,1.0,False,False
B08CKRTT15,smolvlm-500m,image_only,"A pair of blue, knit, slip-on shoes. The shoes have a white sole. One practical benefit is that they are comfortable and stylish.",1.55,Tesla T4,0.25,4,2,24,True,1.0,False,True
B003JFJWT8,smolvlm-500m,image_meta,"This super soft and super absorbent wash cloth is perfect for cleaning your hands and keeping them clean. It's made from 100% cotton and is super absorbent, so you can easily wipe it down after washing your hands. It's also super soft, so you won't need to worry about scratching your skin.",3.14,Tesla T4,0.5,4,0,55,False,1.0,True,False
B003JFJWT8,smolvlm-500m,image_only,A phone case. It's soft and fluffy. It's gray.,1.0,Tesla T4,0.0,4,1,11,False,1.0,True,True
B01N6WEDO5,smolvlm-500m,image_meta,"The Fix Women's Zavala Structured Bow Ballet Flat, Black, 9 B US is a versatile ballet flat suitable for both indoor and outdoor use. It features a structured bow on the toe, providing a secure and elegant fit. The flat is made from high-quality suede material, which offers durability and comfort. The sole is made from rubber, ensuring it is durable and easy to clean. The flat is also lightweight, making it easy to carry around.",5.37,Tesla T4,0.6666666666666666,3,1,78,False,0.972972972972973,True,True
B01N6WEDO5,smolvlm-500m,image_only,A black suede flat for a child. It has a bow on the side. One practical benefit is that it is very comfortable.,1.58,Tesla T4,0.6666666666666666,3,0,23,True,1.0,False,False
B01N9X5U1W,smolvlm-500m,image_meta,"The Fix is a versatile footwear brand known for their stylish and durable sandals. The item you're looking at here is a cross-strap sandal, which is a popular choice for its comfort and style. The sandal features a shiny, satin-like material that adds a touch of elegance to your outfit. The cross-strap design allows for a comfortable fit and a snug fit, making it perfect for those who enjoy a snug fit. The sandal also comes with a sturdy base that provides support and stability, ensuring that you can walk confidently. One practical benefit of this item is that it is a great option for those who want to add a bit of sophistication to their appearance without breaking the bank.",6.29,Tesla T4,0.3333333333333333,3,0,125,True,0.9915966386554622,False,False
B01N9X5U1W,smolvlm-500m,image_only,"A pair of light orange, satin, flat sandals with a blue sole.",1.11,Tesla T4,0.3333333333333333,3,1,12,False,1.0,True,True
B004C046TA,smolvlm-500m,image_meta,"This stylish and durable coffee table is perfect for adding a touch of style to any room. The Strathwood Signature Tavolara Teak Coffee Table features a distressed finish that gives it a rustic and unique look. The table is also made from high-quality teak wood, which is known for its durability and resistance to decay. The Strathwood Signature Tavolara Teak Coffee Table is a great option for anyone looking for a stylish and functional piece of furniture.",5.12,Tesla T4,1.0,4,0,78,False,0.92,True,False
B004C046TA,smolvlm-500m,image_only,"A coffee table. This is a simple, rustic design with a natural wood finish. It features a rectangular top with slats of wood running lengthwise, creating a slatted effect. The legs are connected by a circular base, which is also made of wood. This type of table is ideal for use in a living room or dining area, providing ample storage space and a sturdy foundation. The circular base ensures stability, and the slats allow for easy cleaning and maintenance.",4.06,Tesla T4,0.75,4,0,80,False,1.0,True,False
B00EQ5FO3I,smolvlm-500m,image_meta,"Pinzon Ultrasoft 300 Percale Cotton Duvet Cover Set is a soft, durable, and comfortable duvet cover made from 300% cotton. The duvet cover is light blue in color and is perfect for adding a touch of color to your bedroom. The duvet cover is made from 300% cotton, which makes it soft and comfortable to sleep on. The duvet cover is also lightweight and easy to fluff up, making it perfect for a cozy and relaxing night.",5.46,Tesla T4,0.5,4,0,77,False,0.9333333333333332,True,False
B00EQ5FO3I,smolvlm-500m,image_only,Couch. Blue. Couch.,1.12,Tesla T4,0.0,4,0,3,False,0.0,False,False
B07QGWMTDY,smolvlm-500m,image_meta,A rectangular dining table with black legs. The table is 71 inches long and 71 inches wide. The legs are 12 inches long and 2 inches wide. The table is made of metal and has a natural finish. The table is lightweight and easy to move. It is perfect for a casual dining setting or a home office.,3.85,Tesla T4,0.75,4,1,58,False,0.9285714285714286,True,True
B07QGWMTDY,smolvlm-500m,image_only,A rectangular table with four black legs.,0.96,Tesla T4,0.25,4,1,7,False,1.0,True,True
B07XGTPDDF,smolvlm-500m,image_meta,"The Klepe men's black flyknit with memory foam running shoes are a great choice for those looking for a comfortable and stylish pair of shoes. These shoes are perfect for running, walking, or any other activity that requires a comfortable and stylish fit. The shoes have a slip-on design, which makes them easy to wear and remove. The mesh lining inside the shoes provides ventilation, which keeps the wearer cool and comfortable. The shoes also have a rubber sole, which provides extra support and protection for the feet. Overall, these shoes are a great option for anyone looking for a stylish and comfortable pair of running shoes.",5.53,Tesla T4,1.0,4,1,109,False,0.9428571428571428,True,True
B07XGTPDDF,smolvlm-500m,image_only,A pair of black slip on shoes. They are made of a smooth material and have a rubber sole. One practical benefit is that they are comfortable and slip on.,2.17,Tesla T4,0.5,4,1,30,True,1.0,False,True
B081LC75N6,smolvlm-500m,image_meta,"Eono MacBook Air 13 Pouces Coque 2019 2018 A1932 avec Retina Display, Coque Rigide& Protection Clavier&Protecteur d'écran Compatible avec MacBook Air 13 Pouces avec Touch ID, Marbre Bleu Noir.",3.7,Tesla T4,0.6666666666666666,3,0,31,False,0.925925925925926,True,False
B081LC75N6,smolvlm-500m,image_only,Laptop. MFC-750. White keyboard.,1.13,Tesla T4,0.0,3,1,5,False,1.0,True,True
B07QBMQQ34,smolvlm-500m,image_meta,"The Amazon Brand – Ravenna Home Tamarack Rocker Recliner is a plush, plush recliner designed for comfort and relaxation. It features a high back with a contoured design, providing a supportive backrest for back pain relief. The recliner is also equipped with adjustable armrests, making it easy to adjust the position for different activities. The recliner is made from high-quality, durable leather, which offers a long-lasting and comfortable fit. One practical benefit of this recliner is its ability to provide a restful and relaxing environment for users, making it a great choice for those seeking a comfortable and relaxing space to unwind.",7.11,Tesla T4,0.5,4,0,103,True,0.99,False,False
B07QBMQQ34,smolvlm-500m,image_only,This recliner is perfect for a long day at the office or a quick nap. Its plush cushions and sturdy frame make it a comfortable choice. One practical benefit is that it can be easily folded up for storage when not in use.,2.56,Tesla T4,0.25,4,0,43,True,1.0,False,False
B0748RH9L3,smolvlm-500m,image_meta,Scooped design for a snug fit.,0.73,Tesla T4,0.0,3,0,6,False,1.0,True,False
B0748RH9L3,smolvlm-500m,image_only,Auburn Leather Teddy Boots. Key features: 1. Black. 2. Button. 3. Fur pom. 4. Plain. 5. 3D. Practical benefit: 1. Comfort. 2. Style.,2.49,Tesla T4,0.3333333333333333,3,1,23,False,1.0,True,True
B08C2XWMD3,smolvlm-500m,image_meta,"A sturdy, lightweight, and portable drying rack made from high-quality U-shaped steel. It features a sleek, modern design with adjustable angles and a sturdy base that can be easily folded up for storage. The rack is ideal for storing clothes, drying clothes, or even for hanging items on a balcony or patio.",3.89,Tesla T4,0.5,4,0,54,False,1.0,True,False
B08C2XWMD3,smolvlm-500m,image_only,An open corner metal drying rack.,1.09,Tesla T4,0.0,4,1,6,False,1.0,True,True
B001BXBILA,smolvlm-500m,image_meta,"This Pinzon Blue Wine Opener is a great tool for opening wine bottles. It has a sleek, modern design with a comfortable grip, making it easy to use. The Foil Cutter and Corkscrew attachment makes it convenient to open corks and corkscrews.",3.13,Tesla T4,0.75,4,0,42,False,1.0,True,False
B001BXBILA,smolvlm-500m,image_only,A clamp. Blue. 3 pronged.,1.13,Tesla T4,0.25,4,0,5,False,1.0,True,False
B0824FH9GS,smolvlm-500m,image_meta,"The lamp is a contemporary metal table lamp with a dark bronze finish. It features a round, white tablecloth-like shade that is perfect for a formal setting. The lamp has a sleek, modern design with a clear glass accent that adds a touch of elegance. The LED bulb is energy-efficient and provides a warm, soft light. The lamp is also equipped with a built-in mercury glass accent that adds a decorative touch.",3.85,Tesla T4,0.75,4,1,75,False,0.9428571428571428,True,True
B0824FH9GS,smolvlm-500m,image_only,Lamp.,0.75,Tesla T4,0.25,4,0,1,False,0.0,False,False
B01FJECR34,smolvlm-500m,image_meta,"AmazonBasics is a portable Bluetooth speaker that comes with a 3.5mm stereo audio cable. The speaker is small and compact, making it easy to carry around. The 3.5mm stereo audio cable is long enough to connect the speaker to a stereo system or other audio devices.",3.66,Tesla T4,0.6666666666666666,3,0,48,False,0.9772727272727272,True,False
B01FJECR34,smolvlm-500m,image_only,This black device has 4 jacks on it. One of them is labeled 'o/n'. It also has a 4-pin XLR jack.,1.96,Tesla T4,0.3333333333333333,3,0,23,False,1.0,True,False
B072Y5MZQH,smolvlm-500m,image_meta,"AmazonBasics Classic Leather Office Desk Guest Chair with Metal Frame, Black. This chair is a great option for small spaces. It has a high back and armrests, making it comfortable to sit in. The metal frame is sturdy and will last for years to come.",2.99,Tesla T4,1.0,4,0,45,False,1.0,True,False
B072Y5MZQH,smolvlm-500m,image_only,Office Chair.,0.62,Tesla T4,0.25,4,0,2,False,0.0,False,False
B071GFDGZ9,smolvlm-500m,image_meta,"This shoe is a stylish and comfortable men's shoe. It has a smooth, light grey finish and a toe cap. The toe cap is made of a soft, leather-like material that provides a comfortable grip. The shoe is also very comfortable to wear, with a snug fit that keeps the wearer's feet warm in cold weather. One practical benefit of this shoe is that it is very easy to put on and take off, making it a great choice for everyday wear.",5.47,Tesla T4,0.3333333333333333,3,1,85,True,0.9875,False,True
B071GFDGZ9,smolvlm-500m,image_only,"A pair of brown leather shoes. They are simple in design with a lace-up front. The shoes have a smooth, polished finish. One practical benefit is that they are comfortable and stylish, making them perfect for casual occasions.",2.52,Tesla T4,0.3333333333333333,3,2,39,True,1.0,False,True
B07VGPT5P8,smolvlm-500m,image_meta,These slippers are perfect for cozy winter evenings or for a relaxing stroll. They have a sturdy sole for stability and a comfortable lining for warmth. The trim along the edge adds a touch of style and adds a bit of texture to the overall design.,2.37,Tesla T4,0.0,3,0,46,False,1.0,True,False
B07VGPT5P8,smolvlm-500m,image_only,SLEEVE.,0.69,Tesla T4,0.0,3,0,1,False,0.0,False,False
B075YLXVL5,smolvlm-500m,image_meta,"This 24-piece bottle rack is perfect for storing wine glasses. It has a rustic, rustic look and is made from natural stone. The rack is 5 inches wide, 7.75 inches deep, and 7.75 inches tall. It has a 5-inch shelf space for each bottle, which makes it easy to store multiple bottles of wine. The rack is also lightweight and easy to install, making it a great option for small spaces.",4.74,Tesla T4,1.0,4,0,75,False,0.9710144927536232,True,False
B075YLXVL5,smolvlm-500m,image_only,A wooden shelf. Key visible features: 16 slots. Practical benefit: It can hold a lot of items.,1.95,Tesla T4,0.0,4,1,17,False,1.0,True,True
B07R79Y9TS,smolvlm-500m,image_meta,"Amazon Brand - find. Chunky Leather Boat Shoe Blue, US 13. This boat shoe is made of suede and features a chunky sole.",1.68,Tesla T4,0.6666666666666666,3,0,22,False,1.0,True,False
B07R79Y9TS,smolvlm-500m,image_only,A dark blue boat shoe. It's made of suede. It's laced up. It's made for walking.,1.19,Tesla T4,0.3333333333333333,3,0,19,False,1.0,True,False
B0793FCB7J,smolvlm-500m,image_meta,"This Simple Joys by Carter's Chaussure de Sport Unisexe is a great choice for a child. It's lightweight and comfortable, perfect for a day out or a quick walk. The breathable mesh fabric keeps the child cool and dry, while the rubber sole provides good traction.",2.65,Tesla T4,0.3333333333333333,3,1,48,False,1.0,True,True
B0793FCB7J,smolvlm-500m,image_only,"Pink and white shoes. 
Key features: 
- elastic straps. 
- pink sole. 
- bright orange. 
- practical benefit: 
- no laces.",2.02,Tesla T4,0.3333333333333333,3,3,16,False,1.0,True,True
B07PHRTPT5,smolvlm-500m,image_meta,"The Hannah slip-on shoes are perfect for a casual day out or a night on the town. They feature a soft, cushioned upper for comfort and a white sole for a classic look. The slip-on design makes them easy to put on and take off, and the soft cushioning provides a comfortable cushioning for your feet.",3.91,Tesla T4,0.3333333333333333,3,1,58,False,1.0,True,True
B07PHRTPT5,smolvlm-500m,image_only,A slip on shoe. It's light pink. It's white on the bottom.,1.11,Tesla T4,0.3333333333333333,3,2,14,False,1.0,True,True
B074XXSSCV,smolvlm-500m,image_meta,"These bags are perfect for storing leftovers, snacks, or other small items. They are made from 100% recycled materials and are BPA-free. The double zipper design makes them easy to open and close, and they are also dishwasher safe for easy cleanup.",2.57,Tesla T4,0.3333333333333333,3,0,43,False,1.0,True,False
B074XXSSCV,smolvlm-500m,image_only,"A product called Double Zipper Storage Bags. 50 Quart size bags. 17"" x 17"" x 1.75"". 365. 100% recycled.",2.13,Tesla T4,0.6666666666666666,3,0,20,False,1.0,True,False
B07QGW2CDS,smolvlm-500m,image_meta,"Formal shoes, suitable for formal occasions. One practical benefit is that they are easy to put on and take off.",1.42,Tesla T4,0.25,4,0,20,True,1.0,False,False
B07QGW2CDS,smolvlm-500m,image_only,Leather shoes. They are simple and stylish. One practical benefit is that they are easy to put on and take off.,1.42,Tesla T4,0.25,4,0,21,True,1.0,False,False
B07YFFZRGR,smolvlm-500m,image_meta,"Concept 3 by Skechers is a stylish and comfortable loafer designed for men. The Igler style features a classic, yet stylish design with a light grey fabric that provides a comfortable and stylish look. The laces are a sturdy, yet comfortable option for a secure fit. The sole is made of durable rubber, ensuring durability and support. One practical benefit of this product is that it is a versatile footwear option, suitable for various occasions such as work, school, or casual outings.",5.33,Tesla T4,0.3333333333333333,3,2,82,True,1.0,False,True
B07YFFZRGR,smolvlm-500m,image_only,"""Skechers are a great choice for a casual day out. They're comfortable, stylish, and perfect for a night out on the town. One of the best things about Skechers is that they're made with high-quality materials. They're durable and long-lasting, and they're also very easy to care for. One of the best benefits of Skechers is that they're perfect for a night out on the town. They're comfortable, stylish, and perfect for a night out on the town. One of the best benefits of Skechers is that they're perfect for a night out on the town. They're comfortable, stylish, and perfect for a night out on the town. One of the best benefits of Skechers is",6.48,Tesla T4,0.3333333333333333,3,0,126,False,0.4912280701754385,False,False
B07V6N6F9Z,smolvlm-500m,image_meta,Wash me.,0.96,Tesla T4,0.0,4,0,2,False,0.0,False,False
B07V6N6F9Z,smolvlm-500m,image_only,Wash me.,0.93,Tesla T4,0.0,4,0,2,False,0.0,False,False
B076PYLZQX,smolvlm-500m,image_meta,This item is a 128-capacity CD/DVD wallet. It is black in color and has a handle for carrying. The wallet is made of a durable synthetic leather material for protection and comfort. It also has microfiber interior for easy cleaning and a hard PC case for protection.,3.47,Tesla T4,0.3333333333333333,3,0,49,False,1.0,True,False
B076PYLZQX,smolvlm-500m,image_only,This bag is black and has a handle. It's made of a smooth material. One practical benefit is that it's easy to carry.,1.79,Tesla T4,0.3333333333333333,3,0,25,True,1.0,False,False
B01NATWO42,smolvlm-500m,image_meta,"Slippers are a popular choice for casual wear. They are comfortable and stylish, and they come in a variety of colors. One practical benefit of wearing a red wagon boys' slipper is that it is a great choice for a child's first pair of shoes.",3.0,Tesla T4,0.6666666666666666,3,0,46,True,1.0,False,False
B01NATWO42,smolvlm-500m,image_only,"""This black leather shoes are suitable for school. It has a simple design and a comfortable fit. It's perfect for a casual day out or a quick walk.""",2.2,Tesla T4,0.3333333333333333,3,1,29,False,1.0,True,True
B0727RK4B8,smolvlm-500m,image_meta,"This set features a unique, handcrafted suta-ring and matching box. The suta-ring is crafted from a lightweight, polished metal, giving it a delicate and elegant appearance. The box is also made from the same metal, adding to its overall aesthetic appeal. The suta-ring is a perfect accessory for everyday wear, while the box can be used as a decorative piece or as a gift. The set is perfect for those who appreciate both the simplicity and elegance of handcrafted jewelry.",4.94,Tesla T4,0.25,4,1,83,False,0.9871794871794872,True,True
B0727RK4B8,smolvlm-500m,image_only,Jewelry. Key features: 1. Necklace 2. Earrings. Practical benefit: 1. Simple and elegant. 2. Reflects light.,2.15,Tesla T4,0.25,4,0,16,False,1.0,True,False
B001BQ8J2S,smolvlm-500m,image_meta,A pinzon capitola center glass dining table. This dining table is perfect for dining with family and friends. It has a square top with a glass center. The glass center is transparent and allows you to see the table's interior. The table is made of wood and has a dark brown finish.,3.14,Tesla T4,0.75,4,2,53,False,1.0,True,True
B001BQ8J2S,smolvlm-500m,image_only,A square table with a glass panel in the center.,1.36,Tesla T4,0.5,4,0,10,False,1.0,True,False
B00EQ5GHH0,smolvlm-500m,image_meta,"Pinzon Ultrasoft 300 Percale Cotton Fitted Sheet is a soft, plush, and comfortable mattress topper. It is perfect for those who love a soft, plush, and comfortable mattress topper. The fitted sheet is made from a soft, plush, and comfortable cotton fabric, which is perfect for those who love a soft, plush, and comfortable mattress topper. The fitted sheet is also hypoallergenic, so it is safe for people with allergies.",5.5,Tesla T4,0.75,4,0,70,False,0.6470588235294118,True,False
B00EQ5GHH0,smolvlm-500m,image_only,"A soft, plush mattress. It's perfect for a comfortable night's sleep. One practical benefit is that it's easy to put on and take off.",2.09,Tesla T4,0.25,4,0,27,True,1.0,False,False
B071GC11HX,smolvlm-500m,image_meta,This item is a great choice for a special occasion or a day out. The stiletto heel is perfect for a night out or a special event.,2.08,Tesla T4,0.0,3,0,27,False,1.0,True,False
B071GC11HX,smolvlm-500m,image_only,A pair of gold high heel sandals.  The ankle strap is adjustable.  The 3-inch heel is stiletto.  One practical benefit is that it's very comfortable to wear.,2.54,Tesla T4,0.3333333333333333,3,0,29,True,1.0,False,False
B07MNL95KM,smolvlm-500m,image_meta,"AmazonBasics - Set copripiumino per bambini, in microfibra, motivo: automobili- 135 x 200 cm + 80 x 80 cm. The product is a set of microfiber car pillows. The pillows are designed to be comfortable and soft, and they are perfect for keeping your baby warm and cozy. The pillows are made from microfiber, which is a durable and soft material. The pillows are also hypoallergenic, so they are safe for use on sensitive skin. The pillows are 135 x 200 cm and 80 x 80 cm in size.",6.39,Tesla T4,0.75,4,0,87,False,0.9310344827586208,True,False
B07MNL95KM,smolvlm-500m,image_only,"""This colorful pillowcase is perfect for a fun and cheerful bedtime routine. The design features a variety of bright, bold colors, including blue, green, orange, and white. The pillowcase is also lined with a soft, blue fabric for added comfort. One practical benefit of this pillowcase is that it can help to keep your baby's sleep schedule organized.",3.25,Tesla T4,0.25,4,4,59,True,1.0,False,True
B07WTN5BNF,smolvlm-500m,image_meta,"Flavia is a brand known for their stylish handbags. This particular handbag is black with a gold embossed logo on the front. The logo is rectangular and has a metallic finish. The bag is made of faux leather and features a braided design along the edges, adding a touch of elegance. The chain attached to the bag is gold and adds a luxurious touch. The bag is perfect for carrying small items such as a wallet, keys, or a phone. The braided design not only adds a stylish look but also provides a secure grip.",6.22,Tesla T4,1.0,4,1,95,False,0.978494623655914,True,True
B07WTN5BNF,smolvlm-500m,image_only,This clutch is black with a gold embossed logo. It has a long thin chain attached to it.,1.49,Tesla T4,0.25,4,1,18,False,1.0,True,True
B07W81PFCV,smolvlm-500m,image_meta,"AmazonBasics Wooden Jewelry/Watch Box with Glass Top - 2-Drawer, Black. This item is a great way to store jewelry and watches. It has a glass top so you can see what you have and what you're looking for. It also has two drawers, one for smaller items and one for larger items. This makes it easy to find what you need.",3.85,Tesla T4,1.0,3,0,63,False,1.0,True,False
B07W81PFCV,smolvlm-500m,image_only,This black jewelry organizer has compartments for all kinds of jewelry. It has a clear top so you can see what's inside. One drawer has a silver handle.,1.89,Tesla T4,0.6666666666666666,3,1,29,False,1.0,True,True
B0794VBBJK,smolvlm-500m,image_meta,This area rug is perfect for adding a touch of style to any room. Its chevron pattern is a great way to add a pop of color and make your space feel more inviting. One practical benefit of this rug is that it is easy to clean and maintain.,3.36,Tesla T4,0.3333333333333333,3,0,49,True,1.0,False,False
B0794VBBJK,smolvlm-500m,image_only,A light tan rug with a textured herringbone pattern. It's placed on a dark hardwood floor next to a chair.,1.9,Tesla T4,0.0,3,0,21,False,1.0,True,False
B076QFBFS5,smolvlm-500m,image_meta,"Solimo is a portable stove that is designed for camping and outdoor activities. It has a sturdy construction with a padded seat and a built-in warming element. The Solimo Voyager Rucksack is 43 liters in size and is made from durable polyester material. It features a padded seat for comfort and a warming element for easy warming. The Solimo Voyager Rucksack is lightweight and easy to carry, making it perfect for long hikes or camping trips.",4.13,Tesla T4,0.75,4,0,77,False,0.945945945945946,True,False
B076QFBFS5,smolvlm-500m,image_only,Solmo backpack. Solmo is a brand. Solmo is a brand of backpacks. Solmo is a brand of backpacks. Solmo is a brand of backpacks. Solmo is a brand of backpacks. Solmo is a brand of backpacks. Solmo is a brand of backpacks. Solmo is a brand of backpacks. Solmo is a brand of backpacks. Solmo is a brand of backpacks. Solmo is a brand of backpacks. Solmo is a brand of backpacks. Solmo is a brand of backpacks. Solmo is a brand of backpacks.,6.53,Tesla T4,0.25,4,0,84,False,0.1341463414634146,False,False
B07MXY3SFN,smolvlm-500m,image_meta,"The 206 Collective is a stylish women's shoe made from black wool. It has a comfortable sole and a snug fit. One practical benefit of this shoe is that it is easy to put on and take off, making it convenient for everyday use.",2.34,Tesla T4,0.6666666666666666,3,0,45,True,1.0,False,False
B07MXY3SFN,smolvlm-500m,image_only,"ASICS. 
Black. 
Lace-up. 
Soft.",1.16,Tesla T4,0.3333333333333333,3,0,5,False,1.0,True,False
B07FY38FW1,smolvlm-500m,image_meta,This item is a KITCHEN oil pourer. It is made of plastic and is white in color. The oil pourer is designed to hold a large amount of oil. It has a capacity of 700ml.,2.13,Tesla T4,0.75,4,0,35,False,1.0,True,False
B07FY38FW1,smolvlm-500m,image_only,This cup is clear and has a lid. It's easy to see what's inside.,0.97,Tesla T4,0.0,4,0,16,False,1.0,True,False
B01MTEI8M6,smolvlm-500m,image_meta,"The Fix is a stylish and comfortable slip-on loafer that features a French design with floral embroidery. The embroidering adds a touch of color and personality to the loafers, making them a great choice for a variety of occasions. One practical benefit of this product is that it is a slip-on loafer, which means it can be worn on any surface without the need for laces.",4.21,Tesla T4,0.3333333333333333,3,0,68,True,1.0,False,False
B01MTEI8M6,smolvlm-500m,image_only,A pair of slippers. The slippers are light brown. They have a floral design on the front. One practical benefit is that they are comfortable.,1.96,Tesla T4,0.3333333333333333,3,1,25,True,1.0,False,True
B07S6H4BK4,smolvlm-500m,image_meta,"These baking cups are perfect for storing and organizing baking ingredients. They are made from silicone, which is durable and easy to clean. The colors of the cups range from pink to purple, which makes them visually appealing. The cups are also reusable, so you can use them multiple times without having to throw them away.",3.61,Tesla T4,0.75,4,0,56,False,1.0,True,False
B07S6H4BK4,smolvlm-500m,image_only,Top of cupcakes with rainbow colored icing.,1.13,Tesla T4,0.25,4,0,7,False,1.0,True,False
B07KNL538Z,smolvlm-500m,image_meta,"UMI Essentials Set of 2 Curtains with Ruffle Tape is a great addition to any home. It's lightweight and easy to install, and it's perfect for adding a touch of style to your decor. The curtains are made from a durable, non-woven fabric that is easy to care for. They are also easy to install, and they come with a roll of tape that makes it easy to secure them to your window.",4.27,Tesla T4,0.5,4,0,76,False,0.971830985915493,True,False
B07KNL538Z,smolvlm-500m,image_only,A: 2 black curtain. 2 curtain are on a brown rod.,1.67,Tesla T4,0.0,4,2,11,False,1.0,True,True
B081Q7PN6G,smolvlm-500m,image_meta,AmazonBasics is a popular shopping cart option. The 40 inch handle height makes it easy to carry around.,1.68,Tesla T4,0.3333333333333333,3,0,18,False,1.0,True,False
B081Q7PN6G,smolvlm-500m,image_only,A subwoofer. Key features: black. Practical benefit: it's easy to clean.,1.55,Tesla T4,0.3333333333333333,3,0,12,False,1.0,True,False
B005T5ZSY4,smolvlm-500m,image_meta,"A Strathwood Redonda Hardwood Rocking Chair is a beautiful piece of furniture that is perfect for a casual day out or a cozy family gathering. The chair is made from high-quality wood, which is both durable and stylish. The backrest is made of a single piece of wood, which is then split into multiple slats to create a more natural look. The seat is made from a single piece of wood, which is then split into multiple slats to create a more natural look. The armrests are also made from a single piece of wood, which is then split into multiple slats to create a more natural look. The chair is perfect for anyone who wants a comfortable and stylish piece of furniture.",7.52,Tesla T4,0.75,4,0,124,False,0.6694214876033058,True,False
B005T5ZSY4,smolvlm-500m,image_only,"A product is a rocking chair. Key features: backrest, armrests, seat. Practical benefit: it's easy to move around.",2.03,Tesla T4,0.25,4,0,19,False,1.0,True,False
B07Y8XBG1C,smolvlm-500m,image_meta,"The AmazonBasics Gaming Office Chair is a high-quality, comfortable gaming chair designed for maximum comfort and performance. The white and black color scheme is a stark contrast to the black and white of the chair, making it easy to see the features of the product. The PU leather upholstery provides a soft and durable feel, while the white and black color scheme makes it easy to see the features of the product. The chair features a high back with adjustable headrests and lumbar support, making it ideal for gamers who need a comfortable and supportive backrest. The white and black color scheme also makes it easy to see the features of the product. The chair comes with a white wireless mouse and keyboard, as well as a wireless headset",5.98,Tesla T4,1.0,4,0,130,False,0.7952755905511811,True,False
B07Y8XBG1C,smolvlm-500m,image_only,"This ergonomic office chair is perfect for working from home or a conference room. It has a high back and adjustable armrests, so you can sit up straight and avoid slouching. The LED light underneath the armrests helps to keep your feet warm and comfortable, and the wireless mouse and keyboard allow you to use them from anywhere.",3.64,Tesla T4,0.25,4,0,58,False,1.0,True,False
B072MTSFQM,smolvlm-500m,image_meta,This tall black boot has a thick shaft and a stacked heel. It's perfect for a night out or a casual day out.,2.06,Tesla T4,0.0,3,1,24,False,1.0,True,True
B072MTSFQM,smolvlm-500m,image_only,Boots. Black. Heels. 18cm.,1.25,Tesla T4,0.0,3,1,4,False,1.0,True,True
B07QDS9J73,smolvlm-500m,image_meta,"This Shelly Sneaker is perfect for a casual day out or a night on the town. It features a simple, yet stylish design with a white canvas upper and a white rubber sole. The white color makes it stand out, while the rubber sole provides good traction and support. The Shelly Sneaker is also lightweight, making it easy to move around in.",3.29,Tesla T4,0.3333333333333333,3,1,62,False,0.9833333333333332,True,True
B07QDS9J73,smolvlm-500m,image_only,White sneakers. Lace-up shoes. Platform sole.,0.91,Tesla T4,0.6666666666666666,3,0,7,False,1.0,True,False
B07P5DRWSL,smolvlm-500m,image_meta,"Stone & Beam is a high-quality, soft, and durable fabric. It is perfect for making a statement piece or adding a touch of sophistication to any room. One practical benefit of Stone & Beam is that it is easy to care for. Simply wash it in cold water and it will be ready to wear.",3.32,Tesla T4,0.3333333333333333,3,0,54,True,0.9622641509433962,False,False
B07P5DRWSL,smolvlm-500m,image_only,This fabric is soft and comfortable. It's perfect for a cozy night out or a relaxing day at home. One practical benefit is that it's easy to clean and maintain.,2.61,Tesla T4,0.0,3,0,32,True,1.0,False,False
B0812C77RN,smolvlm-500m,image_meta,"Vinden is a classic sailing shoe. It's made of leather and features a flat sole. The design is simple and elegant, and it's perfect for a day out on the water. One practical benefit of Vinden is that it's very comfortable. The leather is soft and supple, and it won't chafe or burn your feet.",3.57,Tesla T4,0.0,3,1,59,True,1.0,False,True
B0812C77RN,smolvlm-500m,image_only,Loafers. Key features: Loafers are leather. Key feature: Loafers are casual. Practical benefit: Loafers are comfortable.,1.87,Tesla T4,0.0,3,1,16,False,1.0,True,True
B07WRJG268,smolvlm-500m,image_meta,"Flavia Women's Handbag (Camel) is a stylish, comfortable, and durable handbag that is perfect for everyday use. It features a sleek, modern design with a flat top and a long strap that can be adjusted to fit comfortably. The leather accents add a touch of luxury, while the faux leather material provides a durable and long-lasting finish. The handbag is also lightweight and easy to carry, making it perfect for a variety of occasions. One practical benefit of the Flavia handbag is that it is a great option for travelers who want a stylish and functional bag that can be carried easily.",5.93,Tesla T4,1.0,4,0,104,True,0.99,False,False
B07WRJG268,smolvlm-500m,image_only,"Leather and synthetic straps. Brown. 1.5"" waist strap. 2.5"" long. 1.5"" wide. 1.5"" long. 1.5"" wide. 1.5"" wide. 1.5"" wide. 1.5"" wide. 1.5"" wide. 1.5"" wide. 1.5"" wide. 1.5"" wide. 1.5"" wide. 1.5"" wide. 1.5"" wide. 1.5"" wide. 1.5"" wide. 1.5"" wide. 1.5"" wide. 1.5"" wide.",6.01,Tesla T4,0.25,4,1,66,False,0.3181818181818182,False,True
B07DJJ8TH1,smolvlm-500m,image_meta,"This white, low-top sneaker is perfect for everyday wear. The PU material is lightweight and durable, making it easy to slip on and off. The white color makes it stand out in any setting, and the low-top design provides a snug fit. One practical benefit of this sneaker is that it is easy to clean and maintain. The rubber sole is designed to be easy to clean, and the laces are easy to remove and replace.",4.37,Tesla T4,0.25,4,1,78,True,1.0,False,True
B07DJJ8TH1,smolvlm-500m,image_only,"""This white sneaker is perfect for a casual day out. It's made of smooth leather and features a simple, yet stylish design. One of its key features is the white, stretchy material that makes it comfortable to wear. Additionally, the sneaker has a rubber sole for added grip on the ground. One practical benefit of this sneaker is that it's easy to slip on and off, which is a great feature for everyday wear. Overall, this is a great choice for anyone looking for a stylish and comfortable pair of shoes.""",5.41,Tesla T4,0.5,4,2,93,True,0.9887640449438202,False,True
B07TM6JW3Y,smolvlm-500m,image_meta,"AmazonBasics is a USB 3.0 SATA Cruz V2 Fresh Foam hard drive. It is a compact, lightweight device designed for use with AmazonBasics products. The device is made of durable plastic and has a sleek, modern design. It is perfect for use with AmazonBasics products such as the AmazonBasics 3.0 SATA Cruz V2 Fresh Foam 3.5-inches. The device is lightweight and compact, making it easy to carry around. It is also lightweight and durable, making it easy to use. The device is made of durable plastic and has a sleek, modern design. It is perfect for use with AmazonBasics products such as the AmazonBasics 3.0 S",6.5,Tesla T4,1.0,3,1,111,False,0.6826923076923077,True,True
B07TM6JW3Y,smolvlm-500m,image_only,Amazon brand. Black. 2.0A. 1.2V. 1.2A. 1.2V. 1.2A. 1.2V. 1.2A. 1.2V. 1.2A. 1.2V. 1.2A. 1.2V. 1.2A. 1.2V. 1.2A. 1.2V. 1.2A. 1.2V. 1.2A. 1.2V. 1.2A. 1.2V. 1.2A. 1.2V.,7.25,Tesla T4,0.0,3,1,51,False,0.24,False,True
B082B9QJJN,smolvlm-500m,image_meta,"Amazon Basics - Tabla de Planchar (tamaño Completo, 4 Patas Plegables, Funda extraíble, Striped, 1

The product is a set of 4 white, striped, foldable, and portable ironing boards. The ironing boards are 4 patas long and 1.5 inches wide. The ironing boards are black and have a striped pattern. The ironing boards are foldable and have a stand that attaches to the ironing board. The stand attaches to the ironing board with two black metal legs. The ironing boards are 1.5 inches wide and 4 inches long. The ironing boards are 1.5 inches wide and",6.43,Tesla T4,0.6666666666666666,3,3,100,False,0.8404255319148937,True,True
B082B9QJJN,smolvlm-500m,image_only,An ironing board. It has three legs.,1.24,Tesla T4,0.0,3,0,7,False,1.0,True,False
B07WJ71B2N,smolvlm-500m,image_meta,"This item is a formal shoe suitable for formal occasions. It is made of a durable material, PU, which provides a smooth and comfortable feel. The shoes are designed for a classic and formal look, with a lace-up closure that allows for ease of on and off. The shoes have a polished finish, which gives them a polished look. The sole is made of rubber, which provides good traction and durability.",4.05,Tesla T4,0.25,4,1,72,False,0.9855072463768116,True,True
B07WJ71B2N,smolvlm-500m,image_only,A pair of shoes. They are made of leather and have a smooth texture. They are designed for formal occasions and are suitable for men. One practical benefit is that they are comfortable and stylish.,1.78,Tesla T4,0.25,4,1,35,True,1.0,False,True
B0847WY2WS,smolvlm-500m,image_meta,"Flavia is a well-known brand in the footwear industry. These beige ballet flats are perfect for a casual day out or a night on the town. The shoes are slip-on style, which means they can be worn on any surface without slipping. The shoes are also very comfortable, as they are made from a soft, breathable material that keeps the wearer cool and dry. One practical benefit of these shoes is that they are very durable, as they are made from a high-quality material that will last for years to come.",4.68,Tesla T4,1.0,3,0,94,True,0.9438202247191012,False,False
B0847WY2WS,smolvlm-500m,image_only,"Loafers. 
Loafers are a popular fashion item. 
They are light-colored and have a simple design. 
One practical benefit of loafers is that they are comfortable to wear.",2.9,Tesla T4,0.0,3,0,28,True,1.0,False,False
B00EQ5HKNU,smolvlm-500m,image_meta,"Pinzon by Amazon Ultrasoft Spannbetttuch, Perkal, 160 x 200 x 20 cm - Bijou Blau is a soft, plush, and comfortable fitted sheet. It is perfect for use in a bedroom, bathroom, or any other room where you need a comfortable and supportive mattress. The fitted sheet is made from a soft, plush material that is perfect for providing comfort and support. The sheet is also very lightweight, making it easy to move around and use in different settings.",5.01,Tesla T4,0.75,4,0,78,False,0.987012987012987,True,False
B00EQ5HKNU,smolvlm-500m,image_only,A bed sheet. Key features: blue. Practical benefit: soft.,1.24,Tesla T4,0.5,4,1,9,False,1.0,True,True
B00MHV01AY,smolvlm-500m,image_meta,"Pinzon Heather Jersey Fitted Sheet, Light Gri Eflatun, jarse, açık gri alacalı, 160x200x30 is a lightweight, comfortable, and durable fabric used for home beds and bathrooms. It is made from a high-quality, durable fabric that is perfect for providing a comfortable and secure sleeping surface. The jarse is made from a lightweight and breathable fabric that helps to keep the sleeper cool and dry, while also providing a snug fit that keeps the sleeper comfortable. The jarse is also lightweight and easy to care for, making it a great choice for busy parents or travelers.",7.09,Tesla T4,1.0,4,0,97,False,0.967741935483871,True,False
B00MHV01AY,smolvlm-500m,image_only,A flat gray blanket. The blanket is folded in a neat triangle shape. There is a small fold in the corner.,1.81,Tesla T4,0.0,4,1,21,False,1.0,True,True
B07JP6G4DZ,smolvlm-500m,image_meta,"The AmazonBasics by Marvel Spiderman Spidey Crawl Bed Sheet Set is a great option for a cozy and stylish bedroom. The sheet set features a pattern of Spiderman, a popular Marvel superhero, with his iconic red and white suit. The pattern is simple yet eye-catching, and it adds a touch of whimsy to any bedroom. The sheets are made from 100% polyester, which is durable and easy to care for. The sheets are also wrinkle-resistant, making them a great choice for a messy bedroom.

One practical benefit of the sheet set is that it is easy to clean. The sheets are machine-washable, and they can be dried on low heat. Additionally, the",6.81,Tesla T4,1.0,4,2,115,True,0.9636363636363636,False,True
B07JP6G4DZ,smolvlm-500m,image_only,Spider-Man bedding. Key features: Spider-Man. Practical benefit: Spider-Man is a popular character in the Marvel universe.,2.04,Tesla T4,0.25,4,0,19,False,1.0,True,False
B084W2S62H,smolvlm-500m,image_meta,"The chairs are made of high-quality Stone & Beam material and feature a classic design with a cushioned seat and back. The back of the chair is upholstered in a soft, durable fabric that provides a comfortable and secure seating experience. The legs of the chair are made of dark wood, which adds to the classic look and durability of the piece. The chairs are perfect for dining, entertaining, or any other setting where a comfortable and stylish dining setup is needed.",4.18,Tesla T4,0.6666666666666666,3,1,82,False,0.95,True,True
B084W2S62H,smolvlm-500m,image_only,Two chairs.,0.62,Tesla T4,0.3333333333333333,3,0,2,False,0.0,False,False
B075X65QYF,smolvlm-500m,image_meta,"The Stone & Beam Leila Tufted Chair is a stylish and comfortable piece of furniture. It features a tufted backrest with 10 buttons, which adds a touch of sophistication. The chair has a curved back and a cushioned seat, making it perfect for relaxing or entertaining guests. One practical benefit of this chair is its ability to provide a comfortable seating option in a variety of settings, from home to office.",3.97,Tesla T4,0.5,4,0,70,True,1.0,False,False
B075X65QYF,smolvlm-500m,image_only,"This piece of furniture is a modern armchair with a button-tufted backrest. It has a curved, slightly concave backrest and a cushioned seat. The armrests are slightly raised and extend outward. The armchair is upholstered in a soft, grey fabric and features wooden legs. It is a versatile piece of furniture that can be used for both sitting and reclining. One practical benefit of this armchair is its ability to provide a comfortable seating option for a family or group of friends.",5.95,Tesla T4,0.25,4,2,83,True,0.9875,False,True
B0746MR6Y8,smolvlm-500m,image_meta,Slippers are soft and warm.,0.67,Tesla T4,0.0,3,0,5,False,1.0,True,False
B0746MR6Y8,smolvlm-500m,image_only,Plaid slipper. Feathered lining. One button.,0.79,Tesla T4,0.3333333333333333,3,0,6,False,1.0,True,False
B07YDQRZKF,smolvlm-500m,image_meta,"WindTook is a lightweight, durable laptop backpack designed for women and men. It features a large main compartment for storing a laptop, a smaller front compartment for a laptop or a backpack, and adjustable shoulder straps for a comfortable carry. The backpack is made of durable canvas material and has a reinforced bottom for added strength. It also comes with a USB charging port, which allows users to charge their laptops wirelessly. The USB port is located on the front of the backpack, and it is connected to a USB-C charging cable. The charging cable is also included with the backpack.",5.52,Tesla T4,0.75,4,0,102,False,1.0,True,False
B07YDQRZKF,smolvlm-500m,image_only,This backpack is perfect for school or work. It has a built-in USB charging port. One practical benefit is that it can be used to charge a smartphone while traveling.,2.43,Tesla T4,0.0,4,0,31,True,1.0,False,False
B07XH45QV7,smolvlm-500m,image_meta,"This AmazonBasics Hybrid Mattress is a great option for those looking for a comfortable and durable mattress. The Memory Foam in this product provides a soft and supportive feel, while the CertiPUR-US material ensures that the mattress is free from harmful chemicals. The 8-inch size makes it a great option for those who need a mattress that is both comfortable and affordable.",3.71,Tesla T4,1.0,3,0,64,False,0.95,True,False
B07XH45QV7,smolvlm-500m,image_only,Mattress by Amazfit. Key features: Blue Stripe. Practical benefit: Better support for your back.,1.54,Tesla T4,0.0,3,1,14,False,1.0,True,True
B076VSCT2M,smolvlm-500m,image_meta,"AmazonBasics EPI-Added Dog Waste Bag with Dispenser and Leash Clip, Brazilian Mango Scent, 270 Count.",1.62,Tesla T4,0.6666666666666666,3,0,16,False,1.0,True,False
B076VSCT2M,smolvlm-500m,image_only,OZMOZAOZAOZAOZAOZAOZAOZAOZAOZAOZAOZAOZAOZAOZAOZAOZAOZAOZAOZAOZAOZAOZAOZAOZAOZAOZAOZAOZAOZAOZAOZAOZAOZAOZAOZAOZAOZAOZAOZAOZAOZAOZAOZAOZAOZAOZAOZAOZAOZAO,6.98,Tesla T4,0.0,3,0,1,False,0.0,False,False
B084GPJW8L,smolvlm-500m,image_meta,SHOES. Black synthetic material. Formal shoes. 9 UK (AZ-KY-358).,1.66,Tesla T4,0.75,4,0,11,False,1.0,True,False
B084GPJW8L,smolvlm-500m,image_only,A pair of black leather shoes. The shoes are simple in design and have a lace-up closure. One practical benefit of these shoes is that they are suitable for formal occasions.,1.84,Tesla T4,0.5,4,1,32,True,1.0,False,True
B07VX59RX1,smolvlm-500m,image_meta,"Eono Essentials 82L Collapsible Washing Laundry Basket Bag, Foldable Laundry Bag with Handles, Portable Washing Bin, Folding Clothes Bag for Dorm Travel Bathroom. The basket is grey and has a handle.",2.76,Tesla T4,0.6666666666666666,3,0,31,False,1.0,True,False
B07VX59RX1,smolvlm-500m,image_only,Laundry.,0.94,Tesla T4,0.0,3,0,1,False,0.0,False,False
B075X4PRVT,smolvlm-500m,image_meta,"Stone & Beam Marin Studded Chair, 33""W, Grey.",1.52,Tesla T4,0.75,4,0,8,False,1.0,True,False
B075X4PRVT,smolvlm-500m,image_only,A chair with a high back and rolled arms.,1.27,Tesla T4,0.25,4,0,9,False,1.0,True,False
B08GL14R5S,smolvlm-500m,image_meta,"Amazon Brand - Solimo 12-inch Wall Clock - Desginer (Silent Movement, Black Frame), SC-1007. This clock is a great addition to any home or office. It is a 12-inch wall clock with a black frame. The clock is made by the popular brand Solimo, which is known for its stylish and modern design. The clock has a simple and elegant design, and it is easy to set up and use. The clock is also very durable, and it can last for many years. One practical benefit of this clock is that it is a great way to add a touch of style to any room. It is also a great way to keep track of time, and it",6.26,Tesla T4,0.75,4,0,119,True,0.9396551724137931,False,False
B08GL14R5S,smolvlm-500m,image_only,"Soomo clock. 
Soundproof wall clock. 
10:10.",1.45,Tesla T4,0.0,4,0,7,False,1.0,True,False
B0845BS2C2,smolvlm-500m,image_meta,"Flavia is a well-known brand in the running shoes market. These shoes are designed for women and are perfect for a variety of activities. The shoes are lightweight and comfortable, making them ideal for running, walking, and other outdoor activities. One practical benefit of these shoes is that they are made from a breathable material, which keeps the wearer cool and dry.",4.39,Tesla T4,0.6666666666666666,3,0,63,True,1.0,False,False
B0845BS2C2,smolvlm-500m,image_only,"""This blue, light-colored, mesh-like, rubber-like shoe is perfect for summer. It has a smooth, flat sole and a rounded toe. The mesh is woven in a zig-zag pattern, which provides breathability and comfort. The shoe is also lightweight and easy to move around in. It's perfect for kids, adults, or anyone who needs a comfortable, stylish shoe for the summer.""",3.93,Tesla T4,0.3333333333333333,3,1,65,False,1.0,True,True
B07Y66B9BX,smolvlm-500m,image_meta,Stone & Beam lantern is a lantern made of stone and a beam. It has a rustic design and is made of a light-colored material. It has a rope-like handle for carrying. One practical benefit is that it is easy to move around and can be stored in a small space.,2.79,Tesla T4,0.6666666666666666,3,0,52,True,0.979591836734694,False,False
B07Y66B9BX,smolvlm-500m,image_only,A lantern with a rope around it.,1.0,Tesla T4,0.0,3,0,7,False,1.0,True,False
B0825DN9JL,smolvlm-500m,image_meta,This table lamp is a contemporary design with a curved glass base and a stone and beam finish. The lamp is 19.25 inches tall and features a white fabric lampshade. The lamp is made by Amazon Brand and is available in Stone & Beam. The lamp is a contemporary design with a curved glass base and a stone and beam finish. The lamp is 19.25 inches tall and features a white fabric lampshade. The lamp is made by Amazon Brand and is available in Stone & Beam. The lamp is a contemporary design with a curved glass base and a stone and beam finish. The lamp is 19.25 inches tall and features a white fabric lampshade. The lamp is made by,7.26,Tesla T4,0.75,4,1,122,False,0.361344537815126,False,True
B0825DN9JL,smolvlm-500m,image_only,Lamp.,0.78,Tesla T4,0.25,4,0,1,False,0.0,False,False
B003QP2ZCC,smolvlm-500m,image_meta,"Pinzón Hotel 100% Egipcio algodón satén Bandas Sham, Verde Manzana, Estándar is a pillow that is a shade of green.",1.95,Tesla T4,0.3333333333333333,3,1,24,False,1.0,True,True
B003QP2ZCC,smolvlm-500m,image_only,Green Pillow. Ruffled.,0.88,Tesla T4,0.0,3,1,3,False,0.0,False,True
B07K28QKBR,smolvlm-500m,image_meta,Slipcover Cream Swatch is a slipcover for stone and beam furniture. It is made from a slipcover material that is durable and easy to clean. The slipcover is slipcover-resistant and will not slip off the furniture. It is also slipcover-resistant to the point that it will not slip off the furniture. The slipcover is slipcover-resistant to the point that it will not slip off the furniture.,5.22,Tesla T4,1.0,3,0,69,False,0.734375,True,False
B07K28QKBR,smolvlm-500m,image_only,"This is a high-quality, durable, and long-lasting fabric. It is made from 100% recycled polyester and is perfect for making clothes, bedding, and other home furnishings. One practical benefit is that it is easy to clean and maintain, and it is also wrinkle-resistant.",2.98,Tesla T4,0.3333333333333333,3,1,46,True,1.0,False,True
B07HSBJ7J9,smolvlm-500m,image_meta,"Two chairs with a modern design, navy blue fabric, and wooden legs. They are perfect for a modern kitchen dining room.",1.49,Tesla T4,0.6666666666666666,3,1,21,False,1.0,True,True
B07HSBJ7J9,smolvlm-500m,image_only,Two chairs.,0.63,Tesla T4,0.3333333333333333,3,0,2,False,0.0,False,False
B08BP9Y1HF,smolvlm-500m,image_meta,Amazonbasics is a great place to start when learning about measuring cups. This glass measuring cup is perfect for measuring liquids in the kitchen or for measuring ingredients in baking.,1.93,Tesla T4,0.6666666666666666,3,0,30,False,1.0,True,False
B08BP9Y1HF,smolvlm-500m,image_only,Amazonbasics. Amazon is a great place to buy everyday essentials. One practical benefit is that it's easy to find what you need.,1.93,Tesla T4,0.3333333333333333,3,0,23,True,1.0,False,False
B00MPOB0JE,smolvlm-500m,image_meta,"The product is a light gray, cotton fitted sheet from Pinzon by Amazon. It is a double fitted sheet.",1.92,Tesla T4,0.5,4,0,19,False,1.0,True,False
B00MPOB0JE,smolvlm-500m,image_only,"A soft, smooth mattress.",0.95,Tesla T4,0.0,4,0,4,False,1.0,True,False
B07QKNN9RZ,smolvlm-500m,image_meta,"Amazon Essentials Shelly footwear, Bleu Marine, 9.5 M US is a navy blue, high-top sneaker designed for a sporty look. The sneaker features a white sole and navy blue laces. One practical benefit of this shoe is that it is a great choice for a casual day out or a night out on the town.",3.03,Tesla T4,0.6666666666666666,3,3,57,True,1.0,False,True
B07QKNN9RZ,smolvlm-500m,image_only,A pair of navy blue canvas shoes. Key features: no laces. Practical benefit: they're easy to put on and take off.,1.39,Tesla T4,0.3333333333333333,3,2,22,False,1.0,True,True
B07VSFKYLX,smolvlm-500m,image_meta,Sneakers are a type of footwear that provide comfort and style. One practical benefit of sneakers is that they are lightweight and easy to slip on and off.,1.81,Tesla T4,0.0,4,0,28,True,1.0,False,False
B07VSFKYLX,smolvlm-500m,image_only,Red wool shoe. Laces. Black sole.,0.97,Tesla T4,0.25,4,0,6,False,1.0,True,False
B07SSJML8Y,smolvlm-500m,image_meta,"The Drop Jordan, mule a punta con tacco a blocco, Nero, 12 (US) 43 (EU) is a stylish footwear item. It features a drop heel and a punta design, which gives it a unique and stylish look. The punta is a flat, flat toe that allows for a comfortable fit and a wide, flat toe area. The drop heel is a low heel that provides a snug fit and a comfortable grip. The item is available in black and white.",5.66,Tesla T4,0.6666666666666666,3,2,80,False,0.9871794871794872,True,True
B07SSJML8Y,smolvlm-500m,image_only,"This shoe is a wedge. It's a flat, black, leather heel. It's a wedge heel. It's a wedge heel. It's a wedge heel.",1.92,Tesla T4,0.3333333333333333,3,2,27,False,0.6666666666666666,True,True
B07XRGDKPX,smolvlm-500m,image_meta,"Flavia is a well-known brand in the fashion industry. This particular sandal is made from a lightweight, breathable material that provides comfort and style. The ankle strap is a popular feature of these sandals, allowing the wearer to adjust the fit to their preferences. The sandal is also designed with a flat sole, which is perfect for walking and standing. One practical benefit of this sandal is that it is easy to clean and maintain. The material is durable and resistant to stains, and the rubber sole is easy to clean. Overall, this is a stylish and practical choice for women looking for a comfortable and stylish footwear option.",5.38,Tesla T4,0.25,4,1,110,True,0.9906542056074766,False,True
B07XRGDKPX,smolvlm-500m,image_only,Sandals. This women's sandal is made of soft leather and features a thick sole for comfort. The strap is adjustable and can be worn on one foot or both feet. One practical benefit is that it is lightweight and easy to move around in.,3.08,Tesla T4,0.0,4,1,45,True,1.0,False,True
B07KRB8HJY,smolvlm-500m,image_meta,"The Ravenna Home linen swatch is a beautiful, soft fabric that is perfect for adding a touch of elegance to any room. The swatch is made from a high-quality, durable fabric that is resistant to stains and mildew. It is also hypoallergenic, so it won't irritate your skin. The swatch is available in a variety of colors, including beige, cream, and ivory. It is also available in a variety of sizes, so you can find the perfect swatch for your needs. The swatch is easy to care for, and it comes with a care guide that provides step-by-step instructions for cleaning and maintaining the fabric. The swatch is also machine washable, so you can enjoy a",6.56,Tesla T4,0.6666666666666666,3,3,120,False,0.9210526315789472,True,True
B07KRB8HJY,smolvlm-500m,image_only,"This fabric is a soft, durable, and easy-to-maintain fabric. It is perfect for use in a variety of home and garden projects. One practical benefit is that it is easy to clean and maintain.",2.5,Tesla T4,0.3333333333333333,3,0,36,True,1.0,False,False
B07YFGWMQ2,smolvlm-500m,image_meta,"Concept 3 by Skechers Beyond Fresh Zapatillas de Moda con Cordones para Mujer, Blanco/Plateado, 8 is a stylish and durable shoe designed for women. The shoe features a thick sole made of rubber, providing excellent traction and support. The laces are black and white, which adds a touch of sophistication to the overall design. The tongue of the shoe is black with white branding, and the inside of the shoe is lined with a soft, breathable fabric for comfort. The shoe is lightweight and easy to wear, making it perfect for a variety of activities, from casual outings to athletic events.",6.44,Tesla T4,0.6666666666666666,3,3,102,False,0.9696969696969696,True,True
B07YFGWMQ2,smolvlm-500m,image_only,"""White athletic shoes. Key features: rugged sole, grey stripes. Practical benefit: protection from the elements.""",1.51,Tesla T4,0.3333333333333333,3,2,15,False,1.0,True,True
B07NTTVKB5,smolvlm-500m,image_meta,Eono is a brand that makes portable electronic devices. The Eono Essentials Support Tablette is a stand that attaches to a tablet. It has a stand that is black and has a hole in the middle for the tablet to be placed in.,2.72,Tesla T4,0.6666666666666666,3,1,43,False,0.975609756097561,True,True
B07NTTVKB5,smolvlm-500m,image_only,ThinkPad.,0.85,Tesla T4,0.0,3,0,1,False,0.0,False,False
B07BMQXWX1,smolvlm-500m,image_meta,"This throw pillow is made from a soft, plush fabric that provides a comfortable and cozy feel. The Stone & Beam Farmhouse Buffalo Check pattern is a classic and timeless design that is perfect for any room. The buffalos are a warm, earthy color that adds a rustic touch to the pillow. The plaid pattern is a classic and timeless design that is sure to add a pop of color to any room. The pillow is made from high-quality, durable fabric that will last for years to come. The cushion is 20 inches wide and 20 inches deep, making it a perfect size for any room. The pillow is also available in a solid color option.",6.6,Tesla T4,0.6666666666666666,3,0,116,False,0.8771929824561403,True,False
B07BMQXWX1,smolvlm-500m,image_only,A plaid pillow.,0.93,Tesla T4,0.3333333333333333,3,0,3,False,0.0,False,False
B07WTN3XJ1,smolvlm-500m,image_meta,"Flavia women's clutch is a stylish accessory that combines a comfortable, durable feel with a stylish design. The black color of the clutch is a perfect match for any outfit, and the strap is made of sturdy leather, ensuring it won't come undone. The clutch is also lightweight, making it easy to carry around. One practical benefit of the clutch is that it can be used as a travel item, making it perfect for taking with you on your next trip.",3.93,Tesla T4,0.75,4,0,83,True,0.9493670886075948,False,False
B07WTN3XJ1,smolvlm-500m,image_only,"This black coin purse has a gold ring charm and a long thin strap. It has a large central gold circle and a smaller one on the right. It's made of smooth black leather and has a smooth, shiny finish. It's perfect for carrying small items like keys, coins, or a wallet. One practical benefit is that it's lightweight and easy to carry around.",4.34,Tesla T4,0.5,4,1,67,True,1.0,False,True
B07XKMKM98,smolvlm-500m,image_meta,"This foldable laundry organiser is made from a high-quality, durable fabric that is perfect for keeping clothes dry and wrinkle-free. It also has a foldable handle for easy storage and transport. The organiser is 58 cm tall and 59 cm wide, making it a perfect size for small living spaces.",3.73,Tesla T4,0.25,4,0,52,False,1.0,True,False
B07XKMKM98,smolvlm-500m,image_only,"A green box says ""renewed"". 59 cm is the length.",1.3,Tesla T4,0.0,4,1,10,False,1.0,True,True
B084GPTW1K,smolvlm-500m,image_meta,"Scoop toe, smooth toe, laces, flat sole, black.",1.13,Tesla T4,0.0,4,1,8,False,1.0,True,True
B084GPTW1K,smolvlm-500m,image_only,"""A pair of shoes. The shoes are made of leather and are designed for men. The shoes are simple in design and have a polished finish. The shoes are suitable for casual and formal occasions. One practical benefit of these shoes is that they are comfortable to wear and provide good support.",2.76,Tesla T4,0.25,4,1,52,True,0.96,False,True
B0812CRMT2,smolvlm-500m,image_meta,"Find. Mokassin Boots - Stivali da donna, Arancione (Arancione (Dark Orange).) is a shoe. The shoe is red. The shoe is made of suede. The sole of the shoe is white.",3.42,Tesla T4,0.6666666666666666,3,2,30,False,0.9310344827586208,True,True
B0812CRMT2,smolvlm-500m,image_only,"""This shoe is a classic Dalkie style. It's made of soft red suede and features a simple, yet elegant design. The sole is made of rubber and is very durable. One practical benefit of this shoe is that it's very comfortable to wear, as it's made from a soft, breathable fabric that keeps your feet cool and dry.",3.3,Tesla T4,0.0,3,2,61,True,1.0,False,True
B07QR3YYVD,smolvlm-500m,image_meta,"The AmazonBasics iPad Pro 2017 Smart Case Auto Wake/Sleep Cover is a navy blue, 12.9"" iPad case that comes with an auto wake/sleep feature.",2.25,Tesla T4,1.0,3,1,27,False,1.0,True,True
B07QR3YYVD,smolvlm-500m,image_only,Renewed.,0.85,Tesla T4,0.0,3,0,1,False,0.0,False,False
B07M9CM11L,smolvlm-500m,image_meta,"The AmazonBasics Clear Acrylic Ball Finial with 1"" Double Curtain Rod - 36-72"" is a great accessory for adding a touch of elegance to your home. The finial is made of clear acrylic, which is easy to install and will add a pop of color to your decor. The double curtain rod is also a great feature, as it will allow you to drape curtains over the finial in a variety of colors and styles.",5.51,Tesla T4,0.75,4,0,75,False,0.9863013698630136,True,False
B07M9CM11L,smolvlm-500m,image_only,2 round white glass knobs with silver metal caps. 1 long silver metal piece.,1.61,Tesla T4,0.0,4,4,14,False,1.0,True,True
B07YV667X7,smolvlm-500m,image_meta,"Find. Hi-Top Canvas Sneaker a Collo Alto, Blu (Washed Blue), 36 EU. This sneaker is a great option for everyday wear. It's lightweight and durable, making it perfect for running, jumping, or just enjoying a day out.",3.07,Tesla T4,0.6666666666666666,3,0,39,False,1.0,True,False
B07YV667X7,smolvlm-500m,image_only,A pair of light blue high top sneakers. Key features: no stitching. Practical benefit: they are comfortable and durable.,1.66,Tesla T4,0.3333333333333333,3,0,19,False,1.0,True,False
B07TNS38P7,smolvlm-500m,image_meta,"This black running shoe is made from a breathable mesh material, providing excellent ventilation and cushioning. The SYM-SS-040B model is designed for comfort and performance, with a rugged sole that offers excellent traction and support. The shoe features a snug fit for a snug fit, and the black color provides a contrast that makes the shoe stand out. The design is sporty and stylish, with a modern aesthetic that is both functional and fashionable.",5.17,Tesla T4,0.5,4,0,76,False,1.0,True,False
B07TNS38P7,smolvlm-500m,image_only,Adidas.  Black with blue and white.  Made of rubber.  Good grip.,1.2,Tesla T4,0.25,4,3,11,False,1.0,True,True
B07QSYXM6P,smolvlm-500m,image_meta,"The navy blue laptop cover is a perfect choice for those who want a stylish yet functional laptop. It is made from durable nylon and has a zippered front cover for easy access. The laptop cover also features a built-in carrying handle for portability, making it easy to transport. The navy blue color is a neutral and stylish choice that will complement any outfit.",3.66,Tesla T4,0.6666666666666666,3,1,65,False,0.9838709677419356,True,True
B07QSYXM6P,smolvlm-500m,image_only,Laptop bag. Blue. Long strap.,1.15,Tesla T4,0.0,3,1,5,False,1.0,True,True
B07YFH33TL,smolvlm-500m,image_meta,"Concept 3 by Skechers Men's Arizin Lace-up Sneaker,Black,10.5 Medium US.",1.8,Tesla T4,0.6666666666666666,3,0,15,False,1.0,True,False
B07YFH33TL,smolvlm-500m,image_only,Shoe. Black. 3.  Wears flat.  Practical benefit: Good grip on rough terrain.,1.96,Tesla T4,0.3333333333333333,3,0,12,False,1.0,True,False
B07NPT3P1W,smolvlm-500m,image_meta,"Amazon Essentials Women's May Loafer Flat, Tan, 7.5 B US is a stylish flat shoe suitable for casual wear. It has a flat sole and a comfortable fit. One practical benefit of this shoe is that it is lightweight and easy to move around in, making it perfect for everyday use.",2.91,Tesla T4,0.6666666666666666,3,0,53,True,1.0,False,False
B07NPT3P1W,smolvlm-500m,image_only,A pair of brown leather flats. They are small and flat. One practical benefit is that they are comfortable and easy to put on.,1.35,Tesla T4,0.0,3,2,24,True,1.0,False,True
B07N27ZPVJ,smolvlm-500m,image_meta,"Black suede Suede driver loafers from Amazon. These stylish loafers are perfect for a casual day out or a night on the town. They have a classic, classic style with a flat sole and a bow detail on the vamp.",2.26,Tesla T4,0.3333333333333333,3,0,40,False,1.0,True,False
B07N27ZPVJ,smolvlm-500m,image_only,"Black suede loafers. Key features: dark brown sole, dark brown laces, smooth, shiny finish. Practical benefit: comfortable and stylish for a night out.",2.0,Tesla T4,0.3333333333333333,3,1,23,False,1.0,True,True
B07KR64TBW,smolvlm-500m,image_meta,4 square throw pillows in a dark grey color. The pillows are square and have a soft texture. They are made from a Chenille fabric. The pillows are perfect for adding a touch of color and comfort to any room.,2.99,Tesla T4,0.5,4,0,40,False,0.9736842105263158,True,False
B07KR64TBW,smolvlm-500m,image_only,4 gray square pillows.,1.02,Tesla T4,0.0,4,1,4,False,1.0,True,True
B07TJ1DMQ6,smolvlm-500m,image_meta,"This find. Alto Loafers, Chocolate Brown) 10 UK is a stylish, comfortable, and stylish loafers. It is perfect for a night out or a day out. The loafers are made from high-quality suede leather, which is durable and will last for years. The loafers have a slip-on design, which means you can wear them without any problems. The loafers are also very comfortable, with a snug fit that will keep you warm in the cold weather. The loafers are perfect for a night out or a day out.",5.38,Tesla T4,0.6666666666666666,3,1,90,False,0.8953488372093024,True,True
B07TJ1DMQ6,smolvlm-500m,image_only,Loafers. Brown suede. Flats. Flats are comfortable and stylish. One practical benefit is that they are perfect for a night out on the town.,2.01,Tesla T4,0.3333333333333333,3,0,24,True,1.0,False,False
B07WH3VKGH,smolvlm-500m,image_meta,"SHOES - Amazon Brand - Symbol Men's D.Grey PU Formal Shoes - 8 UK (AZ-SY-424) This men's D.Grey PU Formal Shoes are made of synthetic material and are designed for formal occasions. They feature a smooth, polished finish and are perfect for a formal event. The shoes have a low-cut design, which allows them to be worn with a variety of outfits. They also have a decorative perforation on the toe, which adds a touch of sophistication.",5.26,Tesla T4,1.0,4,0,81,False,0.96,True,False
B07WH3VKGH,smolvlm-500m,image_only,Shoe.,0.48,Tesla T4,0.0,4,0,1,False,0.0,False,False
B07JKJKDLD,smolvlm-500m,image_meta,"The throw pillow is made from Stone & Beam Industrial Leather Detail. It measures 24 inches in length and 12 inches in width. The pillow is light beige in color and features two brown wooden strips on each side. The wooden strips are approximately 1 inch long and 1/2 inch wide. The pillow is lightweight and durable, making it suitable for both indoor and outdoor use. The leather detailing adds a rustic and elegant touch to the pillow, while the wooden strips provide a contrasting color and texture.",4.58,Tesla T4,1.0,3,2,88,False,0.9767441860465116,True,True
B07JKJKDLD,smolvlm-500m,image_only,"This throw pillow is perfect for adding a touch of rustic charm to any room. It features a simple, unadorned design with two horizontal brown stripes running down the center. The pillow is made from a soft, neutral-colored fabric that complements a variety of décor styles. The key features of this pillow include:
- **Material**: Linen
- **Color**: Tan
- **Design**: Two horizontal brown stripes
- **Purpose**: Decorative
- **Practical Benefit**: Provides a rustic, cozy look.",5.05,Tesla T4,0.6666666666666666,3,1,73,False,0.972972972972973,True,True
B07ZT9XVNH,smolvlm-500m,image_meta,This Umi. Essentials glassware is perfect for enjoying a refreshing drink on a hot day. The three layers of foam and the deep brown color of the base suggest that this is a premium beer. The 6-pint size is ideal for a large party or a gathering of friends.,3.23,Tesla T4,0.25,4,1,50,False,1.0,True,True
B07ZT9XVNH,smolvlm-500m,image_only,"6PC is a premium beer. The top layer is a creamy, tan color. The middle layer is a dark brown color.",1.78,Tesla T4,0.0,4,1,21,False,0.9473684210526316,True,True
B07CJJT5QX,smolvlm-500m,image_meta,"The AmazonBasics Fade Resistant Towel Set is a great choice for home and bathroom use. It is made from 100% microfiber, which is durable and easy to clean. The towel is also stain-resistant and can be used for a variety of tasks, including wiping down surfaces, cleaning dishes, and drying laundry.",3.27,Tesla T4,0.6666666666666666,3,0,52,False,1.0,True,False
B07CJJT5QX,smolvlm-500m,image_only,"A stack of folded, bright red microfiber towels.",1.13,Tesla T4,0.3333333333333333,3,0,8,False,1.0,True,False
B07VHNMRY8,smolvlm-500m,image_meta,"The Amazon brand Movian offers a versatile 2-door TV stand with a 1-shelf design. This piece boasts a warm, inviting color palette with a beige finish, complemented by the black metal legs that provide a modern, contemporary look. The 1-shelf design allows for ample storage space, making it perfect for a living room, dining area, or any room that requires a bit of storage. The white doors on the top and bottom of the TV stand offer a sleek, modern look, while the black metal legs add a touch of sophistication. The overall design is both functional and stylish, making it a great choice for any home.",7.18,Tesla T4,1.0,4,0,110,False,0.9809523809523808,True,False
B07VHNMRY8,smolvlm-500m,image_only,"A long, narrow wooden TV stand with two open doors and two shelves. It has black, metal legs. One door has a round knob in the center, while the other has a small round knob on the top.",2.4,Tesla T4,0.5,4,1,38,False,1.0,True,True
B07RSYFX4L,smolvlm-500m,image_meta,"This pair of brown leather Moccasins is perfect for a casual day out. The smooth, polished finish of the leather makes them look like they're made from real leather, and the laces are a nice touch. The flat toe and rounded heel provide a comfortable fit, and the rubber sole is sturdy and durable.",3.11,Tesla T4,0.3333333333333333,3,2,55,False,1.0,True,True
B07RSYFX4L,smolvlm-500m,image_only,"Leather shoes. Key features: flat, lace-up, rounded toe. Practical benefit: comfortable, durable.",1.85,Tesla T4,0.3333333333333333,3,1,13,False,1.0,True,True
B001E0V4HI,smolvlm-500m,image_meta,"A Pinzon Hemstitch 400-Thread-Count Egyptian Cotton Sateen Full/Queen Duvet Set is a great choice for a bedroom. The draped, textured fabric is perfect for adding a touch of sophistication to any room. The hemstitching adds a nice touch of elegance to the set.",3.59,Tesla T4,0.5,4,0,46,False,1.0,True,False
B001E0V4HI,smolvlm-500m,image_only,Bed. White. Cozy. Pillow.,1.1,Tesla T4,0.0,4,1,4,False,1.0,True,True
B083SDZRMC,smolvlm-500m,image_meta,"Amazon Essentials Honor Fashion-Sneakers, Gris, 9 Toddler is a great choice for a toddler. It's a versatile sneaker that can be dressed up or down. The Gris color is a great choice for a baby's first sneakers. The Honor brand is known for making high-quality sneakers.",3.22,Tesla T4,0.6666666666666666,3,0,50,False,0.9090909090909092,True,False
B083SDZRMC,smolvlm-500m,image_only,"""This shoe is a great choice for a child. It's comfortable and durable. One practical benefit is that it's easy to put on and take off.",1.93,Tesla T4,0.0,3,0,28,True,1.0,False,False
B07SKTX4F1,smolvlm-500m,image_meta,"Waterdrop is a water filter pitcher that is designed to be a long-lasting, 10-cup water filter pitcher. It is made from durable materials and is BPA free. The pitcher is also 5X more effective than a traditional jug at reducing lead, fluoride, and chlorine.",3.72,Tesla T4,0.3333333333333333,3,0,46,False,1.0,True,False
B07SKTX4F1,smolvlm-500m,image_only,This clear container is perfect for rinsing your dishes. The clear top allows you to see what you're rinsing. The blue top holds a blue liquid that helps to rinse the dishes.,2.29,Tesla T4,0.3333333333333333,3,0,33,False,1.0,True,False
B085FJV33J,smolvlm-500m,image_meta,"The Ravenna Home Viewridge Upholstered Rocking Recliner Chair with Swivel is a stylish and comfortable piece of furniture. It features a high back with a cushioned headrest and adjustable armrests, making it perfect for a relaxing day at home. The chair is also equipped with a swivel mechanism, allowing you to move it around easily. This makes it easy to move the chair to different parts of the room or to different locations. The chair is made from high-quality leather, which provides a soft and comfortable feel. It also features a modern design, which adds to its appeal. Overall, the Ravenna Home Viewridge Upholstered Rocking Recliner Chair with Swivel is a great",6.63,Tesla T4,0.6666666666666666,3,1,113,False,0.9,True,True
B085FJV33J,smolvlm-500m,image_only,"This recliner is perfect for a relaxing day at home. It's made of high-quality leather and features a contoured seat and back for added support. The recliner also has a footrest, so you can easily get in and out of the chair. One practical benefit is that it's easy to clean, as it has a non-slip base.",4.27,Tesla T4,0.6666666666666666,3,1,61,True,1.0,False,True
B075X4F5C3,smolvlm-500m,image_meta,"A modern, rustic Ottoman with a blackwood frame. It measures 27 inches wide, 17 inches deep, and 14 inches tall. The Ottoman is upholstered in a soft, fabric material and features a black wooden base with four brown legs. The Ottoman is perfect for adding a touch of style to any room, and its modern design makes it a great addition to any living space.",3.83,Tesla T4,0.25,4,3,65,False,0.984126984126984,True,True
B075X4F5C3,smolvlm-500m,image_only,A large ottoman with square top. It has four short brown legs.,1.39,Tesla T4,0.0,4,1,12,False,1.0,True,True
B081T82W9Q,smolvlm-500m,image_meta,"Flavia is a well-known brand in the women's footwear market. The Ballet Flats are a popular choice for both casual and formal occasions. These shoes are perfect for those who want a comfortable and stylish pair of flats without the need for any additional accessories. The Ballet Flats are made from a soft, breathable fabric that keeps the wearer cool and dry during hot weather. The shoes are also designed with a snug fit, which provides maximum comfort and support. The Ballet Flats are a great choice for anyone who wants to stay comfortable and stylish while wearing shoes.",5.9,Tesla T4,0.6666666666666666,3,0,101,False,0.9381443298969072,True,False
B081T82W9Q,smolvlm-500m,image_only,A red flat shoe. It has a white interior. One practical benefit is that it is comfortable to wear.,1.24,Tesla T4,0.0,3,2,19,True,1.0,False,True
B07YV7KJMM,smolvlm-500m,image_meta,"Loafers are a classic fashion accessory that can add a touch of sophistication to any outfit. The find. Women's Soft Leather Loafer, Pink (Winsome Orchid), 8 UK is a perfect choice for a casual day out or a night on the town. Its soft leather material provides a comfortable and durable surface, while the lace-up design adds a touch of elegance. The find. Women's Soft Leather Loafer, Pink (Winsome Orchid), 8 UK is perfect for a casual day out or a night on the town.",5.39,Tesla T4,0.6666666666666666,3,0,88,False,0.7590361445783133,True,False
B07YV7KJMM,smolvlm-500m,image_only,Loafers. Suede. Lovely.,0.75,Tesla T4,0.0,3,0,3,False,0.0,False,False
B084TBHLMR,smolvlm-500m,image_meta,"The Fusefit Women's Isabella Lt Grey Running Shoes are a stylish and comfortable option for everyday wear. They feature a sleek, modern design with a breathable mesh upper that allows for maximum comfort and movement. The shoes have a rubber sole for added durability and support. The Isabella Lt Grey is a versatile shoe that can be dressed up or down, making it perfect for a variety of occasions.",4.26,Tesla T4,1.0,3,1,70,False,0.9850746268656716,True,True
B084TBHLMR,smolvlm-500m,image_only,"""This gray, mesh, slip-on shoe has a white sole. It's comfortable and stylish. One practical benefit is that it's easy to slip on and off.",1.97,Tesla T4,0.0,3,2,28,True,1.0,False,True
B07KRZRNV3,smolvlm-500m,image_meta,"UMI. Essentials 2 Pièces Housse de Coussin Maison Chambre Décoration Taie d'oreiller Canapé 40x40cm Bleu is a stylish and cozy set of two pieces of Housse de Coussin Maison Chambre Décoration Taie d'oreiller Canapé. The set is perfect for a modern and elegant living room or dining area. The Housse de Coussin Maison Chambre Décoration Taie d'oreiller Canapé is made from high-quality materials and features a soft, plush texture that will provide comfort and warmth. The set also includes a matching shawl, which",6.53,Tesla T4,0.6666666666666666,3,0,91,False,0.8395061728395061,True,False
B07KRZRNV3,smolvlm-500m,image_only,Umi. 2020. 100% Cotton. 100% Polyester. 100% Cotton. 100% Polyester. 100% Cotton. 100% Polyester. 100% Cotton. 100% Polyester. 100% Cotton. 100% Polyester. 100% Cotton. 100% Polyester. 100% Cotton. 100% Polyester. 100% Cotton. 100% Polyester. 100% Cotton. 100% Polyester. 100% Cotton,7.79,Tesla T4,0.3333333333333333,3,2,40,False,0.1842105263157894,False,True
B089QK71LM,smolvlm-500m,image_meta,"Eono is a portable sleeping pod that can be used for both sleeping and traveling. It is lightweight and easy to set up, making it perfect for camping, traveling, or even sleeping in your car.",2.34,Tesla T4,0.3333333333333333,3,0,35,False,1.0,True,False
B089QK71LM,smolvlm-500m,image_only,"This inflatable beach chair is perfect for relaxing on a sunny day. It's comfortable and easy to set up, and it can be adjusted to fit any size. One practical benefit is that it's lightweight and easy to carry around.",2.47,Tesla T4,0.0,3,0,42,True,0.9736842105263158,False,False
B07QF9Y24J,smolvlm-500m,image_meta,"Stone & Beam Mid-Century Swivel Chair, 23.6""W, Beige. This chair is made of high-quality materials and features a classic design. It is perfect for a home office or living room. The chair has a high back and a wide seat, which provides ample support for your back and neck. The swivel mechanism allows you to move the chair around easily, making it easy to get to your desk or chair. The chair is also made of high-quality materials, which will last for years to come.",5.85,Tesla T4,0.6666666666666666,3,0,89,False,0.9879518072289156,True,False
B07QF9Y24J,smolvlm-500m,image_only,Chair.,0.82,Tesla T4,0.3333333333333333,3,0,1,False,0.0,False,False
B07VP48FB2,smolvlm-500m,image_meta,"The item is a formal shoe, specifically a men's shoe, and is available in the brand's logo, Amazon Brand, and color, M.GREY. The shoe is grey in color and made of synthetic material. It has a lace-up design with black laces, and a white sole. The sole is made of rubber and has a slight tread pattern for added grip. The shoe is designed to provide a comfortable and stylish fit, suitable for various occasions such as formal events, work, or casual outings.",4.34,Tesla T4,0.75,4,3,87,False,0.9876543209876544,True,True
B07VP48FB2,smolvlm-500m,image_only,A grey leather or suede blazer with a white sole.,1.0,Tesla T4,0.25,4,2,10,False,1.0,True,True
B08FHKLHGJ,smolvlm-500m,image_meta,"This UMI. Seide Bettwäsche-Set 2 teilig Bettbezug 135x200cm Kissenbezug 80x80cm, Hypoallergen 19 Momme Maulbeerseide Bettwäsche Rot is a stylish and comfortable bed set. It features a high-quality, hypoallergenic bedspread that is perfect for a comfortable night's sleep. The bedspread is made from a soft, warm fabric that will keep you warm and cozy during the night. The headboard is made from a high-quality, metal frame that provides a sleek and modern look. The footboard is also made from a high-quality",7.42,Tesla T4,0.6666666666666666,3,1,87,False,0.9615384615384616,True,True
B08FHKLHGJ,smolvlm-500m,image_only,Bed. Red. Bedding. Red. Bed.,1.14,Tesla T4,0.0,3,1,5,False,1.0,True,True
B076BSFTTX,smolvlm-500m,image_meta,"This reversible comforter is perfect for your home or bathroom. It's made from a soft, breathable fabric that keeps you cool and comfortable. The deep purple color is perfect for a warm night, while the ocean blue color is great for a refreshing morning. The comforter is also reversible, so you can easily change the color if you'd like.",3.37,Tesla T4,0.5,4,0,61,False,0.9824561403508772,True,False
B076BSFTTX,smolvlm-500m,image_only,"A purple, blue, and teal sleeping bag. The purple is the main body of the bag, and the blue is the top edge. One practical benefit is that it is easy to roll up.",2.45,Tesla T4,0.5,4,0,34,True,1.0,False,False
B0028N6SXU,smolvlm-500m,image_meta,Pinzon is a brand of printed duvet covers. The Citrus duvet cover is printed with a colorful floral pattern. One practical benefit of this product is that it is easy to clean and maintain.,2.82,Tesla T4,0.5,4,0,34,True,1.0,False,False
B0028N6SXU,smolvlm-500m,image_only,Bedroom Collection: Pink and Green Floral Quilt Bedding. Key features: Pink and Green Floral Quilt Bedding. Practical benefit: Pink and Green Floral Quilt Bedding is a great choice for a bedroom.,2.47,Tesla T4,0.0,4,2,31,False,0.7586206896551724,True,True
B07NYSJH2F,smolvlm-500m,image_meta,"This Ravenna Home Classic Plank-Top End Table is a great option for adding a touch of style to your home. The table is made from high-quality white wood and features a sleek, modern design. The end table is 18 inches wide and 18 inches tall, making it perfect for a small living space or a cozy corner of the home. The table has a simple, yet elegant design with a single drawer and a single knob on the front of the drawer. The drawer is made from the same white wood as the table and has a simple, yet elegant design. The table is also foldable, making it easy to store when not in use.

One practical benefit of this table is that it is a",6.25,Tesla T4,1.0,3,0,128,True,0.9435483870967742,False,False
B07NYSJH2F,smolvlm-500m,image_only,A white side table with one drawer. Practical benefit: it's easy to move around.,1.4,Tesla T4,0.6666666666666666,3,0,15,False,1.0,True,False
B002HEXKFE,smolvlm-500m,image_meta,"This Pillowtop is made from 300-Thread Count Windowpane Cotton. It is overfilled with a soft, plush California King mattress pad. The pillowtop is lightweight and comfortable, and it is perfect for a cozy night's sleep.",2.84,Tesla T4,0.25,4,0,37,False,1.0,True,False
B002HEXKFE,smolvlm-500m,image_only,A white mattress with lots of quilts on it.,1.15,Tesla T4,0.25,4,0,9,False,1.0,True,False
B01KBEP6D0,smolvlm-500m,image_meta,"AmazonBasics Moving Boxes - Large, 15-Pack. This moving box is engineered wood and is perfect for moving.",1.76,Tesla T4,1.0,3,0,17,False,1.0,True,False
B01KBEP6D0,smolvlm-500m,image_only,Amazonbox.,0.83,Tesla T4,0.3333333333333333,3,0,1,False,0.0,False,False
B07RNMN4ZF,smolvlm-500m,image_meta,"This mirror is perfect for adding a touch of style to any room. It has a sleek, modern design with a silver frame, which makes it both durable and stylish. The mirror is also very large, making it perfect for adding a sense of luxury to any room. The mirror is also very easy to install, making it a great choice for both small and large spaces.",4.06,Tesla T4,0.3333333333333333,3,1,67,False,0.9076923076923076,True,True
B07RNMN4ZF,smolvlm-500m,image_only,Mirror.,0.87,Tesla T4,0.3333333333333333,3,0,1,False,0.0,False,False
B07WLY2ZQ3,smolvlm-500m,image_meta,"This AmazonBasics Colonne de chauffage portable oscillante is a convenient and stylish way to keep your home warm or cool. It features a sleek, modern design with a black and white color scheme. The Colonne de chauffage portable oscillante has two heating elements, one for each setting, which allows you to control the temperature with ease. The 2000 W power rating makes it a great choice for those who need a lot of heat or coolness. The Colonne de chauffage portable oscillante is also lightweight and portable, making it easy to move around the house.",5.66,Tesla T4,0.6666666666666666,3,1,95,False,0.913978494623656,True,True
B07WLY2ZQ3,smolvlm-500m,image_only,"A black and white fan. Key features: fan, stand. Practical benefit: keeps you cool.",1.48,Tesla T4,0.3333333333333333,3,1,14,False,1.0,True,True
B07ZQR2Z96,smolvlm-500m,image_meta,The KITCHEN product is a Stainless Steel 3-Piece Tope Set without Lid. This product is a great option for those who want a high-quality kitchen appliance without the need for a lid.,2.58,Tesla T4,0.5,4,0,34,False,0.9666666666666668,True,False
B07ZQR2Z96,smolvlm-500m,image_only,Renewed. This stainless steel garbage disposal is a great option for keeping your kitchen clean and fresh.,1.68,Tesla T4,0.5,4,0,17,False,1.0,True,False
B07SL5R49D,smolvlm-500m,image_meta,"AmazonBasics 2"" Round Ring Binder, Blue, View, 12-Pack.",1.25,Tesla T4,1.0,3,0,9,False,1.0,True,False
B07SL5R49D,smolvlm-500m,image_only,"A blue binder. Key features: solid, matte. Practical benefit: keeps documents organized.",1.19,Tesla T4,0.6666666666666666,3,0,12,False,1.0,True,False
B08299KY5N,smolvlm-500m,image_meta,"Sneakers are a type of footwear that are designed to provide comfort and style. They are typically made from a soft, breathable material that helps to keep the wearer cool and dry. The Bourge men's Magic-24 Black Sneakers are a popular choice for men's fashion. They are available in a variety of colors, including black, white, and brown. The shoes are also available in different sizes, so you can find the perfect fit. One of the most important features of these shoes is the laces. The laces are made from a strong, durable material that will help to keep the shoes secure. The shoes also have a rubber sole, which provides extra support and protection for the wearer's feet.",6.05,Tesla T4,1.0,3,3,123,False,0.9743589743589745,True,True
B08299KY5N,smolvlm-500m,image_only,"Black slip on shoes with white sole. Key features: no laces, no seams. Practical benefit: no laces means no trouble tying shoes.",1.93,Tesla T4,0.6666666666666666,3,1,22,False,1.0,True,True
B071NHXGFY,smolvlm-500m,image_meta,"This mirror is perfect for displaying your home decor. It has a round shape and a silver frame, making it both stylish and durable. The mirror is 30 inches in height and 10 inches in width, making it a great addition to any room.",3.18,Tesla T4,0.5,4,0,44,False,1.0,True,False
B071NHXGFY,smolvlm-500m,image_only,A mirror.,0.84,Tesla T4,0.0,4,0,2,False,0.0,False,False
B08BM2DN17,smolvlm-500m,image_meta,"This AmazonBasics Square Metal Umbrella Stand with Hook and Drip Tray, Rain Cutout Design is a great accessory for any home. It features a unique design with cut-out rain hearts, making it easy to see when it's time to refill the umbrella. The stand is also lightweight and durable, making it perfect for everyday use.",3.59,Tesla T4,0.6666666666666666,3,0,57,False,1.0,True,False
B08BM2DN17,smolvlm-500m,image_only,This woven basket is perfect for storing small items. It has a perforated design with raindrops and umbrellas cut into it. One practical benefit is that it adds a touch of whimsy to any room.,2.38,Tesla T4,0.0,3,0,35,True,1.0,False,False
B071K5ZLL7,smolvlm-500m,image_meta,"This Solimo Pop-up Toaster is a convenient and stylish kitchen appliance. It features a pop-up design that allows you to easily toast bread, toast leftovers, or even bake cookies. The toaster has a sleek, modern design with a white color. The pop-up feature is easy to use, and it can be set to toast bread, toast leftovers, or bake cookies. The toaster also has a built-in timer, so you can set a timer for your desired cooking time. The toaster is made of durable plastic, which will last for many years.",6.08,Tesla T4,1.0,4,0,95,False,0.9438202247191012,True,False
B071K5ZLL7,smolvlm-500m,image_only,Solingen is a brand of toaster. This one has a knob for the temperature. It's white and gray.,1.59,Tesla T4,0.5,4,1,19,False,1.0,True,True
B085FGXKG9,smolvlm-500m,image_meta,"The Amazon brand Ravenna Home push-back recliner living room chair is a perfect option for those looking for a comfortable and stylish piece of furniture. This recliner features a high back with a padded headrest, making it ideal for those who need a supportive backrest. The recliner also has a pull-out armrest, making it easy to adjust the height of the backrest for different positions. Additionally, the chair has a cushioned seat and back, providing a comfortable and relaxing experience for users. One practical benefit of this chair is its ability to provide a restful and relaxing environment for users, making it a great choice for those who enjoy lounging and relaxing.",6.4,Tesla T4,0.5,4,0,114,True,0.9818181818181818,False,False
B085FGXKG9,smolvlm-500m,image_only,"A large, light grey, plush recliner.",1.38,Tesla T4,0.25,4,0,6,False,1.0,True,False
B07D44LBM9,smolvlm-500m,image_meta,"This black leather slip-on shoe is perfect for a casual day out or a night on the town. The slip-on design makes it easy to put on and take off, and the lace-up closure is comfortable and secure. The black leather is durable and will last for years to come.",3.12,Tesla T4,0.3333333333333333,3,1,53,False,1.0,True,True
B07D44LBM9,smolvlm-500m,image_only,Loafers. Black. Lovely. Flats. Flats. Flats. Flats. Flats. Flats. Flats. Flats. Flats. Flats. Flats. Flats. Flats. Flats. Flats.,2.82,Tesla T4,0.3333333333333333,3,0,18,False,0.25,False,False
B06XGFCB2X,smolvlm-500m,image_meta,"The black leather brogues are a stylish and classic choice for men's footwear. They feature a unique embossed design on the toe box, adding a touch of sophistication to your look. The brogues are also made from high-quality leather, which is durable and comfortable to wear. They come in a variety of sizes, making them perfect for a variety of occasions.",3.3,Tesla T4,0.3333333333333333,3,0,63,False,0.9830508474576272,True,False
B06XGFCB2X,smolvlm-500m,image_only,A pair of black formal shoes. The shoes are made of leather and have a wingtip design. One practical benefit is that they are comfortable to wear.,1.85,Tesla T4,0.6666666666666666,3,0,27,True,1.0,False,False
B08D49Y55K,smolvlm-500m,image_meta,"The ELISE women's multi flip-flops are navy blue in color. They are made from a soft material and have a textured surface. The brand name ""ELISE"" is printed on the side of the flip-flops. The flip-flops are designed for comfort and ease of movement.",3.03,Tesla T4,0.6666666666666666,3,2,48,False,1.0,True,True
B08D49Y55K,smolvlm-500m,image_only,"Eloe. Flip flops. Blue. 
Key features: 
- Dark blue. 
- Placed flat on white background. 
- ""Eloe"" in white cursive font on the bottom of the right flip flop. 
- ""Eloe"" in white capital letters on the left flip flop. 
- 80 words.",3.76,Tesla T4,0.0,3,2,38,False,0.926829268292683,True,True
B07SZ8H42Y,smolvlm-500m,image_meta,"This UMI Brushed Cotton Blended Duvet Cover Set is a perfect addition to any home. The UMI brand is known for its high-quality, soft, and durable materials. The Duvet Cover Set is made from a soft, breathable fabric that keeps your bedding comfortable and clean. The Duvet Cover Set is also hypoallergenic, so it won't irritate your skin or cause allergic reactions. The Duvet Cover Set is easy to fold and unfold, making it convenient to store and transport. The Duvet Cover Set is also easy to clean, so you can keep your bedding in top shape.",6.68,Tesla T4,0.75,4,0,99,False,0.8736842105263158,True,False
B07SZ8H42Y,smolvlm-500m,image_only,Bed.,0.83,Tesla T4,0.0,4,0,1,False,0.0,False,False
B086BXNWFR,smolvlm-500m,image_meta,"A large, square Ottoman with a navy blue fabric top. It has four sturdy, brown legs and is perfect for adding a touch of modern style to any room. The Ottoman is a great option for adding a touch of color and style to a room, and it is also a great option for adding a bit of functionality to a room.",3.34,Tesla T4,0.6666666666666666,3,1,62,False,0.8833333333333333,True,True
B086BXNWFR,smolvlm-500m,image_only,A large blue cushion with four brown legs.,1.07,Tesla T4,0.3333333333333333,3,1,8,False,1.0,True,True
B07D4LK8Z9,smolvlm-500m,image_meta,AmazonBasics 8-Inch Tablet Sleeve (Black) is a CE-approved carrying case for tablets.,1.74,Tesla T4,1.0,3,0,14,False,1.0,True,False
B07D4LK8Z9,smolvlm-500m,image_only,Renewed.,0.83,Tesla T4,0.0,3,0,1,False,0.0,False,False
B06ZY6Q66G,smolvlm-500m,image_meta,"This AmazonBasics Food & Water Feeder is a convenient way to feed your dog. It has a large bowl that can hold up to 1 gallon of water, and it also has a built-in water dispenser. The water dispenser is easy to use, and it can be set to automatically fill the bowl with water when the dog drinks. The waterer is also easy to clean, and it can be stored in the freezer for up to 12 months.",5.1,Tesla T4,0.3333333333333333,3,0,79,False,0.974025974025974,True,False
B06ZY6Q66G,smolvlm-500m,image_only,Dog food. This bowl is for dogs.,1.09,Tesla T4,0.0,3,0,7,False,1.0,True,False
B07XGW5Y41,smolvlm-500m,image_meta,"Chadstone Men's Olive Green Loafers-10 UK (44 EU) (CH 145) is a men's loafers. They are made of genuine olive green leather and are designed for comfort and style. The loafers are slip-on style, suitable for casual and formal occasions. One practical benefit of these loafers is that they are lightweight and easy to move around in, making them perfect for outdoor activities or for a quick getaway.",4.85,Tesla T4,0.6666666666666666,3,1,72,True,1.0,False,True
B07XGW5Y41,smolvlm-500m,image_only,"""Shoelaces are a fashion accessory. This black leather loafer is perfect for a casual day out. Its soft lining keeps your feet warm in cold weather. It's also very comfortable to wear.",2.88,Tesla T4,0.0,3,2,33,False,1.0,True,True
B07QTHYQD7,smolvlm-500m,image_only_scaffold,"9 Pack. 10"" Square Storage Bags. 1000 sq. ft. of Storage Space. 9 Pack. 10"" Square Storage Bags. 1000 sq. ft. of Storage Space. 1000 sq. ft. of Storage Space. 1000 sq. ft. of Storage Space. 1000 sq. ft. of Storage Space. 1000 sq. ft. of Storage Space. 1000 sq. ft. of Storage Space. 1000 sq. ft. of Storage Space. 1000 sq. ft. of Storage Space. 1000 sq.",7.36,Tesla T4,0.25,4,0,68,False,0.2121212121212121,False,False
B07KYG85X8,smolvlm-500m,image_only_scaffold,"60-100 words

Product: White envelope

Two features:
1. Two features you can see in the image.
2. One practical benefit for the customer.",2.24,Tesla T4,0.3333333333333333,3,0,24,True,1.0,False,False
B07YFZWQG7,smolvlm-500m,image_only_scaffold,"60-100 words.
2. 	An ankle strap that goes around the ankle.
3.		Helmets can be worn on the ankle.",1.83,Tesla T4,0.0,3,0,20,True,1.0,False,False
B07F611M31,smolvlm-500m,image_only_scaffold,"Product: Glittery slip-on sneaker.
Features: No laces. No straps. No heel.
Benefit: Comfortable and stylish.",1.5,Tesla T4,0.0,4,0,16,True,1.0,False,False
B0896KVCJY,smolvlm-500m,image_only_scaffold,"1. A glass.
2. The glass is empty.
3. The glass has a round base.",1.47,Tesla T4,0.0,3,0,15,False,1.0,True,False
B07SK9MRTF,smolvlm-500m,image_only_scaffold,Chairs.,0.88,Tesla T4,0.25,4,0,1,False,0.0,False,False
B07HK65QM8,smolvlm-500m,image_only_scaffold,3 green dumbbells.,1.16,Tesla T4,0.0,4,1,3,False,0.0,False,True
B01N16EEHY,smolvlm-500m,image_only_scaffold,Blue slide sandal with silver studs. 1 practical benefit for the customer is that it is comfortable and stylish.,1.5,Tesla T4,0.5,4,1,19,False,1.0,True,True
B07PRQ57J6,smolvlm-500m,image_only_scaffold,Blue curtains.,0.89,Tesla T4,0.25,4,0,2,False,0.0,False,False
B082QL2WKF,smolvlm-500m,image_only_scaffold,Leather flat slipper with a pattern of brown spots.,0.9,Tesla T4,0.0,3,2,9,False,1.0,True,True
B07WL3YXZD,smolvlm-500m,image_only_scaffold,Clothespin.,0.92,Tesla T4,0.0,4,0,1,False,0.0,False,False
B08CKRTT15,smolvlm-500m,image_only_scaffold,"1. A pair of blue shoes.
2. The shoes have a white sole.
3. The shoes have a pattern on the upper part of the shoe.",1.75,Tesla T4,0.25,4,2,26,False,0.9166666666666666,True,True
B003JFJWT8,smolvlm-500m,image_only_scaffold,Towel. Two features in the image. One practical benefit for the customer.,1.09,Tesla T4,0.0,4,0,12,True,1.0,False,False
B01N6WEDO5,smolvlm-500m,image_only_scaffold,Black suede flat shoes. Two features: 1. 2.,0.96,Tesla T4,0.6666666666666666,3,0,8,True,1.0,False,False
B01N9X5U1W,smolvlm-500m,image_only_scaffold,"60-100 words.
Structure: 1. What the product is.
2. Two features you can see in the image.
3. One practical benefit for the customer.",3.42,Tesla T4,0.3333333333333333,3,0,25,True,1.0,False,False
B004C046TA,smolvlm-500m,image_only_scaffold,Wooden coffee table.,0.81,Tesla T4,0.5,4,1,3,False,0.0,False,True
B00EQ5FO3I,smolvlm-500m,image_only_scaffold,Light blue comforter. 2 pillows. 1 book under pillow. 1 plant. 1 lamp. 1 window.,1.95,Tesla T4,0.0,4,0,15,False,1.0,True,False
B07QGWMTDY,smolvlm-500m,image_only_scaffold,Table.,0.85,Tesla T4,0.25,4,0,1,False,0.0,False,False
B07XGTPDDF,smolvlm-500m,image_only_scaffold,"1. Black slip on shoes.
2. Sneakers.
3. Comfortable.
4. No heel.
5. No box.",1.93,Tesla T4,0.5,4,0,15,False,1.0,True,False
B081LC75N6,smolvlm-500m,image_only_scaffold,Laptop cover.,1.0,Tesla T4,0.3333333333333333,3,0,2,False,0.0,False,False
B07QBMQQ34,smolvlm-500m,image_only_scaffold,Coaster.,0.91,Tesla T4,0.0,4,0,1,False,0.0,False,False
B0748RH9L3,smolvlm-500m,image_only_scaffold,"1. A slipper.
2. The slipper is black.
3. The slipper has a button on the side.
4. The slipper has a pom-pom on the end.",2.25,Tesla T4,0.3333333333333333,3,0,27,False,0.9166666666666666,True,False
B08C2XWMD3,smolvlm-500m,image_only_scaffold,An open corner metal shelving unit.,1.23,Tesla T4,0.0,4,1,6,False,1.0,True,True
B001BXBILA,smolvlm-500m,image_only_scaffold,Blue clamp.,0.93,Tesla T4,0.25,4,0,2,False,0.0,False,False
B0824FH9GS,smolvlm-500m,image_only_scaffold,table lamp.,0.99,Tesla T4,0.25,4,0,2,False,0.0,False,False
B01FJECR34,smolvlm-500m,image_only_scaffold,"60-100 words.

Product: Oven Connector.

Features: 4-Way Connector.

Benefits: Connects to oven, 4-Way Connector.",2.83,Tesla T4,0.0,3,0,17,True,1.0,False,False
B072Y5MZQH,smolvlm-500m,image_only_scaffold,Office Chair.,0.67,Tesla T4,0.25,4,0,2,False,0.0,False,False
B071GFDGZ9,smolvlm-500m,image_only_scaffold,"Shoe. 
Two features: 
-Looks 
-Shiny. 
One practical benefit for the customer: 
-Looks good.",2.85,Tesla T4,0.0,3,0,13,True,1.0,False,False
B07VGPT5P8,smolvlm-500m,image_only_scaffold,SLEEVE.,0.72,Tesla T4,0.0,3,0,1,False,0.0,False,False
B075YLXVL5,smolvlm-500m,image_only_scaffold,Wood shelf.,0.93,Tesla T4,0.0,4,0,2,False,0.0,False,False
B07R79Y9TS,smolvlm-500m,image_only_scaffold,"""A dark blue suede boat shoe. The sole is made of wood.",1.21,Tesla T4,0.3333333333333333,3,1,12,False,1.0,True,True
B0793FCB7J,smolvlm-500m,image_only_scaffold,"Pink and orange shoes. 
Two features: 
- Velcro strap. 
- Orange laces. 
One practical benefit: 
- No laces.",2.17,Tesla T4,0.3333333333333333,3,2,15,True,1.0,False,True
B07PHRTPT5,smolvlm-500m,image_only_scaffold,"1. A product.
2. Two features you can see in the image.
3. One practical benefit for the customer.",1.44,Tesla T4,0.0,3,0,19,True,1.0,False,False
B074XXSSCV,smolvlm-500m,image_only_scaffold,Double Zipper Storage Bags.,0.61,Tesla T4,0.3333333333333333,3,0,4,False,1.0,True,False
B07QGW2CDS,smolvlm-500m,image_only_scaffold,"Shoe.
Two features you can see in the image.
One practical benefit for the customer.",1.26,Tesla T4,0.0,4,0,15,True,1.0,False,False
B07YFFZRGR,smolvlm-500m,image_only_scaffold,"Shoes.
Two features you can see in the image.
One practical benefit for the customer.",1.6,Tesla T4,0.3333333333333333,3,0,15,True,1.0,False,False
B07V6N6F9Z,smolvlm-500m,image_only_scaffold,"Two blue drawstring bags that say ""wash me"" with smiley faces.",1.51,Tesla T4,0.25,4,1,11,False,1.0,True,True
B076PYLZQX,smolvlm-500m,image_only_scaffold,60-100 words.,1.19,Tesla T4,0.0,3,0,3,True,0.0,False,False
B01NATWO42,smolvlm-500m,image_only_scaffold,Product: Black Leather Blinds. Two features: 1. 2. 3. 4. 5. 6. 7. 8. 9. 10. 11. 12. 13. 14. 15. 16. 17. 18. 19. 20. 21. 22. 23. 24. 25. 26. 27. 28. 29. 30. 31. 32. 33. 34. 35. 36. 37.,6.95,Tesla T4,0.0,3,1,43,True,1.0,False,True
B0727RK4B8,smolvlm-500m,image_only_scaffold,"Jewelry.
Two features you can see in the image.
One practical benefit for the customer.",1.74,Tesla T4,0.25,4,0,15,True,1.0,False,False
B001BQ8J2S,smolvlm-500m,image_only_scaffold,Square table with glass top.,0.95,Tesla T4,0.5,4,0,5,False,1.0,True,False
B00EQ5GHH0,smolvlm-500m,image_only_scaffold,Soft mattress.,0.9,Tesla T4,0.0,4,0,2,False,0.0,False,False
B071GC11HX,smolvlm-500m,image_only_scaffold,"60-100 words.
2. The product is a high heel sandal.
3. It has an ankle strap.",2.28,Tesla T4,0.0,3,0,17,True,1.0,False,False
B07MNL95KM,smolvlm-500m,image_only_scaffold,"60-100 words.

The product is a colorful pillow set. The pillow set includes three pieces: a large pillow and two smaller ones. The large pillow has a white background with a colorful pattern of circles and rectangles in various colors. The smaller pillows have a blue background with a pattern of circles and rectangles in various colors. The pillow set is designed to provide comfort and a sense of security for children.",4.54,Tesla T4,0.25,4,2,73,True,0.8714285714285714,False,True
B07WTN5BNF,smolvlm-500m,image_only_scaffold,"60-100 words

Product: Black handbag with gold embossed text.",1.52,Tesla T4,0.5,4,1,10,True,1.0,False,True
B07W81PFCV,smolvlm-500m,image_only_scaffold,Toothpaste dispenser.,0.95,Tesla T4,0.0,3,0,2,False,0.0,False,False
B0794VBBJK,smolvlm-500m,image_only_scaffold,In this image we can see a rug on the floor. On the right side we can see a chair.,1.57,Tesla T4,0.0,3,0,20,False,0.8888888888888888,True,False
B076QFBFS5,smolvlm-500m,image_only_scaffold,Solmo.,0.87,Tesla T4,0.0,4,0,1,False,0.0,False,False
B07MXY3SFN,smolvlm-500m,image_only_scaffold,"1. A pair of shoes.
2. The shoes are black.
3. The shoes have black laces.",1.97,Tesla T4,0.6666666666666666,3,0,16,False,1.0,True,False
B07FY38FW1,smolvlm-500m,image_only_scaffold,"60-100 words.

The product is a plastic bottle with a lid and a spout.",1.66,Tesla T4,0.25,4,0,15,True,1.0,False,False
B01MTEI8M6,smolvlm-500m,image_only_scaffold,A pair of slippers with a floral design.,0.78,Tesla T4,0.0,3,0,8,False,1.0,True,False
B07S6H4BK4,smolvlm-500m,image_only_scaffold,"60-100 words

In this image we can see cupcakes with different colors.",1.57,Tesla T4,0.25,4,0,13,True,1.0,False,False
B07KNL538Z,smolvlm-500m,image_only_scaffold,Two dark grey curtains.,0.97,Tesla T4,0.0,4,1,4,False,1.0,True,True
B081Q7PN6G,smolvlm-500m,image_only_scaffold,Subwoofer. 1. Sound quality. 2. Comfort. 3. Durability.,1.54,Tesla T4,0.0,3,0,8,False,1.0,True,False
B005T5ZSY4,smolvlm-500m,image_only_scaffold,Wooden rocking chair. 1. The chair has a backrest. 2. The chair has armrests. 3. The chair has a seat.,2.34,Tesla T4,0.5,4,1,20,False,0.8333333333333334,True,True
B07Y8XBG1C,smolvlm-500m,image_only_scaffold,"60-100 words.

In the image there is a black office chair with armrests. On the right side of the image there is a white box with white lights.",2.96,Tesla T4,0.5,4,0,29,True,0.8846153846153846,False,False
B072MTSFQM,smolvlm-500m,image_only_scaffold,"1. Leather boots.
2. 2. 2-inch heel.
3. 3. Comfortable.",1.87,Tesla T4,0.0,3,1,11,False,1.0,True,True
B07QDS9J73,smolvlm-500m,image_only_scaffold,"White sneakers. 
Laces. 
No heel.",0.95,Tesla T4,0.3333333333333333,3,0,5,False,1.0,True,False
B07P5DRWSL,smolvlm-500m,image_only_scaffold,Fabric. Two features. Two practical benefits.,1.09,Tesla T4,0.0,3,0,6,True,1.0,False,False
B0812C77RN,smolvlm-500m,image_only_scaffold,Loafers. Loafers have a smooth leather upper.,1.31,Tesla T4,0.0,3,1,7,False,1.0,True,True
B07WRJG268,smolvlm-500m,image_only_scaffold,"60-100 words.
1. A brown leather handbag.
2. Two handles.
3. One strap.
4. One tag.",1.82,Tesla T4,0.5,4,1,17,True,1.0,False,True
B07DJJ8TH1,smolvlm-500m,image_only_scaffold,"Product: White Sneakers
Two features: Laces
One practical benefit: Comfortable.",1.58,Tesla T4,0.25,4,0,10,True,1.0,False,False
B07TM6JW3Y,smolvlm-500m,image_only_scaffold,Amazon+bios.,0.82,Tesla T4,0.0,3,0,2,False,0.0,False,False
B082B9QJJN,smolvlm-500m,image_only_scaffold,Three black metal stands holding an ironing board.,1.41,Tesla T4,0.0,3,2,8,False,1.0,True,True
B07WJ71B2N,smolvlm-500m,image_only_scaffold,"Shoe.
Lace.
Shoe.",0.84,Tesla T4,0.0,4,0,3,False,0.0,False,False
B0847WY2WS,smolvlm-500m,image_only_scaffold,"Product: Loafers
Two features: 1. 2. 3.
One practical benefit: 4.",1.71,Tesla T4,0.0,3,0,11,True,1.0,False,False
B00EQ5HKNU,smolvlm-500m,image_only_scaffold,Blue fitted sheet.,0.9,Tesla T4,0.25,4,1,3,False,0.0,False,True
B00MHV01AY,smolvlm-500m,image_only_scaffold,"60-100 words.

The product is a flat, gray, square-shaped blanket. Two features are visible in the image: a small, neat fold in the middle and a white background.",2.35,Tesla T4,0.25,4,2,30,True,1.0,False,True
B07JP6G4DZ,smolvlm-500m,image_only_scaffold,"Spider-man themed bedding. 
Spider-man themed pillow covers.",1.37,Tesla T4,0.25,4,0,9,False,1.0,True,False
B084W2S62H,smolvlm-500m,image_only_scaffold,Two chairs.,0.62,Tesla T4,0.3333333333333333,3,0,2,False,0.0,False,False
B075X65QYF,smolvlm-500m,image_only_scaffold,Gray armchair.,0.99,Tesla T4,0.0,4,1,2,False,0.0,False,True
B0746MR6Y8,smolvlm-500m,image_only_scaffold,Plaid slipper. Wool lining.,0.75,Tesla T4,0.3333333333333333,3,0,4,False,1.0,True,False
B07YDQRZKF,smolvlm-500m,image_only_scaffold,Backpack. 2. Charging ability. 3. Traveling.,1.62,Tesla T4,0.0,4,0,6,False,1.0,True,False
B07XH45QV7,smolvlm-500m,image_only_scaffold,Mattress. Two features you can see in the image. Two practical benefits for the customer.,1.59,Tesla T4,0.0,3,0,15,True,1.0,False,False
B076VSCT2M,smolvlm-500m,image_only_scaffold,"1. The product is a cylindrical green item.
2. It is labeled ""ozama"".
3. It is a white and green item.",1.7,Tesla T4,0.0,3,2,21,False,1.0,True,True
B084GPJW8L,smolvlm-500m,image_only_scaffold,"1. Shoes.
2. Laces.
3. Comfortable.",1.14,Tesla T4,0.25,4,0,6,False,1.0,True,False
B07VX59RX1,smolvlm-500m,image_only_scaffold,Laundry.,0.89,Tesla T4,0.0,3,0,1,False,0.0,False,False
B075X4PRVT,smolvlm-500m,image_only_scaffold,A light grey armchair with a large cushion on top.,1.18,Tesla T4,0.25,4,0,10,False,1.0,True,False
B08GL14R5S,smolvlm-500m,image_only_scaffold,SOUMO.,0.9,Tesla T4,0.0,4,0,1,False,0.0,False,False
B0845BS2C2,smolvlm-500m,image_only_scaffold,"""Blue shoes. They are made of a soft material. They have a smooth texture. They are comfortable to wear. They are suitable for all ages. They are suitable for children. They are suitable for adults. They are suitable for sports. They are suitable for leisure. They are suitable for work. They are suitable for school. They are suitable for school. They are suitable for school. They are suitable for school. They are suitable for school. They are suitable for school. They are suitable for school. They are suitable for school. They are suitable for school. They are suitable for school. They are suitable for school. They are suitable for school. They are suitable for school. They are suitable for school. They are suitable for school",7.85,Tesla T4,0.6666666666666666,3,0,125,False,0.3577235772357723,False,False
B07Y66B9BX,smolvlm-500m,image_only_scaffold,Rope lantern.,0.95,Tesla T4,0.0,3,0,2,False,0.0,False,False
B0825DN9JL,smolvlm-500m,image_only_scaffold,CELEBRITY LAMP.,1.06,Tesla T4,0.25,4,0,2,False,0.0,False,False
B003QP2ZCC,smolvlm-500m,image_only_scaffold,"1. Green pillow.
2. Pillow with ruffle.
3. Ruffle can be seen on the pillow.",1.43,Tesla T4,0.0,3,1,15,False,1.0,True,True
B07K28QKBR,smolvlm-500m,image_only_scaffold,"Product: 60-100 words.
1. Product: 60-100 words.
2. Two features you can see in the image.
3. One practical benefit for the customer.",3.0,Tesla T4,0.0,3,0,25,True,0.9523809523809524,False,False
B07HSBJ7J9,smolvlm-500m,image_only_scaffold,2 chairs.,0.7,Tesla T4,0.3333333333333333,3,0,2,False,0.0,False,False
B08BP9Y1HF,smolvlm-500m,image_only_scaffold,Amazonbasics.,0.89,Tesla T4,0.3333333333333333,3,0,1,False,0.0,False,False
B00MPOB0JE,smolvlm-500m,image_only_scaffold,Soft mattress.,0.85,Tesla T4,0.0,4,0,2,False,0.0,False,False
B07QKNN9RZ,smolvlm-500m,image_only_scaffold,"1. Shoes.
2. Laces.
3. Comfortable.",1.01,Tesla T4,0.3333333333333333,3,0,6,False,1.0,True,False
B07VSFKYLX,smolvlm-500m,image_only_scaffold,Red wool shoe. Laces. Black sole.,0.91,Tesla T4,0.25,4,0,6,False,1.0,True,False
B07SSJML8Y,smolvlm-500m,image_only_scaffold,"1. Leather ankle boot.
2. 3-inch heel.
3. Comfortable.",1.31,Tesla T4,0.3333333333333333,3,1,10,False,1.0,True,True
B07XRGDKPX,smolvlm-500m,image_only_scaffold,5. Black and white sandals.,0.84,Tesla T4,0.25,4,1,5,False,1.0,True,True
B07KRB8HJY,smolvlm-500m,image_only_scaffold,Product: Cotton Fabric. Two features: 1. 2000 count. 2. 100% Cotton. One practical benefit for the customer: 100% Cotton is soft and durable.,2.83,Tesla T4,0.0,3,1,23,True,1.0,False,True
B07YFGWMQ2,smolvlm-500m,image_only_scaffold,"""White athletic shoes with grey stripes. The brand is CG.""",1.42,Tesla T4,0.3333333333333333,3,2,10,False,1.0,True,True
B07NTTVKB5,smolvlm-500m,image_only_scaffold,Tablet.,0.87,Tesla T4,0.0,3,0,1,False,0.0,False,False
B07BMQXWX1,smolvlm-500m,image_only_scaffold,"1. Pillow
2. Gray and white plaid pattern
3. Soft and comfortable to hug",1.55,Tesla T4,0.3333333333333333,3,2,14,False,1.0,True,True
B07WTN3XJ1,smolvlm-500m,image_only_scaffold,"60-100 words
1. A black, smooth, faux leather, coin purse.
2. Features a gold, circular, metallic, loop charm.
3. The purse has a long, thin strap.",2.3,Tesla T4,0.5,4,1,27,True,1.0,False,True
B07XKMKM98,smolvlm-500m,image_only_scaffold,"58 cm, renewed, two features you can see in the image.",1.35,Tesla T4,0.0,4,0,11,True,1.0,False,False
B084GPTW1K,smolvlm-500m,image_only_scaffold,Shoe. Two features in the image. Two practical benefits for the customer.,1.11,Tesla T4,0.0,4,0,12,True,1.0,False,False
B0812CRMT2,smolvlm-500m,image_only_scaffold,"Shoe. 
Two features: 
- Red. 
- Suede. 
- Lace. 
- Round sole.",2.19,Tesla T4,0.0,3,1,8,True,1.0,False,True
B07QR3YYVD,smolvlm-500m,image_only_scaffold,"1. A product that is blue.
2. The product has a smooth surface.
3. The product has a magnetic strip.",2.31,Tesla T4,0.0,3,1,20,False,0.8888888888888888,True,True
B07M9CM11L,smolvlm-500m,image_only_scaffold,2 white orb knobs with silver bolts.,1.21,Tesla T4,0.0,4,2,7,False,1.0,True,True
B07YV667X7,smolvlm-500m,image_only_scaffold,Blue high top sneakers. Laces. White bottom. White background.,1.35,Tesla T4,0.3333333333333333,3,1,9,False,1.0,True,True
B07TNS38P7,smolvlm-500m,image_only_scaffold,"1. Black sneakers.
2. Blue and white stripes.
3. Comfortable.",1.29,Tesla T4,0.25,4,2,10,False,1.0,True,True
B07QSYXM6P,smolvlm-500m,image_only_scaffold,"1. Laptop bag.
2. Long strap.
3. Can be worn over shoulder.",1.8,Tesla T4,0.0,3,0,12,False,1.0,True,False
B07YFH33TL,smolvlm-500m,image_only_scaffold,"""This athletic shoe is designed for sports activities. It features a breathable mesh upper for breathability. The sole is made of durable rubber for durability. The tongue is branded with the brand name 'adidas' for branding. The laces are black for easy on and off. The insole is padded for comfort. The outsole is made of durable rubber for durability. The shoe is lightweight and comfortable to wear. It is suitable for various sports activities.",5.17,Tesla T4,0.3333333333333333,3,1,75,False,0.9178082191780822,True,True
B07NPT3P1W,smolvlm-500m,image_only_scaffold,"1. Brown leather flat shoes.
2. They are small.
3. They have a flat heel.",1.39,Tesla T4,0.3333333333333333,3,2,15,False,1.0,True,True
B07N27ZPVJ,smolvlm-500m,image_only_scaffold,Black suede loafers. Two features you can see in the image. One practical benefit for the customer.,1.28,Tesla T4,0.3333333333333333,3,0,17,True,1.0,False,False
B07KR64TBW,smolvlm-500m,image_only_scaffold,4 gray square pillows.,0.96,Tesla T4,0.0,4,1,4,False,1.0,True,True
B07TJ1DMQ6,smolvlm-500m,image_only_scaffold,"Loafers. 
Two features you can see in the image. 
One practical benefit for the customer.",1.65,Tesla T4,0.0,3,0,15,True,1.0,False,False
B07WH3VKGH,smolvlm-500m,image_only_scaffold,"Shoe.
Laces.
Seat.",0.79,Tesla T4,0.0,4,0,3,False,0.0,False,False
B07JKJKDLD,smolvlm-500m,image_only_scaffold,Beige colored pillow with two brown stripes on it.,1.14,Tesla T4,0.6666666666666666,3,1,9,False,1.0,True,True
B07ZT9XVNH,smolvlm-500m,image_only_scaffold,6PC,0.88,Tesla T4,0.0,4,0,1,False,0.0,False,False
B07CJJT5QX,smolvlm-500m,image_only_scaffold,Two stacks of red microfiber towels.,1.15,Tesla T4,0.3333333333333333,3,0,6,False,1.0,True,False
B07VHNMRY8,smolvlm-500m,image_only_scaffold,Brown wooden TV stand with two open doors and two shelves.,1.44,Tesla T4,0.25,4,2,11,False,1.0,True,True
B07RSYFX4L,smolvlm-500m,image_only_scaffold,"Shoe. 
Two features: 
- Laces. 
- Leather. 
One practical benefit for the customer: 
- Comfort.",2.14,Tesla T4,0.0,3,1,12,True,1.0,False,True
B001E0V4HI,smolvlm-500m,image_only_scaffold,White bedding.,0.86,Tesla T4,0.0,4,1,2,False,0.0,False,True
B083SDZRMC,smolvlm-500m,image_only_scaffold,"""This is a pair of shoes. The shoes are grey in color. The shoes have two straps. The straps are black in color. The shoes have a white sole.",2.04,Tesla T4,0.3333333333333333,3,3,29,False,0.8888888888888888,True,True
B07SKTX4F1,smolvlm-500m,image_only_scaffold,"60-100 words.

The product is a clear container that can hold water. It has a blue and white design and a handle on the top. The container is transparent, allowing you to see the water inside. There is a filter at the top of the container, which can be used to filter out impurities. The container is also designed to hold water for a long time, so you can use it for a while without needing to refill it.",4.53,Tesla T4,0.3333333333333333,3,1,80,True,0.987012987012987,False,True
B085FJV33J,smolvlm-500m,image_only_scaffold,"**Product Description:**

**Beige Leather Chair:**
- **Color:** Light Brown
- **Material:** Leather
- **Design:** Reclining
- **Functionality:** Provides comfort and relaxation
- **Features:** 
- **Adjustable Seat:** Allows for different positions
- **Footrest:** Provides extra support
- **Control Panel:** Located on the right side
- **Power Cord:** Included

**White Background:**
- **Empty Space:** Ensures focus on the recliner
- **White Walls:** Allow for easy visibility of the product

**Text:**
- **""**Beige Leather Chair**""**
- **""**2 features you can",7.26,Tesla T4,0.6666666666666666,3,3,64,False,1.0,True,True
B075X4F5C3,smolvlm-500m,image_only_scaffold,One large ottoman with square top and four short brown legs.,1.25,Tesla T4,0.0,4,1,11,False,1.0,True,True
B081T82W9Q,smolvlm-500m,image_only_scaffold,"1. Red colored shoes.
2. The shoes are in red color.
3. The shoes are in red color.",1.33,Tesla T4,0.3333333333333333,3,1,18,False,0.75,True,True
B07YV7KJMM,smolvlm-500m,image_only_scaffold,"Loafers. 
Two features you can see in the image. 
One practical benefit for the customer.",1.23,Tesla T4,0.0,3,0,15,True,1.0,False,False
B084TBHLMR,smolvlm-500m,image_only_scaffold,"""A pair of gray mesh slip-on shoes with a white sole. They are comfortable and stylish. They are perfect for everyday wear.""",2.06,Tesla T4,0.3333333333333333,3,2,23,False,1.0,True,True
B07KRZRNV3,smolvlm-500m,image_only_scaffold,Two green pillows on grey couch. 1. The product is a green pillow. 2. The two features you can see in the image are a green pillow and a brown blanket. 3. One practical benefit for the customer is that the pillow is soft and comfortable.,3.08,Tesla T4,0.0,3,3,46,True,1.0,False,True
B089QK71LM,smolvlm-500m,image_only_scaffold,3. Airplane.,0.96,Tesla T4,0.0,3,0,2,False,0.0,False,False
B07QF9Y24J,smolvlm-500m,image_only_scaffold,Chair. 1. A chair. 2. It has a button-tufted backrest. 3. It has a wooden base with five casters.,2.29,Tesla T4,0.3333333333333333,3,1,20,False,0.9411764705882352,True,True
B07VP48FB2,smolvlm-500m,image_only_scaffold,"1. Grey suede shoes.
2. Laces.
3. Comfortable.",1.3,Tesla T4,0.5,4,0,8,False,1.0,True,False
B08FHKLHGJ,smolvlm-500m,image_only_scaffold,Red Bedding.,0.94,Tesla T4,0.0,3,1,2,False,0.0,False,True
B076BSFTTX,smolvlm-500m,image_only_scaffold,"1. The product is a sleeping mat.
2. The mat is purple and blue.
3. The purple part is thicker than the blue part.",2.04,Tesla T4,0.5,4,0,24,False,1.0,True,False
B0028N6SXU,smolvlm-500m,image_only_scaffold,Bedroom.,0.96,Tesla T4,0.0,4,0,1,False,0.0,False,False
B07NYSJH2F,smolvlm-500m,image_only_scaffold,White side table with one drawer.,0.87,Tesla T4,0.6666666666666666,3,0,6,False,1.0,True,False
B002HEXKFE,smolvlm-500m,image_only_scaffold,White mattress in a room with a window.,1.09,Tesla T4,0.25,4,0,8,False,1.0,True,False
B01KBEP6D0,smolvlm-500m,image_only_scaffold,A box with AmazonBrick written on the top.,1.19,Tesla T4,0.3333333333333333,3,0,8,False,1.0,True,False
B07RNMN4ZF,smolvlm-500m,image_only_scaffold,Mirror.,0.84,Tesla T4,0.3333333333333333,3,0,1,False,0.0,False,False
B07WLY2ZQ3,smolvlm-500m,image_only_scaffold,Fan.,0.84,Tesla T4,0.0,3,0,1,False,0.0,False,False
B07ZQR2Z96,smolvlm-500m,image_only_scaffold,Renewed.,0.88,Tesla T4,0.0,4,0,1,False,0.0,False,False
B07SL5R49D,smolvlm-500m,image_only_scaffold,Folder. Two features: 1. It is blue. 2. It has two small metal clasps.,1.43,Tesla T4,0.3333333333333333,3,1,14,True,1.0,False,True
B08299KY5N,smolvlm-500m,image_only_scaffold,Black suede slip on shoes with white sole.,0.87,Tesla T4,0.6666666666666666,3,1,8,False,1.0,True,True
B071NHXGFY,smolvlm-500m,image_only_scaffold,Mirror.,0.87,Tesla T4,0.0,4,0,1,False,0.0,False,False
B08BM2DN17,smolvlm-500m,image_only_scaffold,Lava Lava Lava Lava Lava Lava Lava Lava Lava Lava Lava Lava Lava Lava Lava Lava Lava Lava Lava Lava Lava Lava Lava Lava Lava Lava Lava Lava Lava Lava Lava Lava Lava Lava Lava Lava Lava Lava Lava Lava Lava Lava Lava Lava Lava Lava Lava Lava Lava Lava Lava Lava Lava Lava Lava Lava Lava Lava Lava Lava Lava Lava Lava Lava Lava Lava Lava Lava Lava Lava Lava Lava Lava Lava Lava,6.64,Tesla T4,0.0,3,0,75,False,0.0136986301369863,False,False
B071K5ZLL7,smolvlm-500m,image_only_scaffold,Toaster. 2 features you can see in the image. 1 practical benefit for the customer.,1.6,Tesla T4,0.0,4,0,15,True,1.0,False,False
B085FGXKG9,smolvlm-500m,image_only_scaffold,In this image we can see a sofa.,1.13,Tesla T4,0.0,4,0,8,False,1.0,True,False
B07D44LBM9,smolvlm-500m,image_only_scaffold,"Product: Black Loafers.
Two features: 1. Black color. 2. Lace-up design.
One practical benefit: 1. Comfort. 2. Style.",2.78,Tesla T4,0.3333333333333333,3,0,19,True,1.0,False,False
B06XGFCB2X,smolvlm-500m,image_only_scaffold,"1. Black shoes.
2. Laces.
3. Comfortable.",1.28,Tesla T4,0.6666666666666666,3,0,7,False,1.0,True,False
B08D49Y55K,smolvlm-500m,image_only_scaffold,Eloe flip flops.,1.11,Tesla T4,0.0,3,0,3,False,0.0,False,False
B07SZ8H42Y,smolvlm-500m,image_only_scaffold,3 white pillows stacked on top of each other.,1.19,Tesla T4,0.25,4,0,9,False,1.0,True,False
B086BXNWFR,smolvlm-500m,image_only_scaffold,"2. The blue fabric ottoman.
3. It has four legs.",1.45,Tesla T4,0.3333333333333333,3,0,10,False,1.0,True,False
B07D4LK8Z9,smolvlm-500m,image_only_scaffold,Renewed.,0.86,Tesla T4,0.0,3,0,1,False,0.0,False,False
B06ZY6Q66G,smolvlm-500m,image_only_scaffold,"60-100 words.
2. The product is a water filter.
3. The product is a dog bowl.",1.82,Tesla T4,0.0,3,0,17,True,0.8571428571428571,False,False
B07XGW5Y41,smolvlm-500m,image_only_scaffold,"Product: Black Loafers
Two features: 
- Black color
- Leather
One practical benefit for the customer: 
- Comfortable and stylish.",2.17,Tesla T4,0.0,3,2,17,True,1.0,False,True
B07QTHYQD7,qwen2vl-2b,image_meta,"Eono is a brand that specializes in eco-friendly products. One of their latest innovations is a set of reusable produce bags. These bags are made from a durable and biodegradable material that is perfect for storing and transporting fruits and vegetables. The bags come in a set of 9 pieces, each measuring 2 liters, 5 liters, and 2 square meters. The bags are made from a material that is both durable and biodegradable, making them a great option for those who want to reduce their impact on the environment. The bags are also easy to use and can be used for a variety of purposes, such as storing and transporting fruits and vegetables, laundry, and even cleaning supplies. The bags are also reusable, which means that",7.12,Tesla T4,0.5,4,0,127,False,0.9112903225806452,True,False
B07QTHYQD7,qwen2vl-2b,image_only,"This product is a set of 9 reusable produce bags, designed to help you store and transport fruits, vegetables, and other fresh produce without the use of plastic. The bags are made of durable, breathable mesh material, which allows air to circulate, keeping your produce fresh for longer. The drawstring closure ensures that the bags stay closed tightly, preventing leaks and keeping your produce fresh for longer. The bags are also machine washable, making them easy to clean and reuse. With their unique design and practical features, these bags are a great addition to any kitchen or pantry, helping you to reduce plastic waste and stay sustainable.",5.91,Tesla T4,0.25,4,1,107,False,0.9428571428571428,True,True
B07KYG85X8,qwen2vl-2b,image_meta,"The AmazonBasics Premium Microfiber Pillowcase is a versatile and comfortable addition to any bedroom. This set of 2 pillowcases is made of high-quality microfiber, which is known for its softness and durability. The bright white color of these pillowcases makes them perfect for any bedroom decor, and the 40 x 80 cm size ensures that they will fit most standard pillows.
One of the key features of these pillowcases is their ability to provide excellent support for your head and neck. The microfiber material is hypoallergenic, which means that it won't cause allergic reactions or irritate sensitive skin. Additionally, the pillowcases are machine washable, which makes them easy to maintain and keep clean.
Overall, the",6.71,Tesla T4,1.0,3,0,117,False,0.991150442477876,True,False
B07KYG85X8,qwen2vl-2b,image_only,"This product is a high-quality, white, 8.5 x 11-inch paper that is perfect for a variety of uses. It's made from high-quality, acid-free paper that is designed to withstand the rigors of everyday use. The paper is also tear-resistant, making it ideal for documents, reports, and presentations. Its smooth texture ensures that text and images are clear and easy to read, and its thick weight provides durability and longevity. This paper is a must-have for anyone who needs a high-quality, affordable option for their office or home use.",4.79,Tesla T4,0.6666666666666666,3,0,97,False,0.9883720930232558,True,False
B07YFZWQG7,qwen2vl-2b,image_meta,"This sandal is a perfect choice for those who want a stylish and comfortable shoe. The key features of this sandal include its mid-heel design, which provides a bit of height and support, and its strap, which adds a touch of elegance and comfort. The beige color of the sandal is a classic choice that can go with a variety of outfits. The material of the sandal is a soft and breathable fabric, which makes it perfect for warm weather. The ankle strap is adjustable, so you can choose the perfect fit for your feet. Overall, this sandal is a great choice for anyone looking for a stylish and comfortable shoe.",6.4,Tesla T4,0.3333333333333333,3,0,112,False,0.9174311926605504,True,False
B07YFZWQG7,qwen2vl-2b,image_only,"This elegant sandal is a must-have for any wardrobe. It features a sleek, ankle-strap design that adds a touch of sophistication to any outfit. The soft, patent leather material gives it a luxurious feel, while the low heel ensures comfort and ease of wear. The adjustable ankle strap allows for a perfect fit, and the subtle heel height adds a touch of height without being overly noticeable. Whether you're heading out for a night out or just need a stylish addition to your everyday look, this sandal is a must-have.",4.61,Tesla T4,0.0,3,1,94,False,0.9659090909090908,True,True
B07F611M31,qwen2vl-2b,image_meta,"The Amazon Brand - Symbol Men's Grey Canvas Sneaker is a stylish and comfortable choice for your daily wear. This slip-on shoe features a breathable canvas upper that provides a soft and lightweight feel. The grey color adds a classic touch to any outfit, while the slip-on design ensures ease of wear and movement. The sneaker is designed with a low profile and a low-cut, which makes it suitable for casual wear. The rubber sole offers good traction and durability, making it a reliable choice for everyday use. The Amazon Brand - Symbol Men's Grey Canvas Sneaker is a versatile and comfortable option for your wardrobe.",5.88,Tesla T4,0.75,4,1,109,False,0.9134615384615384,True,True
B07F611M31,qwen2vl-2b,image_only,"This product is a stylish slip-on sneaker designed for comfort and style. The key visible feature is the textured upper, which adds a unique and eye-catching design element. The sneaker is made from a breathable fabric that allows for easy movement and ventilation, making it perfect for everyday wear. The slip-on design ensures a seamless fit, and the low-top style provides a relaxed look. The sneaker is also available in a variety of colors, making it a versatile addition to any wardrobe. The key benefit of this product is its comfort and style, making it a great choice for both casual and formal occasions.",5.58,Tesla T4,0.0,4,0,108,False,0.9705882352941176,True,False
B0896KVCJY,qwen2vl-2b,image_meta,"This AmazonBasel Eastbay Coolers Glass Drinkware Set is a great choice for those who enjoy refreshing beverages. The set includes 6 glasses, each measuring 15 ounces. The glasses are made of durable and transparent plastic, which ensures that they are easy to clean and maintain. The design of the glasses is sleek and modern, making them a stylish addition to any kitchen or dining area. The set also includes a built-in ice cube tray, which helps to keep drinks cold for longer. Overall, this set is a great value for those who want to enjoy their drinks in style and comfort.",5.23,Tesla T4,0.0,3,1,102,False,0.9696969696969696,True,True
B0896KVCJY,qwen2vl-2b,image_only,"This product is a highball glass, which is a type of drinking glass designed for serving cocktails and other alcoholic beverages. The key visible features of this glass include its clear, transparent design, which allows for easy viewing of the contents. The glass is also tall and slender, making it suitable for serving cocktails that require a tall glass, such as a martini or a highball. The base of the glass is wide, providing a stable base for the drink to sit on, and the rim is slightly curved, which helps to prevent spills and makes it easier to pour the drink. The glass is made of durable material, which ensures that it can withstand the rigors of regular use. The key benefit of this product is its ability to serve cocktails",7.56,Tesla T4,0.6666666666666666,3,0,132,False,0.9692307692307692,True,False
B07SK9MRTF,qwen2vl-2b,image_meta,"The Alkove Marchio Amazonia Set of 2 Dining Chairs is a modern and functional piece of furniture. The chairs are made of Faggio wood, which is known for its durability and natural beauty. The X-back design adds a touch of elegance to the chairs, making them suitable for both dining and occasional seating. The chairs are available in a set of 2, which makes them a great value for those looking to add a touch of sophistication to their home decor. The Faggio wood is a natural wood, which means it is free of chemicals and preservatives, making it a safe and healthy option for your home. The chairs are also easy to clean, as they are made of wood, which is naturally resistant to stains and dirt",6.56,Tesla T4,1.0,4,1,129,False,0.9603174603174603,True,True
B07SK9MRTF,qwen2vl-2b,image_only,"The product you're looking at is a pair of wooden dining chairs. These chairs are designed with a classic X-back design, which adds a touch of elegance and style to any dining setting. The chairs are crafted from high-quality wood, ensuring durability and longevity. The seat and backrest are made from the same material, providing a seamless and comfortable seating experience. The chairs are also easy to clean, making them perfect for a home or restaurant setting. The X-back design not only adds a modern touch but also provides better support for the back, making it an ideal choice for long dining sessions. Whether you're looking for a stylish addition to your dining area or a functional piece for your home, these chairs are a great choice.",7.22,Tesla T4,0.25,4,2,132,False,0.984,True,True
B07HK65QM8,qwen2vl-2b,image_meta,"Poecent's Neoprene Dumbbell Set is a great addition to any home gym or workout routine. With its durable and non-slip coating, these dumbbells are perfect for those looking to build strength and improve their overall fitness. The set includes two dumbbells, each weighing 2 pounds, making it a convenient and affordable option for those looking to start their workout routine. The Neoprene coating ensures that the dumbbells are easy to grip and won't slip, making it easier to perform exercises with precision and control. Overall, the Poecent Neoprene Dumbbell Set is a great choice for anyone looking to improve their fitness and build a strong, stable workout routine.",6.03,Tesla T4,0.25,4,0,111,False,0.9433962264150944,True,False
B07HK65QM8,qwen2vl-2b,image_only,"This product is a set of two green vinyl-coated dumbbells. The key features include their durable, non-slip vinyl coating that provides a smooth and comfortable grip, making them ideal for both strength training and weightlifting. The dumbbells are designed to be lightweight, making them easy to handle and transport. The set includes two dumbbells of different weights, allowing users to choose the right level of resistance for their fitness goals. The vinyl coating also helps to reduce the risk of rust and corrosion, ensuring that the dumbbells remain in good condition for a long time. Overall, this set is a great choice for anyone looking to improve their strength and fitness without the need for heavy metal dumbbells.",7.08,Tesla T4,0.0,4,2,120,False,1.0,True,True
B01N16EEHY,qwen2vl-2b,image_meta,"This sandal from the Amazon Brand - The Fix is a stylish and comfortable choice for your next outing. The bright blue color adds a pop of color to any outfit, while the dome-shaped design offers a unique and elegant look. The stud detailing adds a touch of sophistication and adds a pop of color to the sandal. The open-toe design allows for easy movement and breathability, making it perfect for warm weather. The suede material is durable and comfortable, providing a great balance of style and function. Overall, this sandal is a great choice for anyone looking for a stylish and comfortable sandal that can be worn for various occasions.",5.42,Tesla T4,0.75,4,0,112,False,0.944954128440367,True,False
B01N16EEHY,qwen2vl-2b,image_only,"Hello! I'm here to help you with your product inquiry. Let's dive into the details of this item.

Firstly, let's talk about the product itself. This is a stylish slide sandal designed for comfort and style. The key feature of this sandal is its vibrant blue color, which adds a pop of color to any outfit. The sandal features a flat sole, which provides a comfortable and easy-to-wear experience. The open-toe design allows for easy access to your toes, making it perfect for all-day wear.

Now, let's talk about the key visible features of this sandal. The most noticeable feature is the silver stud embellishments on the toe area. These studs add a touch of elegance and sophistication to",7.02,Tesla T4,0.5,4,1,127,False,0.9829059829059827,True,True
B07PRQ57J6,qwen2vl-2b,image_meta,"The Amazon Brand Solimo Room Darkening Black Out Window Curtain Set, 5 Feet, Set of 2, Blue, is a perfect addition to any room. This set includes two black out curtains that are designed to block out light, making it ideal for bedrooms, living rooms, or any room where you want to create a comfortable and dark environment. The curtains are made of a high-quality, fade-resistant fabric that will not show any signs of wear or tear over time. The black out feature of these curtains is a great way to save energy and keep your room cool during the summer months. The curtains are also easy to install, with a simple grommet top, making them a breeze to hang. The blue color of these curtains adds",6.58,Tesla T4,0.75,4,1,129,False,0.984,True,True
B07PRQ57J6,qwen2vl-2b,image_only,"This product is a set of 2 solid color blackout curtains. The key features include their ability to block out light, making them perfect for rooms with low natural light levels. The curtains are designed with a grommet top for easy installation and a smooth, sleek look. They are made of high-quality materials that ensure they will last for years. The key benefit of these curtains is their ability to provide a comfortable and dark environment, which can help reduce eye strain and improve sleep quality.",4.53,Tesla T4,0.25,4,0,87,False,0.988095238095238,True,False
B082QL2WKF,qwen2vl-2b,image_meta,"This Amazon.com product is a pointy toe mule with a small heel. The color is leopard print, and it is a size 42 to 43 EU. The brand is Amazon.com.",2.31,Tesla T4,0.6666666666666666,3,0,32,False,1.0,True,False
B082QL2WKF,qwen2vl-2b,image_only,"This product is a stylish slip-on mule designed for comfort and style. Key features include a pointed toe and a soft, plush leopard print upper that adds a touch of elegance and texture. The mule is made from a breathable, stretchy fabric that ensures a perfect fit and comfort throughout the day. The slip-on design allows for easy wear and removal, making it a practical choice for daily wear or as a stylish accessory. The leopard print adds a pop of color and pattern to any outfit, making it a versatile piece that can be worn with a variety of outfits. Overall, this slip-on mule is a great choice for those who want a stylish and comfortable footwear option.",5.87,Tesla T4,0.3333333333333333,3,0,122,False,0.9914529914529916,True,False
B07WL3YXZD,qwen2vl-2b,image_meta,"The Amazon Brand Solimo Plastic Hanger, Set of 45, is a practical and affordable solution for organizing and storing clothes. This set includes 45 hangers, each made of durable plastic that can withstand regular use. The hangers are designed to hang clothes without any need for additional hardware, making them a convenient and space-saving option for your closet or laundry room. The white color adds a touch of style to your wardrobe, while the set's 45 hangers provide ample storage for a variety of garments. Whether you're looking to organize your clothes for a special occasion or simply need more space for your wardrobe, the Solimo Plastic Hanger, Set of 45, is a great choice.",6.47,Tesla T4,0.75,4,0,118,False,0.9469026548672568,True,False
B07WL3YXZD,qwen2vl-2b,image_only,"This product is a set of 80 white plastic hangers. The key visible feature is their sleek, modern design, which makes them easy to spot and use. The hangers are made of durable plastic, which ensures they will withstand regular use and provide a long-lasting solution for hanging clothes. The key benefit of these hangers is their ability to hold clothes securely and evenly, preventing them from shifting or sliding, which helps to maintain the shape and appearance of your garments. Additionally, the hangers are easy to clean and maintain, making them a practical and convenient addition to any closet or laundry area.",5.33,Tesla T4,0.5,4,0,104,False,0.99009900990099,True,False
B08CKRTT15,qwen2vl-2b,image_meta,"The Bourge Men's Run 5 Navy Running Shoe is a versatile and comfortable choice for your daily run or a casual outing. Made from a breathable mesh material, this shoe offers a lightweight and airy feel, perfect for keeping your feet cool and dry during your workout. The slip-on design allows for a secure fit, ensuring that you can move freely without worrying about your footwear. The cushioned footbed provides excellent support and comfort, ensuring that you can run for long periods without experiencing any discomfort. The durable and water-resistant construction ensures that you can wear this shoe in various weather conditions, making it a reliable choice for your daily routine. Overall, the Bourge Men's Run 5 Navy Running Shoe is a great choice for those who prioritize comfort",6.43,Tesla T4,0.75,4,0,133,False,0.8976377952755905,True,False
B08CKRTT15,qwen2vl-2b,image_only,"This product is a stylish slip-on sneaker designed for comfort and style. Key features include a breathable mesh upper that allows for easy ventilation and a snug fit that keeps your feet cool and dry. The sneaker features a low-cut design, which makes it easy to slip on and off, and a cushioned footbed that provides support and comfort. The sneaker is available in a variety of colors and styles, so you can choose the perfect pair to match your outfit. With its comfortable and stylish design, this slip-on sneaker is a great choice for everyday wear or as a stylish accessory.",5.74,Tesla T4,0.25,4,0,105,False,1.0,True,False
B003JFJWT8,qwen2vl-2b,image_meta,"This Pinzon Oversized Supima Cotton Wash Cloth is a must-have for anyone looking for a high-quality, durable, and absorbent towel. With its marine wash blue color, it's a versatile addition to any bathroom or laundry room. The Supima cotton material is known for its exceptional softness and durability, making it perfect for everyday use. The oversized size ensures that it can fit comfortably in a variety of settings, from hand towels to bath towels. The wash cloth is also machine washable, making it easy to keep clean and fresh. Overall, this Pinzon Oversized Supima Cotton Wash Cloth is a great investment for anyone looking for a high-quality, durable, and absorbent towel.",5.59,Tesla T4,0.75,4,0,115,False,0.8532110091743119,True,False
B003JFJWT8,qwen2vl-2b,image_only,"This product is a high-quality bath towel that offers a luxurious and comfortable experience. It is made from 100% cotton, which is known for its softness and absorbency. The towel features a subtle, yet elegant design with a diamond pattern that adds a touch of sophistication to any bathroom setting. Its size is generous, making it perfect for drying off after a long bath or shower. The towel is also machine washable, which makes it easy to maintain and keep clean. Overall, this towel is a great addition to any bathroom, offering both style and functionality.",5.68,Tesla T4,0.5,4,0,97,False,1.0,True,False
B01N6WEDO5,qwen2vl-2b,image_meta,"This stylish flat from the brand ""Zavala"" is a must-have for any wardrobe. The key features of this shoe include a sleek, round toe design that adds a touch of elegance to any outfit. The structure of the shoe is made of a soft, breathable material that ensures comfort and breathability, making it perfect for everyday wear. The bow detail on the front adds a touch of femininity and a pop of color to the shoe. The flat heel design ensures that it is suitable for both casual and professional settings. The black color of the shoe is a versatile choice that can complement a variety of outfits. Overall, this flat is a great choice for those who want a stylish and comfortable shoe that can be worn in different settings.",6.18,Tesla T4,0.6666666666666666,3,0,132,False,0.9689922480620154,True,False
B01N6WEDO5,qwen2vl-2b,image_only,"This product is a stylish and comfortable ballet flat designed for everyday wear. It features a classic round toe shape that adds a touch of elegance to any outfit. The flat sole provides excellent support and comfort, making it perfect for walking long distances. The soft suede material offers a soft and breathable feel, ensuring that your feet stay cool and dry. The bow detail adds a touch of femininity and a pop of color to the flat. The flat heel design ensures that it is suitable for both casual and professional settings. Overall, this ballet flat is a great choice for those who value both style and comfort.",5.83,Tesla T4,0.3333333333333333,3,0,109,False,0.9813084112149532,True,False
B01N9X5U1W,qwen2vl-2b,image_meta,"This sandal from the brand ""Brystal"" is a stylish and comfortable choice for your summer wardrobe. The key features of this sandal include a cross strap design that adds a touch of elegance and a fringed detail that adds a bit of flair. The sandal is made of a soft and breathable material, ensuring that it is both functional and comfortable to wear. The color of the sandal is a vibrant orange, which adds a pop of color to any outfit. The brand ""Brystal"" is known for its high-quality and stylish footwear, making this sandal a great addition to your collection.",5.71,Tesla T4,0.6666666666666666,3,0,102,False,0.9595959595959596,True,False
B01N9X5U1W,qwen2vl-2b,image_only,"This sandal is a stunning piece of footwear that combines style and comfort. Its key features include a soft, breathable lining and a cushioned footbed for added comfort. The sandal is crafted from a luxurious satin fabric, which adds a touch of elegance and sophistication to its design. The crisscross straps are adorned with a ruffled detail, adding a playful and feminine touch to the overall look. The sandal is finished with a subtle heel strap, which adds a touch of sophistication and style to its design. The open-toe design allows for easy movement and breathability, making it perfect for warm weather. Overall, this sandal is a must-have for anyone looking for a stylish and comfortable sandal that can be worn for various occasions",6.61,Tesla T4,0.3333333333333333,3,0,126,False,0.9344262295081968,True,False
B004C046TA,qwen2vl-2b,image_meta,"The Strathwood Signature Tavolara Teak Coffee Table is a beautiful and functional piece of furniture. Made from high-quality teak wood, this table is both durable and elegant. The table top is made of teak wood, which is known for its natural beauty and durability. The table top is also easy to clean and maintain, making it a great choice for any home or office.
The table has a rectangular shape and is made of teak wood. The table top is made of teak wood, which is known for its natural beauty and durability. The table top is also easy to clean and maintain, making it a great choice for any home or office. The table has a rectangular shape and is made of teak wood.",6.55,Tesla T4,0.75,4,0,126,False,0.5853658536585366,False,False
B004C046TA,qwen2vl-2b,image_only,"This is a beautiful rectangular coffee table made of solid teak wood. Its key features include a sleek, modern design with a clean, minimalist aesthetic. The table features a spacious top that can comfortably accommodate multiple cups or a small dining set. The table's legs are sturdy and sturdy, ensuring stability and durability. The top is made of a durable teak wood that is known for its natural beauty and resistance to weathering. The table's design is functional and versatile, making it perfect for both indoor and outdoor use. Its key benefit is its ability to add a touch of elegance and functionality to any space, whether it's a living room, patio, or garden area.",5.26,Tesla T4,0.75,4,0,118,False,1.0,True,False
B00EQ5FO3I,qwen2vl-2b,image_meta,"This Pinzon UltraSoft 300 Thread Count Cotton Duvet Cover Set is the perfect addition to any bedroom. The set comes in a beautiful blue color, which adds a touch of elegance and style to any room. The 300 Thread Count cotton is known for its softness and durability, making it a great choice for those who value comfort and quality. The duvet cover set is made of 100% cotton, which is breathable and hypoallergenic, making it perfect for those who are looking for a comfortable and allergen-free sleep experience. The set also includes a fitted sheet and a pillowcase, making it a complete bedding set. The fitted sheet is made of the same high-quality cotton as the",7.06,Tesla T4,0.5,4,0,119,False,0.9391304347826088,True,False
B00EQ5FO3I,qwen2vl-2b,image_only,"This product is a high-quality, 100% cotton sheet set that is designed to provide a comfortable and luxurious sleep experience. The key features of this sheet set include:

1. **100% Cotton**: Made from premium, soft, and breathable cotton, this sheet set is perfect for those who prioritize comfort and relaxation.

2. **Deep Pocket**: The sheets feature a deep pocket that can accommodate mattresses up to 18 inches thick, ensuring a snug fit and preventing any movement during the night.

3. **Stain-Resistant**: This sheet set is designed to resist stains, making it easy to maintain and keep clean.

4. **Machine Washable**: The sheets are machine washable, which means they can be",6.05,Tesla T4,0.25,4,0,112,False,0.9629629629629628,True,False
B07QGWMTDY,qwen2vl-2b,image_meta,"This table is a modern and rustic design, featuring a natural wood finish on the tabletop and a black metal frame. The tabletop is made of solid wood, which adds a touch of warmth and durability to the piece. The metal legs are sturdy and sleek, providing a contemporary look that complements the overall design. The table is suitable for dining, workspaces, or any other area that requires a functional and stylish piece of furniture.",3.81,Tesla T4,0.75,4,2,75,False,1.0,True,True
B07QGWMTDY,qwen2vl-2b,image_only,"This product is a versatile and functional dining table that offers a modern and stylish design. Its key features include a solid wood top made from acacia wood, which is known for its durability and natural beauty. The table is also supported by sturdy metal legs, ensuring stability and longevity. The table's design is simple yet elegant, making it suitable for various dining settings, from casual meals to more formal gatherings. Its solid wood top and metal legs make it a practical choice for both indoor and outdoor use, providing a comfortable and stylish space for dining.",4.65,Tesla T4,0.75,4,1,98,False,0.9894736842105264,True,True
B07XGTPDDF,qwen2vl-2b,image_meta,"The product you are looking for is a comfortable and versatile slip-on shoe designed for running and everyday wear. The shoe features a breathable mesh upper made of a durable and lightweight fabric that allows for breathability and ease of movement. The slip-on design ensures a secure fit and allows for easy on and off, making it convenient for daily use.
The shoe also has a cushioned footbed that provides support and comfort during long periods of wear. The outsole is made of a durable and slip-resistant material that provides traction and stability on various surfaces. The shoe is also designed with a low profile and a low-cut design, which makes it suitable for running and other athletic activities.
The shoe is available in a range of sizes and colors, and it is",5.98,Tesla T4,0.25,4,0,137,False,0.9618320610687024,True,False
B07XGTPDDF,qwen2vl-2b,image_only,"This product is a slip-on athletic shoe designed for comfort and style. Its key visible feature is the cushioned footbed, which provides excellent support and comfort for your feet. The shoe is made from durable, breathable fabric that keeps your feet cool and dry. The slip-on design allows for easy on and off, and the low-cut style ensures a seamless fit. The shoe also features a durable outsole that provides excellent traction and durability, making it perfect for various activities. The key benefit of this shoe is its comfort and durability, making it a great choice for everyday wear and athletic activities.",6.36,Tesla T4,0.0,4,0,105,False,0.98,True,False
B081LC75N6,qwen2vl-2b,image_meta,"Brand: Eono
Color: Marbre Bleu
Material: Plastic
Compatible Models: MacBook Air 13"" (A1932)
Features: Hard Shell Case with Screen Protector
Description: The Eono MacBook Air 13"" Case is designed to protect your MacBook Air 13"" from scratches and damage. The case is made of high-quality plastic and features a hard shell design to provide extra protection. The screen protector included in the package ensures that your MacBook Air 13"" screen is protected from scratches and damage. The case is compatible with the MacBook Air 13"" (A1932) and is easy to install. The Eono MacBook Air 13"" Case is a great",5.99,Tesla T4,0.6666666666666666,3,1,101,False,0.8367346938775511,True,True
B081LC75N6,qwen2vl-2b,image_only,"This product is a MacBook case designed to protect your MacBook Air 13-inch. The case features a unique marble pattern that adds a stylish touch to your device. The key benefits of this case include its ability to protect your MacBook from scratches and damage, as well as its sleek design that enhances the overall look of your laptop. The case also includes a keyboard cover and a screen protector, ensuring that your MacBook remains clean and protected at all times. Whether you're looking for a stylish accessory or a reliable protection for your MacBook, this case is a great choice.",4.91,Tesla T4,0.3333333333333333,3,1,103,False,0.9797979797979798,True,True
B07QBMQQ34,qwen2vl-2b,image_meta,"The Amazon Brand, Ravenna Home, has introduced a stylish and functional recliner that is sure to add comfort and style to any living space. This recliner is a great choice for those who appreciate both aesthetics and functionality. The chair is made of high-quality hardwood, ensuring durability and longevity. The dark roasted leather upholstery adds a touch of elegance and warmth to the chair, making it a perfect addition to any home decor. The recliner's rocking feature allows for easy and comfortable sitting, perfect for relaxing after a long day. The chair's 34-inch width makes it suitable for a variety of seating arrangements, from single to multiple occupants. The chair's sturdy construction and comfortable seating make it a great choice for both casual and formal settings.",6.22,Tesla T4,1.0,4,0,131,False,0.9838709677419356,True,False
B07QBMQQ34,qwen2vl-2b,image_only,"This product is a high-quality leather recliner chair, designed to provide comfort and convenience for those who spend long hours sitting. Its key features include a plush, breathable leather upholstery that offers a luxurious feel and long-lasting durability. The chair's reclining mechanism allows for easy and comfortable sitting, while the adjustable armrests provide support and ease of use. The chair's sleek design and modern aesthetic make it a stylish addition to any living room or office space. Its key benefit is its ability to enhance comfort and functionality, making it an ideal choice for anyone looking for a comfortable and versatile seating solution.",4.59,Tesla T4,0.25,4,0,107,False,1.0,True,False
B0748RH9L3,qwen2vl-2b,image_meta,"The Amazon Brand 206Union Slipper is a stylish and comfortable slipper designed for men. It features a soft, plush shearling lining that provides warmth and comfort. The slipper is made of durable, high-quality materials that offer durability and longevity. The slipper is also easy to slip on and off, thanks to its soft sole and non-slip bottom. The slipper is available in a range of sizes and colors, so you can find the perfect pair for you. Whether you're looking for a casual slipper to wear around the house or a more formal slipper to wear to work, the Amazon Brand 206Union Slipper is a great choice.",6.71,Tesla T4,0.3333333333333333,3,0,110,False,0.923809523809524,True,False
B0748RH9L3,qwen2vl-2b,image_only,"This is the UGG Men's Scuff Suede Slipper. It's a slipper that features a soft, plush lining made of sheepskin, providing warmth and comfort. The slipper is designed with a classic slipper sole and a soft, cushioned footbed for added comfort. The UGG logo is prominently displayed on the side, adding a touch of style. The slipper is available in various colors, including black, and is made from high-quality materials that ensure durability and longevity. The UGG Scuff Suede Slipper is a great choice for those looking for a stylish and comfortable slipper that can be worn day or night.",5.51,Tesla T4,0.3333333333333333,3,0,103,False,0.9897959183673468,True,False
B08C2XWMD3,qwen2vl-2b,image_meta,"Renovate your home with the Amazon Brand Solimo U Steel Drying Rack. This versatile and sturdy drying rack is made of durable steel, ensuring it can handle the weight of your clothes and keep them dry for longer. The rack is designed with a sturdy frame and a spacious drying area, making it perfect for drying a variety of items, including towels, clothes, and linens. With its compact design, it can be easily stored away when not in use, making it a practical and space-saving solution for your laundry needs. Whether you're looking to freshen up your home or organize your laundry room, the Amazon Brand Solimo U Steel Drying Rack is a must-have.",7.05,Tesla T4,0.75,4,0,117,False,0.9464285714285714,True,False
B08C2XWMD3,qwen2vl-2b,image_only,"This is a versatile and space-saving laundry drying rack. It's designed to hold up to 100 drying clothes, making it ideal for families with multiple children or those who need to dry a large number of items. The adjustable height allows you to customize the drying space to suit your needs, and the sturdy metal frame ensures durability and stability. The blue and white color scheme adds a touch of style to your laundry room, while the easy-to-clean mesh design makes it easy to maintain. With its practical features and stylish design, this drying rack is a must-have for anyone looking to organize and dry their laundry efficiently.",5.19,Tesla T4,0.5,4,2,113,False,1.0,True,True
B001BXBILA,qwen2vl-2b,image_meta,"The Pinzon Blue Wine Opener is a versatile tool designed to make opening wine bottles a breeze. With its sleek and modern design, this opener is perfect for both professional and amateur wine enthusiasts. The Pinzon Blue Wine Opener is made of durable plastic, ensuring it will withstand the rigors of everyday use. Its ergonomic handle provides a comfortable grip, making it easy to use even for those with limited hand strength. The opener's design allows for easy access to the cork, making it a reliable choice for opening a wide range of wine bottles. With its blue color, the Pinzon Blue Wine Opener is not only functional but also stylish, making it a great addition to any wine collection. Whether you're opening a bottle of red, white",6.41,Tesla T4,1.0,4,2,130,False,0.9285714285714286,True,True
B001BXBILA,qwen2vl-2b,image_only,"This is a wine opener designed for easy and efficient opening of wine bottles. Its key features include a sleek, blue color and a ergonomic handle that provides a comfortable grip. The opener is equipped with a corkscrew mechanism that allows for easy removal of the cork without the need for force. This tool is particularly useful for those who enjoy wine and want to enjoy a more convenient and stress-free experience. Its design and functionality make it a valuable addition to any wine enthusiast's collection.",4.15,Tesla T4,0.5,4,0,88,False,1.0,True,False
B0824FH9GS,qwen2vl-2b,image_meta,"This contemporary table lamp from the Ravenna Home collection is a stylish addition to any living space. With its dark bronze finish, it adds a touch of elegance and sophistication to any room. The lamp features a white shade that provides a soft, diffused light, making it perfect for reading, studying, or creating a cozy atmosphere. The lamp's metal construction ensures durability and longevity, while the mercury glass accent adds a unique, reflective element that catches the light and enhances the overall design. The lamp's height of 28.5 inches makes it a versatile piece that can fit in various room settings. The LED bulb included in the lamp provides a warm, inviting glow, making it a practical choice for both decorative and functional purposes. Overall, this",6.25,Tesla T4,1.0,4,1,129,False,1.0,True,True
B0824FH9GS,qwen2vl-2b,image_only,"This elegant table lamp is a stunning addition to any living space, offering both style and functionality. Its key features include a white drum shade that adds a touch of sophistication and a unique, textured base that adds a touch of sophistication and a unique, textured base that adds a touch of sophistication. The lamp's design is both functional and stylish, making it a perfect choice for any room in your home. The white drum shade not only provides a soft, diffused light, but also adds a touch of elegance and sophistication to the room. The textured base adds a unique and stylish touch to the lamp, making it a standout piece in any room. The lamp's design is both functional and stylish, making it a perfect choice for any room in your home",7.41,Tesla T4,0.5,4,1,136,False,0.7424242424242424,True,True
B01FJECR34,qwen2vl-2b,image_meta,"The AmazonBasics Micro Bluetooth Speaker is a compact and portable audio device that allows you to enjoy music and audio files wirelessly. With its sleek black design, it's perfect for use in various settings, such as on the go, in the car, or even at home. The speaker comes with a 3.5mm male stereo audio cable, which is ideal for connecting to other audio devices, such as headphones or a computer. The speaker's compact size and lightweight design make it easy to carry around, and its portability makes it a great choice for those who want to listen to music on the go. Overall, the AmazonBasics Micro Bluetooth Speaker is a great option for those who want to enjoy music and audio files without the need",6.57,Tesla T4,1.0,3,0,129,False,0.9032258064516128,True,False
B01FJECR34,qwen2vl-2b,image_only,"This product is a Bluetooth audio receiver and transmitter, designed to connect to a variety of devices, including smartphones, tablets, and other audio players. It features a sleek, round design with a black finish, making it a stylish addition to any home or car audio system. The key features include a 3.5mm audio jack for wired connection, a Bluetooth 4.2 technology for wireless connectivity, and a built-in microphone for hands-free calling. This versatile device allows you to stream music, podcasts, and other audio content from your device to your speakers, ensuring a seamless audio experience. The included cable ensures a reliable connection, making it a practical and convenient accessory for those who value convenience and style in their audio equipment.",7.21,Tesla T4,0.6666666666666666,3,0,124,False,0.9830508474576272,True,False
B072Y5MZQH,qwen2vl-2b,image_meta,"This AmazonBasics Classic Leather Office Desk Guest Chair is a versatile and comfortable seating solution for your office or home office. With its metal frame and black finish, it offers a sleek and modern look that will complement any decor. The chair is upholstered in bonded leather, providing a durable and stylish surface that is easy to clean. The padded seat and backrest offer additional comfort, making it perfect for long hours of sitting. The armrests provide support and added comfort, making it a great choice for both office and home use. The chair's metal frame ensures stability and durability, making it a reliable choice for your workspace. Overall, this chair is a great addition to any office or home office, offering both style and comfort.",6.1,Tesla T4,1.0,4,0,127,False,0.967741935483871,True,False
B072Y5MZQH,qwen2vl-2b,image_only,"This product is a high-quality leather office chair designed for comfort and functionality. It features a black leather upholstery that provides a sleek and stylish appearance, while the black frame adds a modern touch. The chair's padded seat and backrest ensure maximum comfort, making it ideal for long hours of sitting. The armrests provide additional support and ease of use, making it a versatile piece for both office and home use. The chair's sturdy construction and durable materials make it a reliable choice for any professional setting.",5.22,Tesla T4,0.75,4,0,90,False,1.0,True,False
B071GFDGZ9,qwen2vl-2b,image_meta,"This is a men's dress shoe from the Amazon Brand, Find. The shoe is made of a brown leather material with a cap toe design, giving it a classic and formal look. The shoe features a lace-up front with a decorative strap, adding a touch of elegance. The sole is made of a durable material, providing both comfort and support. The shoe is designed to be versatile, suitable for various occasions, from work to formal events.",3.72,Tesla T4,0.3333333333333333,3,2,78,False,0.9594594594594594,True,True
B071GFDGZ9,qwen2vl-2b,image_only,"The product you're looking at is a stylish and functional men's shoe designed for everyday wear. This particular pair of shoes features a classic oxford design, which is characterized by its laced-up front and a low, rounded toe. The material appears to be a durable, possibly leather or suede, which provides both comfort and durability. The shoe's color is a warm brown, which adds a touch of sophistication to its appearance.

One of the key features of this shoe is its low, rounded toe, which not only adds a touch of elegance but also provides a more comfortable fit for those who prefer a more relaxed, casual look. The laced-up front ensures a secure fit, while the low heel and thick sole offer good support and comfort,",5.82,Tesla T4,0.3333333333333333,3,2,132,False,0.984,True,True
B07VGPT5P8,qwen2vl-2b,image_meta,"This Amazon product is a pair of men's slippers. The shoes are made of a soft, suede-like material that provides a comfortable and warm feeling. The slipper features a thick sole for extra support and traction, and a soft, plush lining that keeps the feet cozy and warm. The slipper also has a decorative, woven trim around the top, adding a touch of style and comfort. The slipper is designed to be worn indoors or outdoors, and is perfect for anyone looking for a comfortable and stylish slipper.",4.91,Tesla T4,0.6666666666666666,3,0,90,False,0.9883720930232558,True,False
B07VGPT5P8,qwen2vl-2b,image_only,"This product is a slipper designed for comfort and style. It features a soft, plush suede upper that provides a cozy and warm feel. The slipper also has a thick, cushioned sole that offers excellent support and comfort while walking. The slipper is also lined with a soft, plush fabric that adds an extra layer of comfort. The slipper is available in a variety of colors, making it easy to find the perfect match for your outfit. The slipper is also easy to slip on and off, thanks to its soft sole and comfortable fit. Overall, this slipper is a great choice for those who want a stylish and comfortable slipper that will keep their feet warm and cozy.",5.45,Tesla T4,0.0,3,0,119,False,0.9658119658119658,True,False
B075YLXVL5,qwen2vl-2b,image_meta,"This wall-mounted wine rack is a stylish and functional addition to any home or office space. Made of rust-resistant wood, it features a modern design that complements a variety of decor styles. The natural wood finish adds a touch of warmth and sophistication to the piece, while the rustic appearance gives it a timeless appeal.
The rack is designed to hold up to 12 bottles of wine, making it a versatile option for storing a collection of your favorite wines. The 24 x 5 x 7.75 inch size allows for easy installation and organization, while the 24 x 5 x 7.75 inch size allows for easy installation and organization, while the 24 x 5 x 7.7",7.29,Tesla T4,0.5,4,0,121,False,0.8421052631578947,True,False
B075YLXVL5,qwen2vl-2b,image_only,"This is a wooden wine rack designed to hold up to 12 bottles of wine. Its key features include a sturdy, rectangular shape that provides ample space for storing and displaying your favorite bottles. The rack is made of high-quality wood, ensuring durability and longevity. Its sleek design allows for easy access to each bottle, making it perfect for both casual and formal gatherings. The wine rack is also easy to clean and maintain, making it a practical and stylish addition to any home or bar. With its elegant appearance and functional design, this wine rack is sure to enhance the ambiance of any space where it is placed.",5.33,Tesla T4,0.25,4,1,110,False,0.9906542056074766,True,True
B07R79Y9TS,qwen2vl-2b,image_meta,"This product is a stylish and functional shoe designed for casual wear. The key features include a chunky sole for added comfort and support, a breathable mesh upper for breathability, and a durable leather sole for durability. The shoe is available in a variety of colors, including blue and navy blue, and is suitable for both men and women. The chunky sole provides a comfortable and supportive walk, while the breathable mesh upper allows for breathability and helps to keep your feet cool. The leather sole provides durability and resistance to wear and tear. Overall, this shoe is a great choice for those who want a comfortable and functional shoe for casual wear.",5.33,Tesla T4,0.3333333333333333,3,0,113,False,0.963963963963964,True,False
B07R79Y9TS,qwen2vl-2b,image_only,"This product is a classic Timberland boat shoe, designed for durability and comfort. The key features include the classic 2-eye design, which is both stylish and functional. The shoes are made from durable suede, which provides a comfortable and slip-resistant surface. The laces are made of a sturdy material, ensuring a secure fit. The rubber outsole offers excellent traction, making it perfect for various terrains. The shoe's classic design and timeless style make it a great choice for everyday wear or for those who appreciate a classic look.",5.13,Tesla T4,0.6666666666666666,3,1,91,False,1.0,True,True
B0793FCB7J,qwen2vl-2b,image_meta,"This is a pair of pink sneakers designed for kids. The shoes have a breathable mesh upper that allows for easy ventilation and comfort. The velcro straps provide a secure fit, ensuring that the shoes stay in place during activity. The shoes also feature a cushioned sole for added comfort and support. The design is casual and sporty, making them suitable for everyday wear or playtime. The shoes are made of durable materials that can withstand regular use.",3.48,Tesla T4,0.3333333333333333,3,1,78,False,1.0,True,True
B0793FCB7J,qwen2vl-2b,image_only,"This product is a vibrant, pink sneaker designed for children. It features a breathable mesh upper that allows for easy ventilation and comfort during play. The sneaker is equipped with a soft, cushioned insole that provides support and comfort for your child's feet. The adjustable velcro straps ensure a secure fit, making it easy for your child to put on and take off. The sneaker also has a low profile, making it suitable for various activities, including walking, running, and playing. Its bright color and comfortable features make it a great choice for your child's active lifestyle.",5.01,Tesla T4,0.0,3,1,99,False,0.9894736842105264,True,True
B07PHRTPT5,qwen2vl-2b,image_meta,"Size: 8.5 M US
SKU: 13110000001
- Amazon Brand - 206
- Women's Slip-On Sneakers
- Blush Suede Upper
- Soft and Comfortable Sole
- Easy to Clean
- Lightweight and Breathable
- Perfect for Casual Wear
- Machine Washable
- Imported

This Amazon Brand - 206 Women's Slip-On Sneakers are a great choice for casual wear. The Blush Suede Upper adds a touch of elegance to the slip-on design, while the Soft and Comfortable Sole ensures that you can wear them all day long without any discomfort. The Easy to Clean feature makes it easy to maintain the",6.91,Tesla T4,0.6666666666666666,3,0,94,False,0.9278350515463918,True,False
B07PHRTPT5,qwen2vl-2b,image_only,"This product is a stylish slip-on sneaker designed for comfort and style. Its key visible feature is the soft, breathable material that provides a comfortable and lightweight experience. The slip-on design allows for easy on and off, making it convenient for daily wear. The sneaker's low profile and minimalistic design make it versatile for various occasions, from casual outings to everyday wear. The key benefit of this product is its comfort and style, making it a popular choice for those looking for a versatile and comfortable sneaker.",4.27,Tesla T4,0.0,3,0,90,False,0.9882352941176472,True,False
B074XXSSCV,qwen2vl-2b,image_meta,"This product is a set of 50 double zipper storage bags designed for storing and organizing food items. The bags are made of polyvinyl chloride (PVC), which is a durable and reusable material. The double zipper feature allows for easy opening and closing, making it convenient to access the contents of the bag. The quart size bags are ideal for storing a variety of food items, such as fruits, vegetables, and grains. The 50 bags in total provide a substantial amount of storage space, making it a practical choice for families or individuals who need to keep their pantry organized and easily accessible. The double zipper storage bags are a great addition to any kitchen or pantry, offering both functionality and convenience.",7.41,Tesla T4,0.6666666666666666,3,0,122,False,0.975,True,False
B074XXSSCV,qwen2vl-2b,image_only,"Introducing the 365 Everyday Value Double Zipper Storage Bags, a versatile and practical solution for organizing and storing your kitchen and household items. These bags come in a convenient 50-count box, making it easy to keep your space tidy and clutter-free. The double zipper design ensures that contents stay secure and protected from dust and damage. The 7.6 x 7.6 inches size is perfect for storing a variety of items, from food to kitchen utensils. With its sleek and stylish design, these bags are not only functional but also stylish, making them a great addition to any home. Whether you're looking to declutter or organize your kitchen, these double zipper storage bags are a must-have.",5.72,Tesla T4,0.6666666666666666,3,0,121,False,0.991150442477876,True,False
B07QGW2CDS,qwen2vl-2b,image_meta,"This Amazon Brand - Symbol Men's Tan Leather Derby shoes are a stylish and practical choice for your wardrobe. The shoes feature a classic Derby design, which is characterized by its pointed toe and low heel. The tan color adds a touch of elegance and sophistication to any outfit. The leather material is durable and comfortable, making it a great choice for everyday wear. The shoes are also designed with a lace-up closure, which provides a secure fit and adds a touch of sophistication to the overall look. The low heel design ensures that you can wear them for long periods without feeling tired or uncomfortable. Overall, these Amazon Brand - Symbol Men's Tan Leather Derby shoes are a great choice for anyone looking for a stylish and comfortable shoe that can be worn for various occasions",7.03,Tesla T4,0.75,4,0,138,False,0.8962962962962963,True,False
B07QGW2CDS,qwen2vl-2b,image_only,"This product is a stylish and functional men's dress shoe. It features a classic oxford design with a tan leather upper, providing a sleek and professional look. The shoe is designed with a lace-up closure, allowing for a secure fit and easy access to your feet. The perforated detailing on the upper adds a touch of sophistication and breathability, making it perfect for both formal and semi-formal occasions. The shoe is also made from high-quality materials, ensuring durability and comfort. With its timeless design and practical features, this shoe is a great investment for anyone looking to elevate their wardrobe.",4.86,Tesla T4,0.25,4,0,104,False,0.9897959183673468,True,False
B07YFFZRGR,qwen2vl-2b,image_meta,"The Skechers Iglerza is a casual shoe designed for comfort and style. Key features of the shoe include a breathable mesh upper, which allows for breathability and ease of movement. The shoe also features a cushioned footbed, which provides support and comfort during long walks or flights. The shoe is also water-resistant, which means it can be worn in wet conditions without getting wet. The shoe is also available in a variety of colors, including shades of gray, black, and white. The Skechers Iglerza is a great choice for anyone looking for a comfortable and stylish shoe that can be worn in a variety of settings.",5.76,Tesla T4,0.3333333333333333,3,3,107,False,0.9134615384615384,True,True
B07YFFZRGR,qwen2vl-2b,image_only,"Introducing the Skechers Relaxed Fit: ""Bennett - Breezy"" men's casual shoe. This shoe is a perfect blend of comfort and style, designed to provide all-day wear with ease.

Key features:
- **Comfortable Memory Foam Insole**: The memory foam insole offers exceptional comfort and support, ensuring all-day wear without any discomfort.
- **Lace-Up Closure**: The lace-up closure ensures a secure fit and allows for easy on and off.
- **Ergonomic Design**: The shoe features a cushioned footbed and a supportive heel counter, providing excellent support and comfort.
- **Water-Resistant Upper**: The water-resistant upper is durable and easy to clean, making it perfect for everyday wear.",6.69,Tesla T4,0.3333333333333333,3,0,106,False,1.0,True,False
B07V6N6F9Z,qwen2vl-2b,image_meta,"The product is a laundry bag designed for easy folding and storage. It is made of durable material and features a drawstring closure for easy opening and closing. The bag is large enough to hold a variety of items, including clothes, linens, and other laundry items. The bag is foldable, making it easy to store and transport. The bag is also machine washable, making it convenient for cleaning and maintenance. The bag is available in multiple colors, including blue, and is a great option for those who want to keep their laundry organized and easy to store.",4.93,Tesla T4,0.25,4,1,97,False,0.968421052631579,True,True
B07V6N6F9Z,qwen2vl-2b,image_only,"The product showcased is a set of two laundry bags designed to keep your clothes clean and organized. These bags are made of durable material and feature a playful ""Wash Me"" design with a smiley face, making them visually appealing and easy to spot in your laundry basket. The bags are also equipped with a drawstring closure, ensuring they stay securely closed and prevent any mess from spilling out. This set of bags is perfect for families with children, as they can easily identify and sort their laundry, making it a practical and fun addition to any household.",5.55,Tesla T4,0.25,4,0,98,False,1.0,True,False
B076PYLZQX,qwen2vl-2b,image_meta,"This Amazon Basics CD/DVD case is a versatile and practical storage solution for your media collection. It's designed to hold up to 128 discs, making it ideal for organizing and protecting your CDs, DVDs, Blu-rays, and other media formats. The durable microfiber interior ensures that your discs are protected from scratches and dust, while the hard plastic case provides a sturdy and durable surface for your media. The case also features a handle for easy carrying, making it convenient to transport your media collection from one place to another. With its compact design and high capacity, this case is a must-have for anyone who wants to keep their media collection organized and protected.",5.79,Tesla T4,1.0,3,1,117,False,0.990990990990991,True,True
B076PYLZQX,qwen2vl-2b,image_only,"This product is a durable and versatile CD and DVD storage case designed to keep your collection organized and secure. Key features include a spacious compartment that can hold up to 120 discs, a sturdy handle for easy carrying, and a secure zipper for added protection. The case is made of high-quality materials, ensuring that your discs are protected from dust and scratches. With its sleek design and practical features, this storage case is a must-have for anyone who wants to keep their collection in order and protected.",4.85,Tesla T4,0.6666666666666666,3,0,90,False,1.0,True,False
B01NATWO42,qwen2vl-2b,image_meta,"Red Wagon's Budapester shoes are a classic style that's perfect for any occasion. These shoes feature a black leather upper with a velcro strap that provides a secure fit. The shoes come in a size 30.5 UK, which is suitable for children aged 5-6 years old. The black color adds a touch of elegance to any outfit, and the velcro strap ensures a comfortable and secure fit. Whether you're heading to school, playing outside, or going out for a night out, these shoes are a great choice for any child.",5.06,Tesla T4,0.6666666666666666,3,1,95,False,0.9886363636363636,True,True
B01NATWO42,qwen2vl-2b,image_only,"This is a stylish and practical shoe designed for children. It features a black leather upper with a velcro strap for easy on and off. The shoe has a classic loafer design with a slight wingtip, providing a touch of sophistication. The strap is adjustable, allowing for a snug fit that ensures a comfortable fit. The sole is made of durable rubber, providing good traction and stability. This shoe is perfect for school or everyday wear, offering both style and comfort.",3.78,Tesla T4,0.0,3,2,81,False,1.0,True,True
B0727RK4B8,qwen2vl-2b,image_meta,"This jewelry set is a beautiful blend of elegance and sophistication. It includes a necklace and a pair of stud earrings, all crafted in a shiny silver finish. The necklace features a stunning knot design, which adds a touch of sophistication and style to any outfit. The stud earrings are simple yet elegant, with a small, round stone that adds a touch of sparkle. The set is perfect for any occasion, whether it's a special event or a casual day out. The silver finish of the jewelry is durable and resistant to tarnishing, making it a great investment for any jewelry lover.",5.15,Tesla T4,0.5,4,1,103,False,0.98,True,True
B0727RK4B8,qwen2vl-2b,image_only,"This elegant jewelry set is a perfect blend of style and sophistication. The necklace features a stunning knot design, crafted from a shiny silver metal, which adds a touch of elegance and sophistication to any outfit. The pendant is adorned with small, sparkling stones that catch the light, making it a standout piece. The matching earrings are equally stunning, with a similar knot design and a shiny silver finish that complements the necklace perfectly. The set is a great choice for any occasion, whether it's a special event or a day out with friends. The key benefit of this set is that it not only adds a touch of luxury to your wardrobe but also makes a statement with its intricate design and sparkling stones.",6.39,Tesla T4,0.5,4,2,126,False,0.967479674796748,True,True
B001BQ8J2S,qwen2vl-2b,image_meta,"The Pinzon Capitola Center Glass Table is a sleek and modern dining table that features a square glass top and a metal base. The glass top is clear and transparent, allowing for a clean and contemporary look. The metal base is a dark brown color, providing a sturdy and elegant foundation for the table.
One of the key features of this table is its glass top, which is made of tempered glass. Tempered glass is stronger and more durable than regular glass, making it a great choice for a dining table. The glass top is also easy to clean and maintain, as it is resistant to scratches and stains.
Another important feature of this table is its metal base. The metal base is sturdy and durable, providing a stable and secure foundation for",6.98,Tesla T4,0.75,4,2,133,False,0.9389312977099236,True,True
B001BQ8J2S,qwen2vl-2b,image_only,"The product you're looking at is a sleek and modern dining table designed for contemporary settings. Its key features include a square, glass-top design that adds a touch of elegance and transparency to the space. The table is crafted from a dark wood material, which provides a warm and inviting atmosphere. The base is made of metal, ensuring stability and durability. This table is perfect for a variety of dining settings, from intimate gatherings to larger events, and can be customized to fit different room styles. Its key benefit is its ability to enhance the overall aesthetic of any dining area, making it a versatile and stylish choice for both home and commercial spaces.",5.25,Tesla T4,0.5,4,2,116,False,1.0,True,True
B00EQ5GHH0,qwen2vl-2b,image_meta,"This Pinzon UltraSoft 300 Thread Count Percale Cotton Fitted Sheet is a must-have for any bedroom. With its Sky Blue color, it adds a pop of color to any room. The material is made of 100% cotton, which is known for its softness and durability. The fitted sheet is designed to fit standard size mattresses, providing a snug fit that keeps your sheets in place. The 300-thread-count makes it a great value for the price, and the UltraSoft fabric ensures that your sheets feel comfortable and well-cared for. Whether you're looking for a new bed or just want to update your existing sheets, this Pinzon UltraSoft 300 Thread Count Percale Cotton F",5.81,Tesla T4,0.75,4,0,117,False,0.9363636363636364,True,False
B00EQ5GHH0,qwen2vl-2b,image_only,"This product is a high-quality fitted sheet designed to provide a snug fit to your bed, ensuring a comfortable and secure sleep. It's made from a soft, breathable fabric that helps to regulate body heat, keeping you cool and comfortable throughout the night. The fitted sheet is also designed to prevent wrinkles and maintain the shape of your mattress, making it a practical and stylish addition to your bedroom decor.",4.28,Tesla T4,0.25,4,0,72,False,1.0,True,False
B071GC11HX,qwen2vl-2b,image_meta,"The Amazon Brand Find. Women's ankle strap sandal with a stiletto heel, buckle closure, and a gold color.",1.09,Tesla T4,0.6666666666666666,3,0,19,False,1.0,True,False
B071GC11HX,qwen2vl-2b,image_only,"Introducing the elegant and stylish gold metallic sandals from [Brand Name]. These sandals are a must-have for any fashion-forward individual. The key feature of these sandals is their gold metallic finish, which adds a touch of sophistication and glamour to any outfit. The sandals come with a low heel, making them perfect for both casual and formal occasions. The ankle strap adds a touch of elegance and comfort, ensuring that you can wear them all day long without any discomfort. The gold metallic finish not only looks stunning but also provides excellent protection against the elements, making them a reliable choice for any season. Whether you're heading out for a night out or attending a formal event, these sandals are the perfect choice to complete your outfit.",5.94,Tesla T4,0.3333333333333333,3,0,130,False,0.976,True,False
B07MNL95KM,qwen2vl-2b,image_meta,"This product is a set of two microfiber bedding sets for children. The bedding set includes a fitted sheet and a flat sheet. The fitted sheet is 135 x 200 cm, and the flat sheet is 80 x 80 cm. The bedding set is made of microfiber, which is known for its softness and durability. The design of the bedding set features a colorful car pattern, making it visually appealing and suitable for children's rooms. The microfiber material ensures that the bedding set is comfortable and easy to care for. The bedding set is suitable for children's bedrooms and can be used for both summer and winter seasons. Overall, this bedding set is a great choice for children's bedrooms and is a",6.59,Tesla T4,0.25,4,0,125,False,0.9166666666666666,True,False
B07MNL95KM,qwen2vl-2b,image_only,"This product is a set of three colorful and vibrant duvet covers, each featuring a playful airplane design in bright colors such as red, blue, yellow, and green. The duvet covers are made of a soft and comfortable fabric, perfect for providing a cozy and inviting sleep environment. The key features of this product include its vibrant and eye-catching design, which is sure to add a fun and playful touch to any bedroom. The soft fabric ensures that the duvet covers are both comfortable and durable, making them a great choice for both children and adults. The set includes a fitted sheet, which adds an extra layer of comfort and security to the bed. Overall, this product is a great choice for anyone looking to add a touch of fun and color",6.02,Tesla T4,0.25,4,4,133,False,0.946153846153846,True,True
B07WTN5BNF,qwen2vl-2b,image_meta,"The Flavia Women's Handbag is a stylish and practical choice for anyone looking for a versatile accessory. With its sleek black finish and gold hardware, the bag is sure to add a touch of elegance to any outfit. The bag is made of faux leather, which is both durable and easy to maintain. The flap closure with a gold hardware detail adds a touch of sophistication, while the chain strap allows for easy carrying. The bag is perfect for carrying essentials such as a phone, keys, and a wallet, making it a must-have for any woman on the go. Whether you're heading to work or out for a night out, the Flavia Women's Handbag is a reliable and stylish choice.",6.69,Tesla T4,1.0,4,1,124,False,0.940677966101695,True,True
B07WTN5BNF,qwen2vl-2b,image_only,"This product is a stylish and functional clutch bag designed to hold all your essentials. Its key features include a sleek black finish, a gold-toned clasp, and a gold-toned chain strap for easy carrying. The bag features a front flap with a gold-toned zipper, which adds a touch of elegance and security to your belongings. The gold-toned chain strap not only adds a pop of color but also provides a convenient way to carry the bag. This clutch is perfect for everyday use, such as going out for a night out or attending a formal event, as it offers both style and functionality.",5.29,Tesla T4,0.25,4,1,107,False,0.99009900990099,True,True
B07W81PFCV,qwen2vl-2b,image_meta,"This AmazonBasics wooden jewelry/watch box is a stylish and functional storage solution for your jewelry and watches. With its black finish and glass top, it offers a sleek and elegant look that will complement any home decor. The box features a two-drawer design, providing ample space for organizing your jewelry and watches. The glass top allows you to see your items at a glance, making it easy to locate and access your jewelry and watches. The two drawers provide additional storage space, perfect for storing smaller accessories or additional jewelry. The box is made of wood, ensuring durability and longevity. Overall, this jewelry/watch box is a great addition to any home, offering both style and functionality.",5.56,Tesla T4,1.0,3,1,119,False,0.9385964912280702,True,True
B07W81PFCV,qwen2vl-2b,image_only,"This elegant jewelry box is a must-have for any jewelry lover. It features a sleek black finish with a glass top that allows you to see your jewelry at a glance. The box is made of high-quality wood, ensuring durability and longevity. It comes with two drawers, one of which is a jewelry compartment, perfect for storing your rings, earrings, and other small jewelry pieces. The other drawer is a storage compartment for your watches, bracelets, and other accessories. The box is also equipped with a small mirror on the front, making it easy to admire your jewelry in the mirror. With its stylish design and practical features, this jewelry box is a perfect addition to any jewelry collection.",7.38,Tesla T4,0.6666666666666666,3,1,121,False,0.9743589743589745,True,True
B0794VBBJK,qwen2vl-2b,image_meta,"The Rivet Elevated Chevron Patterned Area Rug is a stylish and functional addition to any living space. This rug features a chevron pattern in a neutral color palette, which adds a touch of elegance and sophistication to any room. The rug's neutral color scheme makes it versatile and can be used in a variety of settings, from a living room to a bedroom or even a dining room.
One of the key features of this rug is its durable and easy-care material. The rug is made from a high-quality, durable fabric that is easy to clean and maintain. It is machine-washable, which makes it a practical choice for busy households. The rug's chevron pattern also adds a touch of visual interest and texture to the space, making it",6.74,Tesla T4,0.6666666666666666,3,0,133,False,0.984126984126984,True,False
B0794VBBJK,qwen2vl-2b,image_only,"Introducing our latest addition to the world of home decor - the elegant and versatile Sisal Area Rug. This rug is a true statement piece that will add a touch of sophistication to any room in your home. Its natural, earthy tones make it a perfect choice for a living room, bedroom, or even a hallway, where it can serve as a statement piece or a functional area rug.

One of the key features of this rug is its hand-woven construction, which ensures a unique and authentic texture that is both durable and long-lasting. The natural fibers of sisal are known for their ability to absorb moisture, making it a great choice for areas with high humidity levels. This rug is also easy to clean, as it can be wiped",6.88,Tesla T4,0.3333333333333333,3,0,131,False,0.984375,True,False
B076QFBFS5,qwen2vl-2b,image_meta,"The Amazon Brand Solimo Voyager Rucksack is a versatile and durable backpack designed for outdoor adventures. It features a spacious main compartment with a capacity of 43 liters, making it ideal for carrying all your essentials. The backpack is made of high-quality materials, ensuring durability and comfort during long hikes or trips. The main compartment is equipped with a padded back support and a padded shoulder strap for added comfort and support. The front pocket is spacious enough to hold your water bottle, snacks, or other small items. The backpack is also equipped with a rain cover, making it perfect for rainy days or when you need to protect your belongings from the elements. The exterior has a durable fabric that can withstand the rigors of outdoor use, and the backpack",6.13,Tesla T4,0.25,4,0,132,False,0.9844961240310076,True,False
B076QFBFS5,qwen2vl-2b,image_only,"This is a Solimo Trekking Backpack, designed for outdoor enthusiasts who require a versatile and durable pack for hiking, camping, or travel. The backpack is made of high-quality materials, ensuring it can withstand the rigors of outdoor use. Its main features include a spacious main compartment with multiple compartments for organization, a padded back for comfort, and a padded shoulder strap for added support. The backpack is also equipped with a rain cover, making it suitable for rainy conditions. Its lightweight design makes it easy to carry, and its water-resistant material ensures it can handle the elements. The backpack is perfect for those who want a reliable and functional pack for their outdoor adventures.",6.94,Tesla T4,0.25,4,0,116,False,0.9821428571428572,True,False
B07MXY3SFN,qwen2vl-2b,image_meta,"This product is a pair of women's wool knit sneakers. The key visible features include the black wool material, which provides a warm and comfortable feel. The sneakers have a lace-up closure, allowing for a secure fit. The 8.5 M US size indicates that they are designed to fit women with a foot size of 8.5. The overall design is simple and stylish, making them a great choice for casual wear.",3.76,Tesla T4,0.3333333333333333,3,0,75,False,1.0,True,False
B07MXY3SFN,qwen2vl-2b,image_only,"This product is a stylish and comfortable knit sneaker designed for everyday wear. It features a unique, textured knit upper that provides a cozy and warm feel, perfect for colder weather. The sneaker is also lightweight and breathable, making it ideal for walking or running. The lace-up closure ensures a secure fit, and the low-cut design allows for easy movement. The shoe is also water-resistant, making it suitable for rainy days or other wet conditions. Overall, this sneaker is a great choice for those who value both style and comfort.",5.22,Tesla T4,0.0,3,0,93,False,1.0,True,False
B07FY38FW1,qwen2vl-2b,image_meta,"The Amazon Brand Solimo Oil Pour (700ml) is a versatile and practical kitchen tool designed to help you manage your cooking oil. This oil pour is made of durable plastic, ensuring it can withstand the rigors of daily use. The white color of the oil pour makes it easy to spot and use, while the screw-on lid provides a secure seal to keep your oil fresh and protected from contamination. With its sleek and modern design, the Solimo Oil Pour is a must-have for any kitchen, offering both functionality and style.",5.19,Tesla T4,1.0,4,0,93,False,0.9775280898876404,True,False
B07FY38FW1,qwen2vl-2b,image_only,"This product is a 24-ounce shaker cup designed for use with the popular Shaker Bottle. It features a white lid with a white plastic handle, making it easy to grip and use. The shaker cup is made of durable plastic, ensuring it can withstand the rigors of regular use. Its sleek design and easy-to-grip handle make it a practical and convenient option for anyone looking to add a touch of style to their shaker bottle routine. With its durable construction and easy-to-use features, this shaker cup is a must-have for anyone who wants to make the most of their shaker bottle experience.",4.88,Tesla T4,0.5,4,0,108,False,0.98,True,False
B01MTEI8M6,qwen2vl-2b,image_meta,"The Product is a stylish and comfortable loafer designed for women. It features a French sole, which provides a classic and elegant look. The loafer is made of suede, which adds a touch of sophistication and durability to the shoe. The shoe is also adorned with floral embroidery, which adds a pop of color and personality to the design. The shoe is available in various sizes, including 6.5 B US, and is made by The Fix, a brand known for its high-quality footwear. The shoe is perfect for casual wear or as a statement piece for special occasions. Overall, the Product is a great choice for anyone looking for a stylish and comfortable loafer.",6.78,Tesla T4,0.3333333333333333,3,0,116,False,0.9375,True,False
B01MTEI8M6,qwen2vl-2b,image_only,"This product is a stylish slip-on loafer designed for comfort and style. It features a soft suede upper in a neutral color, providing a classic and timeless look. The slip-on design allows for easy on and off, making it convenient for daily wear. The loafer is adorned with a vibrant floral embroidery, adding a touch of elegance and personality to the footwear. The slip-on style and floral embroidery make it a versatile choice for various occasions, from casual outings to more formal events.",4.2,Tesla T4,0.3333333333333333,3,0,86,False,1.0,True,False
B07S6H4BK4,qwen2vl-2b,image_meta,"The AmazonBasin Baking Cups are a set of 24 silicone baking cups designed to help you bake delicious and healthy treats. These cups are made of silicone, which is a non-stick material that allows you to cook and bake without the need for greasing or oiling the pan. This makes it easy to clean up after baking and ensures that your baked goods turn out perfectly every time. The cups come in a variety of colors, including pink, orange, yellow, green, blue, and purple, so you can choose the color that best matches your baking needs. The cups are also reusable, so you can use them for multiple baking sessions without having to replace them. Overall, the AmazonBasin Baking Cups are a great",6.88,Tesla T4,0.75,4,0,124,False,0.9586776859504132,True,False
B07S6H4BK4,qwen2vl-2b,image_only,"This product is a set of 12 silicone baking cups, designed to make baking and cooking easier and more convenient. The key features of these cups include their non-stick surface, which helps prevent sticking and makes cleanup a breeze. The cups are also microwave-safe, making them perfect for a variety of baking and cooking methods. The rainbow colors add a fun and colorful touch to your baking experience, and the silicone material is safe for both children and pets. With these cups, you can enjoy delicious baked goods without worrying about mess or mess.",4.83,Tesla T4,0.75,4,0,96,False,0.9891304347826086,True,False
B07KNL538Z,qwen2vl-2b,image_meta,"Product Description
Umi is a brand that offers high-quality home decor products. This set of two black blackout curtains is no exception. They are made of high-quality materials that ensure they will last for years to come. The curtains are designed to block out light and noise, making your home feel cozy and comfortable. They are also easy to install, with a simple hook and loop closure system that allows you to hang them up quickly and easily. The curtains are also available in a range of sizes, so you can choose the perfect fit for your home. With Umi, you can be sure that you are getting a high-quality, stylish, and practical home decor product.",5.72,Tesla T4,0.5,4,1,119,False,0.9912280701754386,True,True
B07KNL538Z,qwen2vl-2b,image_only,"This product is a set of 2 black blackout curtains. They are designed to provide a comfortable and energy-efficient way to block out light and keep your home or office cool. The curtains are made of a high-quality, moisture-resistant fabric that helps to keep your space cooler and more comfortable. They are also easy to install, with a simple hook-and-loop closure system that allows for quick and easy adjustments. The curtains are also available in a variety of sizes, so you can choose the perfect fit for your space. Overall, these curtains are a great addition to any home or office, and they will help to keep your space comfortable and energy-efficient.",6.72,Tesla T4,0.25,4,1,118,False,0.9727272727272728,True,True
B081Q7PN6G,qwen2vl-2b,image_meta,"This AmazonBasics Collapsible Lightweight Shopping Cart is a practical and convenient solution for your shopping needs. With its 40-inch height, it's perfect for carrying larger items like furniture or appliances. The cart is made of durable plastic, which is lightweight and easy to clean. The handle is ergonomically designed for comfort and ease of use, making it easy to pull and push. The cart's compact design allows it to fit easily into most car trunks or in the back of a truck. The black color adds a touch of style to your home decor, making it a stylish addition to your living space. Overall, this shopping cart is a great choice for anyone looking for a reliable and practical solution for their shopping needs.",6.32,Tesla T4,1.0,3,1,127,False,0.9836065573770492,True,True
B081Q7PN6G,qwen2vl-2b,image_only,"This product is a versatile and compact portable speaker system designed for outdoor events, concerts, and parties. It features a sleek, black, and durable design that makes it easy to transport and set up quickly. The system includes a powerful speaker that delivers clear, crisp sound, perfect for amplifying music at events. The included carrying handle and wheels make it easy to move from one location to another, ensuring you can reach your audience from any angle. The system is also equipped with a built-in subwoofer for deep bass, enhancing the overall audio experience. With its compact size and ease of transport, this product is an ideal choice for anyone looking to enhance their outdoor entertainment experience.",7.03,Tesla T4,0.3333333333333333,3,0,118,False,0.982608695652174,True,False
B005T5ZSY4,qwen2vl-2b,image_meta,"Strathwood Rocking Chair, Dark Brown, Rocking Chairs, Rocking Chairs, Rocking Chairs, Rocking Chairs, Rocking Chairs, Rocking Chairs, Rocking Chairs, Rocking Chairs, Rocking Chairs, Rocking Chairs, Rocking Chairs, Rocking Chairs, Rocking Chairs, Rocking Chairs, Rocking Chairs, Rocking Chairs, Rocking Chairs, Rocking Chairs, Rocking Chairs, Rocking Chairs, Rocking Chairs, Rocking Chairs, Rocking Chairs, Rocking Chairs, Rocking Chairs, Rocking Chairs, Rocking Chairs, Rocking Chairs, Rocking Chairs, Rocking Chairs, Rocking Chairs, Rocking Chairs, Rocking Chairs, Rocking Chairs, Rocking Chairs,",5.9,Tesla T4,1.0,4,0,75,False,0.0958904109589041,False,False
B005T5ZSY4,qwen2vl-2b,image_only,"This is a beautiful wooden rocking chair that offers a cozy and relaxing seating experience. Its key features include a sturdy frame made of high-quality wood, ensuring durability and longevity. The chair's slatted backrest and armrests provide ample support, making it ideal for reading, napping, or simply relaxing in any room of the house. The comfortable seat cushion adds comfort and support, making it a perfect choice for anyone looking for a comfortable and stylish addition to their living space. With its classic design and comfortable features, this rocking chair is a must-have for anyone looking for a comfortable and stylish seating option.",6.41,Tesla T4,0.75,4,1,106,False,0.9306930693069309,True,True
B07Y8XBG1C,qwen2vl-2b,image_meta,"The AmazonBasics Gaming Office Chair is a high-quality, ergonomic chair designed for comfort and functionality. It features a sleek, modern design with a black frame and a white faux leather seat and backrest. The chair is adjustable in height, tilt, and angle, making it perfect for gaming or office use. The adjustable armrests provide additional support and comfort, and the chair is also height-adjustable, allowing for a comfortable sitting position.
The Philips Hue Play White double Pack is a smart lighting system that can be used to create a warm and inviting atmosphere in your home. The system includes two smart bulbs, each with a 6000K color temperature, which can be controlled using the Philips Hue app. The bulbs can be used",6.17,Tesla T4,1.0,4,0,124,False,0.975,True,False
B07Y8XBG1C,qwen2vl-2b,image_only,"This product is a high-quality gaming chair designed for comfort and functionality. It features a sleek, ergonomic design with a padded seat and backrest, providing support and comfort for long hours of gaming or work. The chair is also adjustable, allowing for a customizable fit to accommodate different body types and preferences. Additionally, it comes with a footrest, which is essential for maintaining proper posture and reducing strain on the legs and feet. The chair is made of durable materials, ensuring longevity and reliability. The key features of this product are its comfort, adjustability, and the inclusion of a footrest, which are all designed to enhance the user's gaming or work experience.",6.88,Tesla T4,0.25,4,0,114,False,0.9818181818181818,True,False
B072MTSFQM,qwen2vl-2b,image_meta,"The Amazon brand, Dames Blok, has released a new line of knee-high boots that are sure to be a hit. These boots are made from high-quality leather, which provides a comfortable and durable fit. The key features of these boots include a block heel, which adds a touch of elegance and style to the design. The boots also feature a round toe, which adds a classic touch to the overall look. The high ankle design ensures that the boots are perfect for colder weather, providing warmth and comfort. The boots are available in a range of colors, so you can choose the perfect pair to match your outfit. With its high-quality materials and stylish design, these boots are sure to be a favorite for fall and winter.",6.56,Tesla T4,0.0,3,1,130,False,0.952,True,True
B072MTSFQM,qwen2vl-2b,image_only,"Certainly! The product you're referring to is a pair of knee-high leather boots. Here's a short and effective product demonstration script:

---

**Product: Knee-High Leather Boots**

**Description:**
Introducing our sleek and stylish knee-high leather boots. These boots are designed to provide both comfort and style, making them perfect for both casual and formal occasions. The boots feature a block heel that adds a touch of elegance and height, while the leather material ensures durability and a classic look. The pointed toe design adds a touch of sophistication, while the smooth leather upper offers a soft and luxurious feel. The adjustable buckle strap allows for a perfect fit, ensuring that the boots are both functional and stylish.

**Key Features:**
- **Comfortable",7.39,Tesla T4,0.0,3,1,123,True,0.9745762711864406,False,True
B07QDS9J73,qwen2vl-2b,image_meta,"This Amazon Shelly sneaker is a versatile and comfortable choice for everyday wear. It features a classic canvas upper, which is both stylish and durable. The shoe is designed with a low profile, providing a relaxed and casual look. The thick sole offers good traction and support, making it ideal for walking or running. The breathable mesh lining ensures breathability, keeping your feet cool and comfortable. The low-cut design allows for easy movement and access to your toes. The shoe is available in various sizes, so you can find the perfect fit for you. Overall, this Amazon Shelly sneaker is a great choice for anyone looking for a stylish and comfortable shoe that can be worn for various occasions.",5.63,Tesla T4,0.3333333333333333,3,0,120,False,0.9572649572649572,True,False
B07QDS9J73,qwen2vl-2b,image_only,"This product is a stylish and functional canvas sneaker designed for everyday wear. Its key features include a classic white canvas upper, providing a clean and timeless look. The sneaker features a low-top design, which allows for easy movement and comfort. The rubber sole is durable and provides excellent traction, making it perfect for various terrains. The sneaker is also available in a range of sizes, ensuring it fits comfortably for all. Its low-top design and durable rubber sole make it a versatile and reliable choice for daily use.",4.4,Tesla T4,0.3333333333333333,3,1,91,False,1.0,True,True
B07P5DRWSL,qwen2vl-2b,image_meta,"Stone & Beam Benavideo Swatch is a versatile and stylish piece of furniture that offers a modern and clean look. This swatch features a light brown fabric with subtle variations in color, giving it a natural and organic feel. The fabric is made from a high-quality material that is both durable and easy to maintain, making it a great choice for any home or office setting.

One of the key features of this swatch is its ability to blend seamlessly with a variety of decor styles. Its light brown color makes it a great choice for a neutral or earthy-themed space, while its subtle variations in color add a touch of sophistication and elegance. The fabric's texture is soft and plush, providing a comfortable and inviting feel to any room.",7.58,Tesla T4,0.6666666666666666,3,1,132,False,0.96875,True,True
B07P5DRWSL,qwen2vl-2b,image_only,"This product is a versatile and high-quality fabric that offers a range of benefits. It is made from a blend of natural fibers, which makes it both durable and comfortable to wear. The fabric is easy to care for, requiring minimal maintenance and being resistant to stains and fading. Its neutral color makes it suitable for a variety of styles and settings, from casual wear to more formal occasions. The fabric is also breathable, providing a cool and comfortable feel, making it ideal for warm weather or outdoor activities. Overall, this fabric is a great choice for those looking for a stylish and practical option for their clothing needs.",5.12,Tesla T4,0.0,3,0,110,False,0.9906542056074766,True,False
B0812C77RN,qwen2vl-2b,image_meta,"This is a stylish and practical boat shoe designed for comfort and style. The key features of this shoe include:

- **Leather Material**: The shoe is made of high-quality leather, providing durability and a classic look.
- **Lace-Up Closure**: The shoe features a lace-up closure, allowing for a secure fit and easy on/off.
- **Ergonomic Design**: The shoe is designed with comfort in mind, offering a comfortable fit and support for your feet.
- **Waterproofing**: The shoe is water-resistant, keeping your feet dry and comfortable in wet conditions.
- **Comfortable Sole**: The sole is made of a soft and cushioned material, providing comfort and support for your feet.

One practical benefit of this shoe is",7.08,Tesla T4,0.0,3,1,115,True,0.9380530973451328,False,True
B0812C77RN,qwen2vl-2b,image_only,"Introducing the Sebago Docksides, a timeless classic that's perfect for any occasion. This boat shoe is crafted from premium leather, ensuring durability and comfort. The lacing system is a classic design, providing a secure fit and a classic look. The tan color adds a touch of elegance to any outfit, making it a versatile addition to your wardrobe.

One of the key features of the Sebago Docksides is their water-resistant construction, which means they can withstand the elements and keep your feet dry. This makes them ideal for outdoor activities, such as boating, fishing, or hiking. The leather material also provides excellent cushioning, making it comfortable to wear for extended periods.

The Sebago Docksides are designed",6.42,Tesla T4,0.0,3,1,118,False,0.9912280701754386,True,True
B07WRJG268,qwen2vl-2b,image_meta,"The Flavia Women's Handbag is a versatile and stylish accessory that offers practicality and style. Key features of this bag include a camel-colored faux leather material, which adds a touch of elegance and durability to the bag. The bag features a top handle, which makes it easy to carry and transport. The bag also has a spacious interior, which can hold all your essentials, such as a laptop, tablet, and other personal belongings. The bag is also equipped with a zippered compartment, which provides additional security and protection for your belongings. The bag's top handle and spacious interior make it a perfect choice for daily use, work, or travel. Overall, the Flavia Women's Handbag is a great investment for anyone looking for a stylish",7.35,Tesla T4,1.0,4,0,128,False,0.9672131147540984,True,False
B07WRJG268,qwen2vl-2b,image_only,"This tote bag is a versatile and stylish choice for your daily essentials. It's made from a durable, water-resistant material that ensures it can withstand everyday wear and tear. The tote features a classic tote shape with a spacious main compartment and a smaller inner pocket, making it perfect for carrying all your essentials. The top zip closure provides easy access to your belongings, and the adjustable shoulder strap allows you to carry it in various ways, whether you prefer a crossbody or a shoulder bag. The tote also has a front pocket with a zipper closure, which can be used to store small items like keys or a wallet. Overall, this tote bag is a great investment for anyone looking for a practical and stylish accessory that can handle the rigors of daily life",6.67,Tesla T4,0.0,4,0,137,False,0.9774436090225564,True,False
B07DJJ8TH1,qwen2vl-2b,image_meta,"This Amazon Brand - Symbol men's sneaker is a stylish and practical choice for your daily wear. The white color adds a classic touch to any outfit, making it a versatile piece. The low-top design ensures that you can move freely while still keeping your feet protected. The material appears to be a durable and comfortable leather, providing a good balance between style and function. The lace-up closure ensures a secure fit, and the overall design is simple and elegant. This sneaker is a great choice for anyone looking for a stylish and functional shoe that can be worn for various occasions.",5.98,Tesla T4,0.5,4,1,104,False,0.98,True,True
B07DJJ8TH1,qwen2vl-2b,image_only,"Introducing the perfect addition to your wardrobe, the stylish and functional white sneakers from our brand. These sneakers are made from high-quality, durable leather that offers a sleek and classic look. The white color adds a pop of brightness to any outfit, making them a versatile choice for various occasions. The lace-up design ensures a secure fit, while the soft and cushioned insole provides comfort and support. The rubber sole provides excellent traction, making them perfect for both casual and formal settings. Whether you're heading out for a casual stroll or attending a formal event, these sneakers are the perfect choice for your daily needs and special occasions.",5.71,Tesla T4,0.5,4,2,111,False,0.9905660377358492,True,True
B07TM6JW3Y,qwen2vl-2b,image_meta,"The AmazonBasics USB 3.0 External Hard Drive is a versatile and reliable storage solution for your computer. It's designed to work with USB 3.0 devices, making it compatible with a wide range of computers and peripherals. The Cruz V2 Fresh Foam design ensures that your drive is protected and easy to access, while the durable plastic casing provides a sleek and stylish look. This drive is perfect for storing important documents, photos, and other files, and it's compatible with both 2.5-inch and 3.5-inch hard drives, making it a versatile choice for your storage needs.",5.98,Tesla T4,1.0,3,1,102,False,1.0,True,True
B07TM6JW3Y,qwen2vl-2b,image_only,"This AmazonBasics External Hard Drive Enclosure is a versatile and reliable solution for storing and protecting your data. It's designed to securely connect to a USB 3.0 port, ensuring a smooth connection and fast data transfer. The enclosure comes with a sleek, black, and durable design, making it a stylish addition to any workspace or home office. Its compact size makes it easy to fit into a variety of environments, and its robust construction ensures that your data is protected from dust and damage. This product is a great choice for anyone looking to enhance the security and organization of their storage solutions.",4.7,Tesla T4,0.6666666666666666,3,1,105,False,1.0,True,True
B082B9QJJN,qwen2vl-2b,image_meta,"This product is a versatile and practical ironing board designed to help you iron clothes efficiently and effectively. It features a sturdy, metal frame with four legs, providing stability and support for the board. The board itself is made of a durable material, which ensures that it can withstand the wear and tear of regular use. The ironing board is also equipped with a non-slip surface, making it easy to move around and prevent slipping on the floor. The ironing board also includes a protective cover, which helps to protect the board from dust, dirt, and other debris. The cover is easy to remove and clean, making it convenient to maintain the board's appearance. Overall, this product is a great choice for anyone looking for a reliable and convenient",5.66,Tesla T4,0.0,3,1,131,False,0.9763779527559056,True,True
B082B9QJJN,qwen2vl-2b,image_only,"This is a versatile and sturdy ironing board designed to help you iron clothes with ease. Its key features include a sturdy metal frame with a black finish, which provides a stable and reliable base for your ironing needs. The board itself is made of a durable material, ensuring that it can withstand the rigors of regular use. The ironing surface is made of a non-slip material, which helps to prevent slipping and ensures that your clothes are ironed evenly and without any damage. The board also includes a built-in iron rest, which allows you to place your iron on the board without worrying about it sliding off. This feature is particularly useful for those who frequently iron clothes and need to keep their ironing tools organized. Overall, this iron",6.64,Tesla T4,0.0,3,2,132,False,0.984375,True,True
B07WJ71B2N,qwen2vl-2b,image_meta,"This Amazon Brand - Symbol Men's Derby shoe is a stylish and practical choice for your wardrobe. The shoe is made of synthetic leather, which is both durable and easy to maintain. The perforated design adds a touch of sophistication and a subtle texture to the shoe's overall look. The lace-up closure ensures a secure fit, while the rubber sole provides good traction and grip on various surfaces. The shoe is available in a range of sizes, from 6 to 10 UK, making it a versatile option for different occasions. Whether you're going to work, attending a formal event, or just need a comfortable and stylish shoe for everyday wear, this Amazon Brand - Symbol Men's Derby shoe is a great choice.",5.46,Tesla T4,0.5,4,2,125,False,0.925,True,True
B07WJ71B2N,qwen2vl-2b,image_only,"This product is a stylish and practical men's lace-up shoe designed for comfort and style. The key features include a perforated leather upper that adds a touch of sophistication and a breathable mesh lining that keeps feet cool and dry. The shoe features a classic Derby style with a low-cut design that offers a comfortable fit. The laces are made of a durable material that ensures a secure fit. The shoe is also available in a range of colors, making it easy to match with various outfits. The key benefit of this shoe is its comfort and style, making it a great choice for everyday wear or special occasions.",6.2,Tesla T4,0.0,4,1,112,False,1.0,True,True
B0847WY2WS,qwen2vl-2b,image_meta,"This stylish and comfortable Flavia Women's Beige Flats are a must-have for your wardrobe. With its classic loafer design, these flats feature a soft and flexible sole for all-day wear. The leather upper is made of high-quality material, ensuring durability and longevity. The pointed toe adds a touch of elegance, while the flat heel keeps your feet comfortable. The beige color is versatile and can be paired with various outfits for a stylish and practical look. Whether you're going to work, running errands, or just relaxing at home, these Flavia Women's Beige Flats are the perfect choice. Get them now and elevate your style!",5.45,Tesla T4,0.6666666666666666,3,1,110,False,0.9705882352941176,True,True
B0847WY2WS,qwen2vl-2b,image_only,"This product is a stylish and comfortable loafer designed for everyday wear. It features a classic penny loafer design with a smooth, patent leather upper that adds a touch of sophistication. The pointed toe and low heel make it suitable for both casual and professional settings. The soft, cushioned insole ensures comfort, while the low heel provides a gentle touch to your steps. The slip-on style allows for easy wear and removal, making it a practical choice for busy individuals. The patent leather adds a touch of elegance to any outfit, making it a versatile addition to your wardrobe.",5.09,Tesla T4,0.0,3,1,100,False,0.9690721649484536,True,True
B00EQ5HKNU,qwen2vl-2b,image_meta,"This Pinzon by Amazon fitted sheet is a great choice for anyone looking for a comfortable and stylish bed sheet. The material is made of 100% cotton, which is known for its softness and durability. The sheet is available in a variety of colors, including the one you see in the picture, which is a beautiful Bijou Blue color.
One of the key features of this sheet is its 160 x 200 x 20 cm size, which makes it suitable for a queen-sized bed. The fitted sheet is also designed to fit snugly around the bed frame, providing a secure and comfortable fit.
Another great feature of this sheet is its ability to be machine-washed and dried, making it easy",7.07,Tesla T4,0.75,4,2,122,False,0.9661016949152542,True,True
B00EQ5HKNU,qwen2vl-2b,image_only,"This product is a fitted sheet designed to fit standard-sized beds. It is made of a soft, breathable fabric that is ideal for providing a comfortable and secure fit for your bed. The key features of this sheet include its fitted design, which ensures that it stays in place and prevents any sheets from slipping off. The fabric is likely to be made of a breathable material, which helps to keep you cool and comfortable while sleeping. This sheet is perfect for those who prioritize both comfort and hygiene in their bedding.",4.33,Tesla T4,0.25,4,0,93,False,0.9888888888888888,True,False
B00MHV01AY,qwen2vl-2b,image_meta,"This Pinzon Heathered Fitted Sheet is a versatile addition to any bedroom. Its key features include a soft, breathable fabric that helps to keep you comfortable and cool. The Heathered pattern adds a touch of elegance and texture to the sheet, making it a stylish choice for any bedroom decor. The 160x200x30 size ensures that it will fit most standard mattresses, providing a snug fit that helps to prevent shifting and sliding. The Pinzon brand is known for its high-quality, durable, and comfortable bedding products, making this sheet a great investment for anyone looking for a comfortable and stylish sleep experience.",6.49,Tesla T4,0.5,4,0,102,False,0.98989898989899,True,False
B00MHV01AY,qwen2vl-2b,image_only,"This product is a fitted sheet designed for use on a standard-sized bed. It is made of a soft, breathable fabric that is ideal for providing a comfortable and moisture-wicking surface. The fitted sheet is designed to fit snugly around the bed frame, preventing any sheets from slipping off and keeping the bed tidy and neat. This feature is particularly useful for those who prefer a more structured and organized bed setup. The sheet's breathable material also helps to keep the bed cool and comfortable during sleep, making it a great choice for hot sleepers or those who prefer a cooler environment. Overall, this fitted sheet is a practical and comfortable addition to any bedroom, offering both style and functionality.",5.3,Tesla T4,0.25,4,0,123,False,0.9745762711864406,True,False
B07JP6G4DZ,qwen2vl-2b,image_meta,"This Marvel Spiderman Spidey Crawl Bed Sheet Set is the perfect addition to any Spiderman fan's bedroom. The set includes a fitted sheet, a flat sheet, and a pillowcase, all made from 100% polyester for durability and comfort. The Spiderman design features his iconic red and blue suit, along with his iconic web and spider web patterns, making it a fun and playful addition to any room. The fitted sheet has a deep pocket to fit most mattresses, while the flat sheet and pillowcase are both fitted to the bed, providing a snug fit that keeps your sheets in place. The set is designed to be easy to care for, with a machine washable design that makes it simple to keep your sheets fresh",7.35,Tesla T4,0.75,4,2,125,False,0.9918032786885246,True,True
B07JP6G4DZ,qwen2vl-2b,image_only,"Introducing the Spider-Man Sheet Set, a must-have for any Spider-Man fan! This set includes a fitted sheet, flat sheet, and pillowcase, all made from soft, breathable fabric. The fitted sheet features a Spider-Man design with a red and blue color scheme, while the flat sheet and pillowcase have a Spider-Man logo with a blue background. The set is designed to provide a comfortable and stylish sleep experience, perfect for any Spider-Man fan's bedroom. With its vibrant colors and iconic design, this sheet set is sure to add a touch of Spider-Man magic to any room.",5.69,Tesla T4,0.25,4,2,103,False,0.989247311827957,True,True
B084W2S62H,qwen2vl-2b,image_meta,"The Amazon Brand Stone & Beam Linden Classic Upholstered Dining Chair is a stylish and functional piece of furniture. This chair is upholstered in a durable and comfortable fabric, which is easy to clean and maintain. The chair's wooden legs provide a sturdy base, and the chair's design is both modern and classic, making it a great addition to any dining room or kitchen.
One of the key features of this chair is its ability to be easily assembled and disassembled, which makes it a great choice for those who want to save space and save money. The chair's design is also ergonomic, with a comfortable seat and backrest that provide support and comfort for long periods of sitting.
Another important feature of this chair is its ability to be used",7.75,Tesla T4,0.6666666666666666,3,1,133,False,0.9224806201550388,True,True
B084W2S62H,qwen2vl-2b,image_only,"This product is a pair of stylish and functional dining chairs. The key features include a dark wood frame with a sleek, modern design, providing a classic yet contemporary look. The fabric upholstery is a comfortable and durable material, ensuring the chairs are both visually appealing and practical for everyday use. The chairs are designed to accommodate a variety of seating arrangements, making them versatile for different dining settings. The key benefit of this product is its ability to enhance the overall dining experience by providing comfortable seating options that complement the dining table and other furniture pieces.",4.32,Tesla T4,0.3333333333333333,3,1,98,False,0.9791666666666666,True,True
B075X65QYF,qwen2vl-2b,image_meta,"The Stone & Beam Leila Tufted Chair is a stylish and comfortable seating option for your home. This chair features a tufted backrest and seat, providing a classic and elegant look. The pewter finish adds a touch of sophistication to the chair, making it a perfect addition to any living room, bedroom, or office space. The chair is made of high-quality materials, ensuring durability and longevity. The wooden legs add a touch of elegance and provide stability to the chair. The chair is easy to clean and maintain, making it a practical choice for any home. Overall, the Stone & Beam Leila Tufted Chair is a great choice for anyone looking for a stylish and comfortable seating option.",6.84,Tesla T4,1.0,4,1,117,False,0.8879310344827587,True,True
B075X65QYF,qwen2vl-2b,image_only,"This elegant armchair is the perfect addition to any modern living space. Its plush, tufted upholstery in a sophisticated shade of gray adds a touch of luxury and comfort. The chair's wooden legs provide a sturdy base, ensuring stability and style. Its tufted backrest and seat offer a luxurious feel, while the plush cushions provide ample support. The chair's clean lines and modern design make it a versatile piece that can complement a variety of decor styles. Its tufted backrest and seat not only add a touch of sophistication but also provide excellent back support, making it an ideal choice for reading, watching TV, or simply relaxing. Whether you're looking for a comfortable seat for yourself or a stylish piece for your living room, this",6.23,Tesla T4,0.25,4,2,128,False,0.967479674796748,True,True
B0746MR6Y8,qwen2vl-2b,image_meta,"The Amazon Brand - 206ID Women's Shearling Moccasin Slipper is a stylish and comfortable choice for your footwear needs. This slipper features a plush, shearling lining that provides warmth and comfort, making it perfect for colder weather. The slipper is made of a soft, plaid fabric that adds a touch of elegance and style to your outfit. The slipper is designed with a slip-on style, making it easy to put on and take off. The slipper also has a soft sole that provides cushioning and support, making it a great choice for everyday wear. The slipper is available in various sizes and colors, so you can find the perfect pair for you. Overall, the Amazon Brand -",6.02,Tesla T4,0.6666666666666666,3,0,117,False,0.9652173913043478,True,False
B0746MR6Y8,qwen2vl-2b,image_only,"This product is a stylish slipper designed for comfort and style. It features a soft, plush lining made of a warm and cozy material, ensuring that your feet are well-protected and comfortable. The slipper is made of a plaid fabric, which adds a touch of elegance and a pop of color to your outfit. The slipper is also designed with a slip-on style, making it easy to slip on and off, and it has a decorative bow on the side, adding a touch of whimsy and style. The slipper is perfect for everyday wear, as it is made of a soft material that can be worn for hours without feeling too hot or too cold.",6.3,Tesla T4,0.3333333333333333,3,0,117,False,0.9469026548672568,True,False
B07YDQRZKF,qwen2vl-2b,image_meta,"WindTak
e
is a brand that specializes in creating high-quality, durable, and stylish backpacks. This particular backpack is a great choice for students or anyone who needs a reliable and functional bag for their daily use. The key features of this backpack include:
1. **Waterproof Material**: The backpack is made of a durable and water-resistant material, which makes it perfect for daily use and travel. The canvas material is known for its durability and resistance to water, making it a great choice for those who need a backpack that can withstand the elements.
2. **Adjustable Straps**: The backpack has adjustable straps that can be adjusted to fit different sizes of backpacks. This feature makes it easy to carry the backpack comfortably and securely",6.37,Tesla T4,0.75,4,0,125,False,0.9834710743801652,True,False
B07YDQRZKF,qwen2vl-2b,image_only,"This product is a stylish and functional backpack designed to meet the needs of both students and professionals. It features a sleek, minimalist design with a flap-over front that provides a secure and stylish look. The backpack is made of high-quality materials, ensuring durability and longevity. It comes with a USB charging port, making it ideal for those who need to charge their devices while on the go. The adjustable straps and padded shoulder straps ensure comfort and support, making it comfortable to wear for extended periods. The backpack is also water-resistant, making it suitable for everyday use in various weather conditions. Overall, this backpack is a great choice for those who value both style and functionality.",6.84,Tesla T4,0.0,4,0,120,False,0.982608695652174,True,False
B07XH45QV7,qwen2vl-2b,image_meta,"The AmazonBasics Hybrid Mattress is a versatile and comfortable option for those looking for a mattress that offers both support and comfort. This mattress is designed to provide a medium level of firmness, making it suitable for a variety of sleep positions and preferences.
One of the key features of the AmazonBasics Hybrid Mattress is its memory foam layer, which is known for its ability to conform to the contours of the body and provide a comfortable and supportive sleep surface. The memory foam layer is also designed to provide a cooler surface, which can help to regulate body temperature and promote a more restful sleep.
Another important feature of the AmazonBasics Hybrid Mattress is its coil spring support, which provides a sturdy and supportive base for the mattress. The",5.92,Tesla T4,1.0,3,0,130,False,0.921875,True,False
B07XH45QV7,qwen2vl-2b,image_only,"This product is a 10-inch memory foam mattress, designed to provide a comfortable and supportive sleep experience. The key features of this mattress include:

1. **Memory Foam Core**: The mattress is made with a memory foam core that conforms to your body's shape, providing a plush and ergonomic sleeping surface. This foam is known for its ability to adapt to your body's movements and provide a cooler, more comfortable sleep.

2. **Edge Support**: The mattress features a side rail system that provides edge support, ensuring that the mattress remains in place and doesn't sag at the sides. This is particularly useful for those who sleep on their sides or back.

3. **Supportive Structure**: The mattress is supported by a sturdy steel frame, which",7.63,Tesla T4,0.6666666666666666,3,1,127,False,0.9834710743801652,True,True
B076VSCT2M,qwen2vl-2b,image_meta,"The AmazonBasics EPI Plus Dog Waste Bag Dispenser Leash Clip is a practical and convenient solution for keeping your dog's waste under control. This dispenser comes with 270 bags, which is enough for a large dog to go on a walk without having to carry around a separate waste bag. The dispenser itself is made of polyethylene, which is durable and easy to clean. The leash clip is designed to be secure and comfortable for your dog to wear, and the dispenser is easy to use and clean. Overall, this dispenser is a great choice for dog owners who want to keep their dogs' waste under control and make their walks more enjoyable.",5.46,Tesla T4,1.0,3,0,114,False,0.990990990990991,True,False
B076VSCT2M,qwen2vl-2b,image_only,"This product is a convenient and eco-friendly way to dispose of pet waste. It comes with a convenient waste bag dispenser, which allows you to easily dispose of waste without having to carry around a separate bag. The dispenser is made of durable plastic and is designed to hold up to 20 bags of waste. The bags themselves are made of biodegradable material, which means they will break down naturally over time and do not contribute to pollution. This product is perfect for pet owners who want to keep their pets clean and their environment clean.",5.48,Tesla T4,0.3333333333333333,3,1,97,False,0.9893617021276596,True,True
B084GPJW8L,qwen2vl-2b,image_meta,"This Amazon Brand - Symbol Men's Black Synthetic Derby shoe is a stylish and practical choice for formal occasions. The shoe features a classic lace-up design with a pointed toe, providing a sleek and elegant look. The synthetic material is durable and easy to maintain, making it a reliable choice for everyday wear or special events. The low heel adds comfort and support, while the black color adds a touch of sophistication to any outfit. Whether you're heading to a business meeting, attending a wedding, or simply looking for a stylish pair of shoes for work, this Amazon Brand - Symbol Men's Black Synthetic Derby shoe is a great option.",5.33,Tesla T4,1.0,4,0,112,False,0.9074074074074074,True,False
B084GPJW8L,qwen2vl-2b,image_only,"This product is a stylish and functional men's dress shoe designed to provide comfort and style. The key features include a classic lace-up design, a sleek cap toe, and a low, wide heel that offers a comfortable fit. The material appears to be leather, which adds a touch of sophistication and durability to the shoe. The shoe is suitable for various occasions, from formal events to everyday wear, making it a versatile addition to any wardrobe. The key benefit of this product is its ability to enhance one's overall appearance and provide comfort during long hours of wear.",5.12,Tesla T4,0.0,4,1,101,False,0.9895833333333334,True,True
B07VX59RX1,qwen2vl-2b,image_meta,"Eono Laundry Hamper is a versatile and practical laundry basket that can be used for both washing and drying clothes. It is made of high-quality fabric, which is durable and easy to clean. The laundry hamper has a large capacity of 82 liters, which means it can hold a lot of clothes at once. The laundry hamper is also foldable, which makes it easy to store and transport. The laundry hamper comes with a handle, which makes it easy to carry and transport. The laundry hamper is also portable, which means it can be used in various locations, such as the bathroom, laundry room, or bedroom. The laundry hamper is also foldable, which means it can be easily stored when not in use",7.68,Tesla T4,0.3333333333333333,3,0,124,False,0.8181818181818182,True,False
B07VX59RX1,qwen2vl-2b,image_only,"This product is a laundry hamper, designed to help you organize and store your laundry. It comes in six different colors, each with a handle for easy carrying. The key features of this hamper include:

1. **Colorful Design**: The hamper is available in six different colors, making it visually appealing and easy to match with your decor.
2. **Handles**: Each hamper has a handle for easy carrying, making it convenient to move around the house.
3. **Foldable Design**: The hamper is foldable, allowing you to store it away when not in use, saving space in your laundry room.
4. **Durable Material**: The hamper is made of durable material, ensuring it can withstand regular use and",5.88,Tesla T4,0.0,3,0,115,False,0.9380530973451328,True,False
B075X4PRVT,qwen2vl-2b,image_meta,"The Stone & Beam Marin Studded Chair is a stylish and functional piece of furniture that is perfect for any home. With its gray fabric upholstery, it adds a touch of elegance to any room. The chair is also equipped with a sturdy wood frame, ensuring that it will withstand the test of time. The studded detailing on the backrest and seat adds a touch of sophistication and adds a touch of luxury to the chair. The chair is also available in a variety of colors, so you can choose the one that best suits your taste. The chair is also available in a variety of sizes, so you can choose the one that best suits your needs. The chair is also available in a variety of sizes, so you can choose the one that best",7.22,Tesla T4,0.75,4,2,135,False,0.7238805970149254,True,True
B075X4PRVT,qwen2vl-2b,image_only,"This elegant armchair is a perfect addition to any living room or bedroom. Its light gray fabric upholstery adds a touch of sophistication and comfort, while the nailhead trim on the backrest and seat adds a touch of elegance and detail. The wooden legs are sturdy and add a classic touch to the chair's design. The chair's adjustable backrest allows for a comfortable sitting experience, and the seat cushion is made of high-quality fabric for added comfort. The chair's modern design and comfortable features make it a great choice for anyone looking for a stylish and functional piece of furniture.",4.73,Tesla T4,0.25,4,2,104,False,0.979591836734694,True,True
B08GL14R5S,qwen2vl-2b,image_meta,"The Amazon Brand Solimo 12-inch Wall Clock is a stylish and functional addition to any home or office space. This clock features a rustic design with a black frame and a wooden texture that gives it a vintage look. The clock face is round and has a black border, and the numbers are white, making it easy to read. The clock has a silent movement, which means it will not make any noise when it ticks, making it perfect for a bedroom or a nursery. The clock is also easy to hang on the wall, with a black hook included. The Solimo brand is known for its high-quality products, and this clock is no exception. It is made of durable materials and is designed to last for years. Overall, the",7.46,Tesla T4,0.75,4,2,132,False,0.9921875,True,True
B08GL14R5S,qwen2vl-2b,image_only,"This product is a stylish and functional wall clock that combines rustic charm with modern design. It features a round, wooden-like face with a black frame, giving it a classic and timeless look. The clock's black hands and numbers make it easy to read, and the clock face is large enough to display the time clearly. The clock's black frame adds a touch of elegance and contrast to the wooden-like face, making it a perfect addition to any home decor. The clock's large size and easy-to-read design make it a practical choice for those who want to keep track of time in a stylish and functional way.",5.13,Tesla T4,0.5,4,1,114,False,0.9714285714285714,True,True
B0845BS2C2,qwen2vl-2b,image_meta,"Flavia Women's Blue Walking Shoes are a comfortable and stylish choice for your daily walks. These shoes feature a breathable mesh upper that allows for breathability and comfort, while the soft and cushioned insole provides support and comfort throughout the day. The zigzag pattern on the upper adds a touch of style and makes the shoes look fashionable. The slip-on design makes it easy to put on and take off, and the lightweight and flexible construction ensures that you can move freely without any discomfort. These shoes are perfect for those who want to look stylish while still being comfortable and practical.",6.08,Tesla T4,1.0,3,0,104,False,1.0,True,False
B0845BS2C2,qwen2vl-2b,image_only,"This product is a stylish and comfortable slip-on sneaker designed for everyday wear. It features a breathable mesh upper made of a soft, lightweight fabric that allows for breathability and ease of movement. The zigzag pattern on the upper adds a unique and eye-catching design element, making it stand out from other sneakers. The sneaker is also equipped with a cushioned footbed that provides support and comfort, ensuring a comfortable and secure fit. The white sole provides traction and durability, making it suitable for various activities. Overall, this slip-on sneaker is a great choice for those who value both style and comfort.",5.55,Tesla T4,0.0,3,1,105,False,1.0,True,True
B07Y66B9BX,qwen2vl-2b,image_meta,"The Stone & Beam Lantern is a charming and functional piece of home decor. It features a rustic, wooden base with a rope handle, giving it a charming and rustic look. The lantern is made of metal and has a white candle inside, which adds a touch of elegance and warmth to the space. The lantern is perfect for adding a touch of charm to any room, and it can be used both indoors and outdoors. The rope handle makes it easy to carry and move around, and the white candle inside provides a soft glow that can create a cozy atmosphere. Overall, the Stone & Beam Lantern is a great addition to any home, and it is sure to add a touch of charm and style to any space.",6.15,Tesla T4,0.6666666666666666,3,3,128,False,0.921875,True,True
B07Y66B9BX,qwen2vl-2b,image_only,"This lantern is a stunning addition to any home or outdoor space. Its key features include a rustic, wooden base with a rope handle, giving it a charming, vintage charm. The lantern is made of metal, ensuring durability and longevity. The white, frosted glass shade allows for a soft, diffused light to shine through, creating a warm and inviting atmosphere. The lantern can be used as a decorative piece or as a functional light source, making it a versatile addition to any room. Its practicality and aesthetic appeal make it a great choice for those looking to add a touch of elegance and style to their home or garden.",5.61,Tesla T4,0.3333333333333333,3,4,109,False,0.9906542056074766,True,True
B0825DN9JL,qwen2vl-2b,image_meta,"This table lamp from the Stone & Beam collection is a modern and stylish addition to any room. The key features of this lamp include its curved glass body, which adds a touch of elegance and sophistication to the design. The lamp also features a white drum shade, which not only complements the glass body but also adds a pop of color and texture to the overall look.
One of the practical benefits of this lamp is its LED bulb. LED bulbs are energy-efficient and long-lasting, making them a great choice for any room. The LED bulb in this lamp provides a soft and warm light, which can create a cozy and inviting atmosphere in any space.
Overall, the Stone & Beam contemporary curved glass table lamp is a stylish and functional piece that will add",6.27,Tesla T4,0.75,4,1,136,False,0.9701492537313432,True,True
B0825DN9JL,qwen2vl-2b,image_only,"This elegant table lamp is a perfect addition to any modern home. Its key features include a sleek, glass base that adds a touch of sophistication and a white, drum-shaped shade that provides ample light. The lamp's design is both functional and stylish, making it a versatile piece that can complement a variety of decor styles. Its key benefit is its ability to enhance the ambiance of any room, whether it's a living room, bedroom, or office, with its warm and inviting light. Whether you're looking for a lamp to light up a specific area or a piece that can be used as a centerpiece, this lamp is sure to be a hit.",6.17,Tesla T4,0.5,4,1,117,False,0.990990990990991,True,True
B003QP2ZCC,qwen2vl-2b,image_meta,"This Pinzon Hotel 100% Egyptian Giza Sateen Sham is a high-quality bedding option that offers a luxurious feel and a stylish look. It's made from 100% Egyptian Giza Sateen fabric, which is known for its exceptional softness and durability. The Sham is available in a variety of colors, including this beautiful shade of green.
One of the key features of this product is its 100% Egyptian Giza Sateen fabric, which is made from the finest cotton fibers. This fabric is known for its exceptional softness and durability, making it a great choice for bedding that will last for years to come.
Another important feature of this product is its standard size, which is",5.71,Tesla T4,0.3333333333333333,3,2,115,False,0.8648648648648649,True,True
B003QP2ZCC,qwen2vl-2b,image_only,"This product is a beautifully designed pillow cover that adds a touch of elegance and comfort to any bedroom. It features a soft, silky texture that feels luxurious against your skin, making it a perfect choice for those who appreciate high-quality bedding. The pillow cover is also machine washable, making it easy to maintain and keep clean. Its elegant ruffled edge adds a touch of sophistication to the overall look of the pillow, while the solid color ensures a seamless fit with any bedding set. Whether you're looking for a new pillow or just want to update your existing one, this pillow cover is a great investment for anyone who values comfort and style.",5.78,Tesla T4,0.0,3,0,116,False,0.9732142857142856,True,False
B07K28QKBR,qwen2vl-2b,image_meta,"This Stone & Beam swatch is a beautiful example of a twill fabric, which is a type of woven fabric that has a subtle, textured appearance. The color of the swatch is a soft, creamy beige, which is a popular choice for home furnishings due to its neutral and versatile nature. This fabric is perfect for use in a variety of rooms, such as living rooms, bedrooms, and dining rooms, where it can add a touch of elegance and warmth to the space.
One practical benefit of using this fabric is that it is easy to clean and maintain. Twill fabrics are generally more durable than other types of fabric, which means that they are less likely to show signs of wear and tear over time. Additionally, twill fabrics are",6.36,Tesla T4,1.0,3,1,129,True,0.96875,False,True
B07K28QKBR,qwen2vl-2b,image_only,"This product is a versatile and high-quality canvas fabric. It's made from a durable and sturdy material that can withstand various weather conditions and is ideal for creating a range of products. The key features of this fabric include its excellent resistance to wear and tear, making it perfect for use in outdoor applications such as backpacks, bags, and tents. Its smooth texture and neutral color make it a great choice for creating a classic and timeless look in your designs. This fabric is also easy to clean and maintain, making it a practical choice for those who value durability and ease of care.",5.6,Tesla T4,0.3333333333333333,3,0,106,False,0.9901960784313726,True,False
B07HSBJ7J9,qwen2vl-2b,image_meta,"The Stone & Beam Stone & Beam Beaufort Dining Chair is a stylish and functional piece of furniture that is perfect for any kitchen or dining room. With its modern design and solid wood construction, this chair is both elegant and durable. The chair's navy blue fabric upholstery adds a pop of color to any space, while the wooden legs provide a touch of natural beauty. The chair's height-adjustable seat allows for easy seating and standing, making it a versatile piece of furniture. The chair's solid wood construction ensures that it will last for years to come, while the navy blue fabric upholstery adds a pop of color to any space. The chair's height-adjustable seat allows for easy seating and standing, making it a versatile piece of furniture. The",7.0,Tesla T4,1.0,3,2,133,False,0.7952755905511811,True,True
B07HSBJ7J9,qwen2vl-2b,image_only,"This product is a pair of stylish and functional dining chairs. The key features include a deep blue fabric seat and backrest, which offer a vibrant and eye-catching look. The wooden legs add a touch of elegance and durability to the design. The chairs are designed to provide comfort and support, making them perfect for dining or any other seating occasion. The deep seat and backrest ensure that you can sit comfortably for extended periods, while the wooden legs provide a sturdy base. The chairs are also easy to clean, making them a practical choice for any home or restaurant setting.",5.01,Tesla T4,0.3333333333333333,3,1,102,False,0.9797979797979798,True,True
B08BP9Y1HF,qwen2vl-2b,image_meta,"Hello! I'm here to help you find the perfect glass measuring cup for your kitchen. The AmazonBasics Glass Measuring Cup, 2 Cup Capacity (0.5 Liters), is a great choice for anyone looking to measure out precise amounts of liquid. With its transparent design, you can easily see how much liquid is in the cup, making it easy to measure out the right amount for your recipe or cooking project.
One of the key features of this measuring cup is its 2 Cup capacity, which is perfect for measuring out ingredients for a variety of recipes. The cup is also made of durable glass, which is easy to clean and maintain. The transparent design makes it easy to see how much liquid is in the cup, which can",7.56,Tesla T4,0.6666666666666666,3,0,129,False,0.936,True,False
B08BP9Y1HF,qwen2vl-2b,image_only,"Hello there! I'm excited to introduce you to the Amazon Basics line of products. These products are designed to provide you with high-quality, affordable solutions to your everyday needs. One of the key features of the Amazon Basics line is its simplicity and ease of use. Whether you're looking for a new pair of shoes, a new kitchen utensil, or a new laptop, the Amazon Basics line has got you covered.
One of the key benefits of the Amazon Basics line is its affordability. You can find a wide range of products at a great price, without sacrificing quality. Whether you're looking for a budget-friendly phone case or a budget-friendly kitchen appliance, the Amazon Basics line has got you covered.
In addition to its affordability, the Amazon Basics",6.43,Tesla T4,0.3333333333333333,3,0,134,False,0.8333333333333334,True,False
B00MPOB0JE,qwen2vl-2b,image_meta,"This Pinzon Amazon Egyptian Cotton Sateen Light Gray Double Fitted Sheet is a must-have for any bedroom. It's made of 100% cotton, ensuring a soft and comfortable sleep experience. The light gray color adds a touch of elegance to any room, while the fitted sheet's snug fit keeps your sheets in place and prevents them from slipping off the bed. This sheet is perfect for those who value both style and comfort in their bedding.",4.45,Tesla T4,0.75,4,0,78,False,1.0,True,False
B00MPOB0JE,qwen2vl-2b,image_only,"This product is a fitted sheet designed to provide a snug fit to your bed, ensuring a comfortable and secure sleep. It's made from a soft, breathable fabric that helps to regulate body heat, keeping you cool and comfortable throughout the night. The fitted sheet also features a deep pocket to fit your mattress, ensuring a snug fit and preventing any movement or shifting during sleep. This sheet is ideal for those who prioritize a good night's sleep and want to ensure their bedding is both stylish and functional.",3.85,Tesla T4,0.25,4,0,91,False,0.9885057471264368,True,False
B07QKNN9RZ,qwen2vl-2b,image_meta,"This Amazon product is a casual shoe designed for comfort and style. The shoe features a canvas upper made of durable fabric, providing a breathable and lightweight option for everyday wear. The shoe is equipped with a low-cut design, which allows for easy movement and flexibility. The shoe also includes a soft insole for added comfort and support. The shoe is available in a size 9.5 M US, making it a versatile choice for both men and women. The shoe is a great option for those who value both style and comfort in their footwear.",4.51,Tesla T4,0.3333333333333333,3,0,97,False,0.978494623655914,True,False
B07QKNN9RZ,qwen2vl-2b,image_only,"This product is a stylish and functional sneaker designed for everyday wear. It features a classic canvas upper in a navy blue color, providing a bold and eye-catching look. The sneaker is equipped with a lace-up closure, ensuring a secure fit and a clean, polished look. The rubber sole is designed for durability and provides excellent traction, making it perfect for various terrains. The sneaker is also available in a range of sizes, ensuring it fits comfortably for both men and women. With its stylish design, practical features, and durability, this sneaker is a great choice for anyone looking for a versatile and comfortable footwear option.",6.19,Tesla T4,0.0,3,3,108,False,0.9903846153846154,True,True
B07VSFKYLX,qwen2vl-2b,image_meta,"The Amazon Brand - Symbol Men's Sneaker is a stylish and comfortable choice for your daily wear. This shoe features a breathable mesh upper, providing a cool and airy feel. The sneaker is designed with a low-cut profile, offering a relaxed fit that allows for ease of movement. The lace-up closure ensures a secure fit, while the rubber sole provides traction and durability. The red and black color scheme adds a pop of color to your outfit, making it a versatile addition to your wardrobe. Whether you're heading to work or out for a casual day, this sneaker is a great choice for comfort and style.",5.42,Tesla T4,0.75,4,1,109,False,0.9903846153846154,True,True
B07VSFKYLX,qwen2vl-2b,image_only,"This product is a stylish and comfortable sneaker designed for everyday wear. It features a unique, textured upper made from a blend of materials that provide both breathability and durability. The sneaker comes with a lace-up closure, allowing for a secure fit and easy on-off. The design is modern and trendy, making it a great choice for both casual and formal occasions. The key feature is its comfortable cushioned insole, ensuring all-day comfort and support. The sneaker is also available in a range of colors, making it versatile for various outfits.",4.74,Tesla T4,0.25,4,0,94,False,1.0,True,False
B07SSJML8Y,qwen2vl-2b,image_meta,"The Drop Jordan mule is a stylish and practical shoe that offers a unique and comfortable design. Key features of the mule include a pointed toe, a block heel, and a leather upper. The mule is perfect for casual wear and can be worn with a variety of outfits. The pointed toe adds a touch of elegance and the block heel provides extra support and comfort. The leather upper is durable and easy to maintain. The Drop Jordan mule is a versatile shoe that can be worn with jeans, dresses, or even leggings. It is a great choice for everyday wear and can be worn to work or out on the town.",5.93,Tesla T4,0.3333333333333333,3,1,112,False,0.9181818181818182,True,True
B07SSJML8Y,qwen2vl-2b,image_only,"This product is a stylish and functional mule that offers a unique and elegant look. It features a pointed toe design, which adds a touch of sophistication and flair to the overall look. The chunky heel adds a touch of height and makes it perfect for both casual and formal occasions. The leather material is durable and comfortable, making it a great choice for everyday wear. The mule is also easy to wear and can be paired with various outfits, making it a versatile piece in your wardrobe.",4.33,Tesla T4,0.3333333333333333,3,1,88,False,0.9651162790697676,True,True
B07XRGDKPX,qwen2vl-2b,image_meta,"The Flavia Women's Black Fashion Sandal is a stylish and comfortable choice for your summer wardrobe. With its two-tone design, it features a black upper and a white sole, creating a striking contrast that adds a touch of elegance to any outfit. The ankle strap adds a touch of sophistication and security, while the low heel ensures that it's perfect for all-day wear.
The material of the sandal is polyurethane, which is known for its durability and ease of care. The strap is made of leather, which provides a soft and comfortable fit. The low heel design means that it's perfect for those who want to wear heels without the risk of discomfort.
The Flavia Women's Black Fashion Sandal is a versatile and stylish choice for",7.9,Tesla T4,0.75,4,2,132,False,0.9112903225806452,True,True
B07XRGDKPX,qwen2vl-2b,image_only,"This product is a stylish and comfortable sandal designed for everyday wear. It features a two-tone design with a black and white upper, providing a classic and elegant look. The sandal is made of a soft, breathable material that ensures breathability and comfort, making it perfect for warm weather. The adjustable strap with a buckle closure ensures a secure fit, while the low heel adds a touch of sophistication to the design. The sandal is also lightweight, making it easy to wear all day long. Overall, this sandal is a great choice for those who want a stylish and comfortable footwear option.",5.61,Tesla T4,0.25,4,1,103,False,0.97,True,True
B07KRB8HJY,qwen2vl-2b,image_meta,"This Linen Swatch from the Ravenna Home collection is a versatile and timeless choice for your home decor. The Linen fabric is known for its soft, breathable, and durable properties, making it a popular choice for both indoor and outdoor use. The swatch features a neutral color palette, which can easily complement a variety of interior design styles.
One of the key features of this swatch is its texture. The Linen fabric has a subtle, woven pattern that adds a touch of sophistication and texture to any space. The swatch is also machine washable, which makes it easy to maintain and care for.
Another practical benefit of this swatch is its versatility. Linen is a versatile fabric that can be used in a variety of settings",7.14,Tesla T4,0.6666666666666666,3,0,126,False,0.9516129032258064,True,False
B07KRB8HJY,qwen2vl-2b,image_only,"Certainly! The product you're referring to is a high-quality, durable fabric that is perfect for a variety of uses. It's made from a blend of natural fibers, which makes it both comfortable and eco-friendly. The fabric is known for its excellent moisture-wicking properties, which means it keeps you cool and dry in hot weather. Additionally, it's easy to care for, requiring only mild cleaning to maintain its appearance. This fabric is ideal for use in outdoor furniture, curtains, and upholstery, where its durability and comfort are essential.",4.98,Tesla T4,0.0,3,0,93,False,1.0,True,False
B07YFGWMQ2,qwen2vl-2b,image_meta,"The Skechers Fresh Zapatillas de Moda de Con Cordones para Mujer, White/Silver, is a stylish and functional shoe designed for women. Key features include a breathable mesh upper made of a combination of mesh and synthetic materials, providing ventilation and comfort. The shoe features a low-cut design for ease of movement, and the outsole is made of durable rubber for traction and durability. The shoe also has a low profile, making it suitable for casual wear. The shoe is available in a range of sizes and can be worn with various outfits for a comfortable and stylish look.",5.72,Tesla T4,0.3333333333333333,3,3,100,False,1.0,True,True
B07YFGWMQ2,qwen2vl-2b,image_only,"The product being demonstrated is a pair of white athletic shoes designed for comfort and style. The key visible feature is the mesh upper, which provides breathability and a modern, sporty look. The shoe also features a cushioned footbed for added comfort during long walks or runs. The shoe's design is sleek and modern, making it a stylish choice for both casual wear and exercise. The shoe's white color and silver accents add a touch of elegance to its appearance.",4.67,Tesla T4,0.3333333333333333,3,2,82,False,1.0,True,True
B07NTTVKB5,qwen2vl-2b,image_meta,"Eono is a brand that specializes in creating high-quality, affordable accessories for various electronic devices. One of their key features is the ability to support tablets and smartphones, making it easy to use and convenient for users. The product is designed to be practical and durable, ensuring that it can withstand the rigors of daily use. The adjustable stand allows users to position the device at the optimal angle for optimal viewing and ease of use. This product is ideal for those who need a reliable and versatile stand for their electronic devices.",4.2,Tesla T4,0.6666666666666666,3,0,94,False,1.0,True,False
B07NTTVKB5,qwen2vl-2b,image_only,"This product is a versatile and adjustable tablet stand that offers a comfortable and stable surface for your iPad or other tablets. It features a sleek black design that complements any modern interior. The adjustable height allows you to position the stand to suit your viewing angle, whether you're reading, working, or watching videos. This stand is perfect for those who need to keep their devices at an optimal viewing distance, ensuring they can comfortably use their tablets without any strain. With its compact size, it's easy to store and transport, making it a practical and convenient accessory for your daily tablet usage.",6.02,Tesla T4,0.3333333333333333,3,1,105,False,1.0,True,True
B07BMQXWX1,qwen2vl-2b,image_meta,"This Stone & Beam throw pillow is the perfect addition to any home decor. With its light gray and white buffalo check pattern, it adds a touch of rustic charm to any space. The 20"" x 20"" cover and insert make it a versatile piece that can be used in a variety of settings, from the living room to the bedroom. The light gray color scheme is both neutral and calming, making it a great choice for any room. The buffalo check pattern adds a touch of texture and pattern to the pillow, making it a standout piece. Overall, this Stone & Beam throw pillow is a great choice for anyone looking for a stylish and functional addition to their home decor.",6.24,Tesla T4,1.0,3,2,120,False,0.9166666666666666,True,True
B07BMQXWX1,qwen2vl-2b,image_only,"This product is a stunning throw pillow that brings a touch of elegance and comfort to any room. It features a classic buffalo check pattern in a neutral color palette, which makes it versatile and suitable for a variety of decor styles. The pillow is made from high-quality fabric, ensuring durability and longevity. Its square shape and plush texture make it a perfect addition to any sofa, chair, or bed, providing both style and comfort. The neutral color scheme allows it to blend seamlessly with a wide range of interior designs, making it a practical and stylish choice for any home.",5.0,Tesla T4,0.3333333333333333,3,0,102,False,1.0,True,False
B07WTN3XJ1,qwen2vl-2b,image_meta,"The Flavia Women's Clutch is a stylish and practical accessory that offers a range of features to enhance your outfit. Key features include a spacious interior that can hold all your essentials, such as a phone, keys, and cards, and a detachable strap that allows you to carry it in various ways, such as a crossbody or as a clutch. The Faux Leather material is durable and easy to maintain, and the Clutch is designed to be both functional and fashionable. Whether you're heading out for a night out or running errands, the Flavia Women's Clutch is a must-have for your daily carry.",5.93,Tesla T4,0.5,4,0,107,False,0.9504950495049505,True,False
B07WTN3XJ1,qwen2vl-2b,image_only,"This product is a sleek and stylish wallet designed to keep your essentials organized and handy. Its key features include a spacious main compartment with multiple card slots and a secure zip closure, making it perfect for carrying your cards, cash, and small items. The wallet also features a detachable wristlet strap, allowing you to carry it in your hand or attach it to your bag for easy access. The durable leather material ensures longevity and durability, making it a reliable companion for your daily use.",3.82,Tesla T4,0.25,4,0,86,False,1.0,True,False
B07XKMKM98,qwen2vl-2b,image_meta,"The Amazon Brand Solimo Fabric Foldable Laundry Organiser is a practical and space-saving solution for organizing laundry. Made from durable fabric, it features a foldable design that allows for easy storage and transport. The grey color adds a touch of style to any home, while the practical features make it an ideal choice for keeping your laundry area tidy and organized. Whether you're a busy household or someone with limited space, this laundry organiser is a must-have for anyone looking to streamline their laundry routine.",4.32,Tesla T4,1.0,4,0,88,False,0.9759036144578314,True,False
B07XKMKM98,qwen2vl-2b,image_only,"This product is a laundry hamper that is designed to keep your laundry organized and tidy. It features a sturdy, non-woven fabric that is both durable and easy to clean. The hamper has a lid that can be easily lifted to access the laundry, and it comes with two handles for easy carrying. The dimensions of the hamper are 58 cm x 58 cm x 58 cm, making it a compact and space-saving solution for small laundry rooms. The Renewed label indicates that this product has been recently restocked and is in good condition.",5.11,Tesla T4,0.25,4,0,96,False,0.9782608695652174,True,False
B084GPTW1K,qwen2vl-2b,image_meta,"The Amazon Brand - Symbol Men's Brown Synthetic Boat Shoe is a stylish and practical choice for your daily wear. This shoe features a classic boat style with a lace-up closure, providing a comfortable fit. The brown color adds a touch of elegance to any outfit, making it a versatile addition to your wardrobe. The synthetic material ensures durability and ease of maintenance, making it a reliable choice for everyday use. Whether you're heading to work or out for a casual day, this shoe is sure to complement your outfit and keep your feet comfortable.",4.83,Tesla T4,0.75,4,0,97,False,0.989247311827957,True,False
B084GPTW1K,qwen2vl-2b,image_only,"This product is a stylish and practical men's dress shoe designed for comfort and style. It features a classic lace-up design with a smooth leather upper that provides a sleek and polished look. The shoe is also equipped with a comfortable cushioned insole and a supportive heel counter, ensuring all-day wear without discomfort. The shoe's low heel height and low profile make it suitable for various occasions, from business meetings to casual outings. Its versatile design and comfortable features make it a great choice for anyone looking for a stylish and functional shoe.",4.84,Tesla T4,0.0,4,1,97,False,0.989010989010989,True,True
B0812CRMT2,qwen2vl-2b,image_meta,"The Mokassin Boot by Clarks Originals is a stylish and functional shoe that offers a unique and comfortable fit. Key features of this boot include:

1. **Comfortable Fit**: The Mokassin Boot is designed with a soft and flexible sole that provides excellent cushioning and support, making it ideal for everyday wear.

2. **Stylish Design**: The boot features a classic moccasin style with a lace-up front and a decorative strap that adds a touch of elegance. The pointed toe and low-cut design make it versatile for various occasions.

3. **Color Options**: The boot comes in a variety of colors, including the one you mentioned, which is a vibrant shade of Arancione (orange). This color choice makes",6.17,Tesla T4,0.3333333333333333,3,0,117,False,0.991150442477876,True,False
B0812CRMT2,qwen2vl-2b,image_only,"Introducing the Clarks Wallabee Boot, a timeless classic that's sure to add a touch of elegance to any outfit. Crafted from premium suede, this boot features a classic lace-up front with a soft, cushioned insole for added comfort. The breathable mesh upper allows for breathability, making it perfect for warm weather. The stylish chukka silhouette adds a touch of ruggedness to the design, while the low-cut heel ensures a comfortable fit. The signature Clarks logo on the tongue adds a touch of branding, while the rubber outsole provides excellent traction and durability. Whether you're heading out for a casual stroll or a more formal occasion, the Clarks Wallabee Boot is a must-have for any wardrobe.",6.65,Tesla T4,0.0,3,1,120,False,0.9646017699115044,True,True
B07QR3YYVD,qwen2vl-2b,image_meta,"This AmazonBasics iPad Pro 2017 Smart Case is a must-have for anyone looking to protect their device while keeping it stylish and organized. With its sleek navy blue color, this case is sure to stand out on your desk or in your bag. The case is designed to fit the 12.9-inch iPad Pro, providing a secure and comfortable grip. It also includes a built-in magnetic closure, which ensures that your device stays closed when not in use. The case is also compatible with the Apple Pencil, making it easy to use with your favorite apps and games. With its durable material and easy-to-use features, this case is the perfect choice for anyone looking to protect their iPad Pro 2017 and",6.74,Tesla T4,1.0,3,1,126,False,0.940677966101695,True,True
B07QR3YYVD,qwen2vl-2b,image_only,"This product is a Renewed iPad Pro 12.9-inch Case, designed to protect and enhance the appearance of your device. Key features include a sleek, minimalist design that fits snugly to prevent any accidental drops or scratches. The case is made of durable material, ensuring it can withstand daily use and provide protection against everyday wear and tear. The case also features a magnetic closure, making it easy to remove and replace without the need for tools. The case is also compatible with the Apple Pencil, allowing you to use it for writing and drawing on your iPad. Overall, this case is a great choice for anyone looking to keep their iPad Pro 12.9-inch in top condition while also enjoying its sleek and stylish design.",6.91,Tesla T4,0.3333333333333333,3,0,128,False,0.9836065573770492,True,False
B07M9CM11L,qwen2vl-2b,image_meta,"The AmazonBasics Clear Acrylic Ball Finial 1"" Double Rod is a versatile and stylish addition to any home. This set includes two rods, each measuring 36-72 inches in length, and two ball finials, each featuring a clear acrylic ball design. The rods are made of metal and are designed to be adjustable, allowing you to customize the length to fit your needs. The ball finials add a touch of elegance and sophistication to the overall look of your room. This set is perfect for adding a touch of modern style to your home decor. With its clear acrylic ball design, it will complement any color scheme and add a unique touch to your room. The adjustable length of the rods allows you to create a custom",6.59,Tesla T4,0.75,4,1,127,False,0.9758064516129032,True,True
B07M9CM11L,qwen2vl-2b,image_only,"Introducing our elegant and versatile glass ball curtain rods! These rods are the perfect addition to any home, offering a stylish and functional solution for your window treatments. With their sleek design and clear glass ball tops, these rods not only enhance the aesthetic appeal of your windows but also provide a unique and eye-catching look. The adjustable length of these rods allows for flexibility in customizing the length to fit your specific window dimensions, ensuring a perfect fit every time. The satin nickel finish adds a touch of sophistication to the overall look, making these rods a perfect choice for both modern and classic interior designs. With their durability and ease of installation, these glass ball curtain rods are a must-have for anyone looking to update their home's decor while maintaining functionality.",6.7,Tesla T4,0.5,4,1,136,False,0.9923664122137404,True,True
B07YV667X7,qwen2vl-2b,image_meta,"This high-top canvas sneaker from Collo Alto is a stylish and functional choice for your wardrobe. The shoe features a classic high-top design, providing a comfortable fit that can be worn with a variety of outfits. The canvas material gives the sneaker a casual and relaxed look, while the blue color adds a pop of color to any outfit. The lace-up front and white sole add a touch of sophistication to the shoe. The shoe is available in a size of 36 EU, making it a versatile option for both men and women. Whether you're looking for a casual look for everyday wear or a more formal look for special occasions, this sneaker is a great choice.",6.36,Tesla T4,0.3333333333333333,3,1,121,False,1.0,True,True
B07YV667X7,qwen2vl-2b,image_only,"Introducing the perfect addition to your wardrobe, the stylish and functional high-top sneakers from our brand. These sneakers are crafted from a durable, light blue denim material that offers a classic and timeless look. The high-top design adds a touch of elegance and a hint of edginess to any outfit, making them a standout piece.

Key features of these sneakers include a lace-up closure for a secure fit, a comfortable cushioned sole for all-day wear, and a soft, breathable lining that keeps your feet cool and dry. The light blue denim color not only adds a pop of color to any outfit but also provides a versatile look that can be dressed up or down.

One of the key benefits of these sneakers is their comfort and durability. The light",6.52,Tesla T4,0.3333333333333333,3,0,134,False,0.984375,True,False
B07TNS38P7,qwen2vl-2b,image_meta,"The Amazon Brand Symactive Men's Black Running Shoe is a versatile and comfortable choice for your daily run. This shoe features a breathable mesh upper that allows for breathability and freedom of movement, making it perfect for those who prefer a more relaxed fit. The shoe also has a cushioned footbed that provides support and comfort during your run, ensuring a more enjoyable and less累tive experience. The shoe is designed with a low-cut style that allows for ease of movement and a snug fit, making it ideal for both casual and athletic wear. The shoe is available in various sizes, so you can find the perfect fit for your needs. Overall, the Amazon Brand Symactive Men's Black Running Shoe is a great choice for those who want a comfortable",7.44,Tesla T4,0.75,4,0,133,False,0.9133858267716536,True,False
B07TNS38P7,qwen2vl-2b,image_only,"This product is a versatile and comfortable athletic shoe designed for both casual and workout wear. Its key features include a breathable mesh upper made of a durable and lightweight fabric, providing breathability and comfort during physical activities. The shoe features a cushioned footbed that offers support and comfort, ensuring a more comfortable and secure fit. The shoe also has a low-cut design, allowing for ease of movement and flexibility. The shoe's color scheme is bold and eye-catching, making it a stylish choice for both casual and workout wear. Its lightweight and breathable design make it an ideal choice for everyday wear or for those who prefer a more casual look.",5.31,Tesla T4,0.25,4,0,114,False,0.9541284403669724,True,False
B07QSYXM6P,qwen2vl-2b,image_meta,"The AmazonBasics Business Laptop Case - 17"" is a versatile and practical choice for those who need to carry their laptop on the go. With its navy blue color, it's a stylish addition to any workspace or office environment. The case is made of durable material, ensuring that your laptop is protected from scratches and damage. The padded shoulder strap provides comfort and support, making it easy to carry for long periods. The case also features a front pocket, which is perfect for storing important documents or accessories. Whether you're on the go or working from home, the AmazonBasics Business Laptop Case - 17"" is a reliable and practical choice that will keep your laptop safe and secure.",7.14,Tesla T4,0.6666666666666666,3,1,118,False,0.9310344827586208,True,True
B07QSYXM6P,qwen2vl-2b,image_only,"This product is a versatile laptop bag designed to protect and carry your laptop comfortably. It features a spacious main compartment with a padded laptop compartment that securely holds your device, ensuring it remains protected during transit. The bag also includes a detachable shoulder strap, making it easy to carry on your back or over your shoulder, providing a comfortable and secure way to transport your laptop. The bag is made of high-quality materials, ensuring durability and longevity. Its key features include a padded laptop compartment, a detachable shoulder strap, and a durable construction, making it an excellent choice for travelers and professionals who need to carry their laptops securely and comfortably.",4.93,Tesla T4,0.3333333333333333,3,0,113,False,0.9727272727272728,True,False
B07YFH33TL,qwen2vl-2b,image_meta,"This Skechers men's sneaker is a perfect blend of style and comfort. The key features of this shoe include its Skechers Arizin memory foam insole, which provides exceptional cushioning and support for your feet. The mesh upper is breathable, allowing your feet to breathe while still keeping them protected from moisture and debris. The lace-up closure ensures a secure fit, and the rubber outsole provides traction and durability. The Skechers logo on the tongue adds a touch of branding, while the black color scheme makes it a versatile choice for various occasions. Overall, this Skechers Arizin sneaker is a great choice for anyone looking for a comfortable and stylish footwear option.",6.33,Tesla T4,0.6666666666666666,3,1,113,False,0.9908256880733946,True,True
B07YFH33TL,qwen2vl-2b,image_only,"This product is a Skechers athletic shoe designed for comfort and style. The shoe features a black mesh upper with a breathable mesh design that allows for ventilation and a comfortable fit. The shoe also has a cushioned footbed for added support and comfort during long walks or runs. The laces are made of a durable material, ensuring a secure fit. The shoe is perfect for those who want a stylish and functional athletic shoe that can be worn for various activities.",4.04,Tesla T4,0.6666666666666666,3,0,82,False,0.9875,True,False
B07NPT3P1W,qwen2vl-2b,image_meta,"This flat is a must-have for your wardrobe. It's made from a soft leather material that offers comfort and durability. The pointed toe design adds a touch of elegance to any outfit. The flat sole provides excellent support and comfort, making it perfect for everyday wear. The tan color adds a classic touch to any outfit, making it a versatile addition to your collection. Whether you're going to work or out for the day, this flat is the perfect choice.",4.12,Tesla T4,0.3333333333333333,3,1,83,False,0.9871794871794872,True,True
B07NPT3P1W,qwen2vl-2b,image_only,"This elegant flat from [Brand Name] is a must-have for your wardrobe. It's crafted from premium leather, ensuring durability and comfort. The pointed toe design adds a touch of sophistication, while the soft lining provides a cozy feel. The flat sole offers a comfortable and versatile style, perfect for both work and leisure. The classic colorway makes it versatile for various outfits, and the subtle stitching adds a touch of elegance. This flat is a must-have for anyone looking for a stylish and comfortable footwear option.",5.07,Tesla T4,0.0,3,1,89,False,0.9523809523809524,True,True
B07N27ZPVJ,qwen2vl-2b,image_meta,"This Amazon Brand - Find. Men's suede loafer is a stylish and practical choice for your daily wear. The key features of this shoe include:

1. **Suede Material**: The shoe is made of suede, which is a soft, durable, and comfortable material. It provides a classic and elegant look.

2. **Comfortable Fit**: The shoe is designed with a cushioned insole that offers excellent comfort and support, making it suitable for everyday wear.

3. **Durable Construction**: The shoe is made with durable materials, ensuring it will last for many years of use.

4. **Dressy Look**: The suede material and classic design make it suitable for both casual and dressy occasions.

5. **Comfortable",6.48,Tesla T4,0.3333333333333333,3,0,111,False,0.963302752293578,True,False
B07N27ZPVJ,qwen2vl-2b,image_only,"This product is a stylish and comfortable men's slip-on moccasin. It features a sleek black suede upper with a bow detail, giving it a classic and elegant look. The moccasin is designed with a soft, cushioned insole for added comfort and support, making it perfect for everyday wear. The slip-on design allows for easy on and off, and the soft sole provides excellent traction and durability. The key features of this product are its stylish design, comfortable insole, and durable sole. The key benefit is its ability to provide both style and comfort, making it a great choice for both casual and formal occasions.",5.76,Tesla T4,0.3333333333333333,3,0,107,False,1.0,True,False
B07KR64TBW,qwen2vl-2b,image_meta,"Umi is a brand that specializes in creating high-quality home decor products. Their products are designed to add a touch of elegance and comfort to any room in your home. The Dark Grey Chenille Pillow Cover is no exception. It is made of a soft and comfortable Chenille fabric, which is known for its warm and cozy feel. The pillow cover is square-shaped and measures 40x40 cm, making it perfect for use in any room. The Dark Grey color adds a touch of elegance and sophistication to the pillow cover, while the Chenille fabric provides a soft and luxurious feel. The pillow cover is also machine washable, making it easy to keep clean and maintain. Overall, the Dark Grey Chenille Pillow Cover is a great",7.14,Tesla T4,1.0,4,0,127,False,0.8861788617886179,True,False
B07KR64TBW,qwen2vl-2b,image_only,"This product is a set of 4 decorative throw pillows. They are made of a soft, plush fabric that provides a comfortable and cozy feel. The pillows are square-shaped and feature a solid color design, which adds a touch of style to any room. They are perfect for adding a pop of color and a pop of style to your home decor. The pillows are machine washable, making them easy to maintain and keep clean. They are also great for use in a variety of settings, such as in a living room, bedroom, or even as a decorative accent in a kitchen or bathroom. Overall, these throw pillows are a great addition to any space and will add a touch of elegance and comfort to your decor.",6.99,Tesla T4,0.5,4,0,128,False,0.968,True,False
B07TJ1DMQ6,qwen2vl-2b,image_meta,"This product is a men's loafer shoe designed for casual wear. It features a classic penny loafer style with a smooth, suede upper that provides a comfortable and stylish look. The shoe has a low-cut design, which allows for ease of movement and a relaxed fit. The sole is made of a durable material that provides good traction and support, making it suitable for various activities.
The shoe is available in a range of sizes, including 8, 9, 10, and 11 UK. It is made of high-quality materials and is designed to provide comfort and style for men who are looking for a casual shoe that can be worn on a daily basis.
The shoe is a great choice for those who want a",6.29,Tesla T4,0.0,3,0,127,False,0.9836065573770492,True,False
B07TJ1DMQ6,qwen2vl-2b,image_only,"Introducing our stylish and versatile men's loafers, designed to elevate any outfit. These shoes are crafted from high-quality suede, ensuring a sleek and sophisticated look. The key feature of these loafers is the classic penny loafer design, which adds a touch of classic charm to any ensemble. The leather sole provides excellent traction and durability, making them perfect for both casual and formal occasions.

One of the key benefits of these shoes is their comfort. The soft suede material offers a comfortable fit, while the cushioned insole ensures all-day wear without any discomfort. The loafers are also easy to clean, making them a practical choice for those who value both style and practicality.

Whether you're heading to a business meeting, attending a formal",5.9,Tesla T4,0.3333333333333333,3,1,127,False,1.0,True,True
B07WH3VKGH,qwen2vl-2b,image_meta,"The Amazon Brand - Symbol Men's D.G.Grey Oxford Dress Shoes are a stylish and practical choice for any occasion. These shoes feature a classic Oxford design, which is characterized by their formal and elegant look. The shoes are made of synthetic leather, which provides durability and comfort. The Oxford style also adds a touch of sophistication to any outfit, making them a great choice for formal events or business meetings. The shoes come in a range of sizes, so you can find the perfect fit for you. The Amazon Brand - Symbol Men's D.G.Grey Oxford Dress Shoes are a great investment for anyone looking for a stylish and practical shoe that can be worn for various occasions.",6.54,Tesla T4,1.0,4,1,121,False,0.8956521739130435,True,True
B07WH3VKGH,qwen2vl-2b,image_only,"This product is a stylish and functional men's dress shoe designed to provide comfort and style. The key features of this shoe include its leather upper, which offers durability and a classic look, and its lace-up design, which allows for easy on and off. The shoe is also equipped with a rubber sole, which provides traction and stability on various surfaces. The key benefit of this shoe is its ability to provide a polished and professional appearance, making it suitable for formal occasions or business settings.",4.23,Tesla T4,0.0,4,2,88,False,0.988095238095238,True,True
B07JKJKDLD,qwen2vl-2b,image_meta,"This product is a rectangular throw pillow that features a unique design with two horizontal leather-like straps. The pillow is made of a beige fabric, which adds a touch of elegance and comfort to any room. The straps add a practical element, providing a decorative accent that can be used to hold items such as a remote control or a small pillow. The pillow is designed to be both functional and stylish, making it a great addition to any home decor.",4.64,Tesla T4,0.6666666666666666,3,1,82,False,0.9873417721518988,True,True
B07JKJKDLD,qwen2vl-2b,image_only,"This rectangular throw pillow is a stylish addition to any home decor. It features a beige linen fabric with a subtle texture that adds a touch of sophistication. The pillow is adorned with brown leather accents that add a touch of elegance and a hint of rustic charm. The leather straps are neatly sewn in place, ensuring a secure and elegant fit. The pillow's rectangular shape and the contrasting colors make it a versatile piece that can complement a variety of decor styles. Its size and design make it perfect for adding a pop of color and texture to any room, whether it's a living room, bedroom, or even a kitchen. The leather accents not only add a touch of luxury but also provide a unique and eye-catching element to the pillow. Overall, this",6.24,Tesla T4,0.6666666666666666,3,2,137,False,0.9772727272727272,True,True
B07ZT9XVNH,qwen2vl-2b,image_meta,"Material: The glasses are made of high-quality glass, which is durable and resistant to breakage. The material is also transparent, allowing you to see the contents of the glasses clearly.
Shape: The glasses are designed to be tall and narrow, which helps to keep the beer cold and foam-free. The shape also makes it easier to hold and drink from.
Size: The glasses are designed to hold a standard 16-ounce beer, which is a common size for most beer glasses.
Usage: The glasses are perfect for drinking beer, as they are made of durable glass and have a high-quality design. They are also easy to clean and maintain, making them a great addition to any bar or home bar.
Overall, the Umi.",6.09,Tesla T4,0.5,4,1,126,False,0.95,True,True
B07ZT9XVNH,qwen2vl-2b,image_only,"Introducing our 6-piece beer glass set, designed to enhance the enjoyment of your favorite craft beers. This set includes six high-quality, clear glasses that are perfect for serving a variety of beers, from light ales to dark stouts. Each glass is made of durable glass, ensuring that it can withstand the heat and cold of your favorite beverages. The set includes a variety of sizes, so you can choose the perfect glass for your beer, whether it's a standard pint or a larger pitcher. With its sleek design and clear glass, these glasses will make your beer tasting experience even more enjoyable. Whether you're hosting a party or just enjoying a glass of your favorite brew at home, these glasses are a must-have for any beer lover.",6.91,Tesla T4,0.0,4,1,132,False,0.976,True,True
B07CJJT5QX,qwen2vl-2b,image_meta,"The AmazonBasics Towel Set is a practical and affordable option for those looking to add a touch of luxury to their bathroom. This set includes 10 towels, each measuring 27 inches by 54 inches, making it suitable for use in a variety of settings, such as the shower, bath, or even as a bath towel. The towels are made of 500 GSM cotton, which is a high-quality material that is both durable and soft to the touch. The towels are also fade-resistant, meaning they will not show signs of color fading over time, which is a significant advantage for those who want to maintain the appearance of their towels for a longer period. The towels are also machine washable, making them easy",6.5,Tesla T4,0.6666666666666666,3,1,124,False,0.9666666666666668,True,True
B07CJJT5QX,qwen2vl-2b,image_only,"This product is a set of 12 high-quality, 100% cotton hand towels. The key visible feature is their soft and absorbent texture, which makes them perfect for drying hands after washing. The towels are also machine washable, making them convenient for daily use. One of the key benefits of these towels is their ability to keep hands dry and comfortable, especially after a long day of activities. They are ideal for use in bathrooms, kitchens, or anywhere else where quick drying is necessary.",5.26,Tesla T4,0.3333333333333333,3,1,84,False,1.0,True,True
B07VHNMRY8,qwen2vl-2b,image_meta,"This Amazon Brand - Movian 2-Door 1-Shelf TV Stand is a versatile piece of furniture that can enhance the aesthetics of any living space. Its key features include a sleek, modern design that complements contemporary decor. The TV stand is crafted from particle board, which is a durable and sturdy material that can withstand regular use. The black metal legs add a touch of elegance and stability to the stand, ensuring that it will not tip over even when loaded with heavy items. The 2 doors and 1 shelf provide ample storage space for electronics, gaming consoles, and other media devices. The 176 x 40 x 58 cm size makes it suitable for a variety of room sizes, including small and medium",6.1,Tesla T4,0.75,4,0,123,False,0.9916666666666668,True,False
B07VHNMRY8,qwen2vl-2b,image_only,"This sleek and modern TV stand is a perfect addition to any living room or entertainment area. Its wooden finish adds a touch of warmth and sophistication, while the white doors and shelves offer a clean, contemporary look. The adjustable shelves allow you to customize the storage space to suit your needs, whether you're using it for books, games, or other small items. The minimalist design makes it easy to blend with various decor styles, and the black metal legs provide stability and a stylish finish. Overall, this TV stand is a functional and stylish piece that will enhance the look and functionality of your living space.",6.01,Tesla T4,0.5,4,1,108,False,0.9809523809523808,True,True
B07RSYFX4L,qwen2vl-2b,image_meta,This product is a men's casual shoe designed for comfort and style. The shoe features a classic lace-up design with a brown leather upper that provides a stylish and durable look. The sole is made of a soft material that offers good traction and comfort on various surfaces. The shoe is suitable for casual wear and can be worn with a variety of outfits.,2.93,Tesla T4,0.3333333333333333,3,1,66,False,1.0,True,True
B07RSYFX4L,qwen2vl-2b,image_only,"Introducing the Clarks Wallabee, a timeless and versatile shoe that offers both style and comfort. This shoe is crafted from premium leather, giving it a rich, warm brown hue that's both elegant and durable. The classic lace-up design ensures a secure fit, while the soft, cushioned insole provides all-day comfort. The unique design features a breathable mesh upper, allowing for breathability and ease of movement. The sole is made of durable rubber, ensuring durability and traction on various surfaces. The Wallabee is perfect for everyday wear, from casual outings to formal events, offering both style and functionality.",5.32,Tesla T4,0.3333333333333333,3,2,100,False,0.9894736842105264,True,True
B001E0V4HI,qwen2vl-2b,image_meta,"This Pinzon Hemstitch 400 Thread Count Egyptian Cotton Sateen Full/Queen Duvet Set is a perfect addition to any bedroom. The eggshell color of the duvet set is a classic choice that will complement any decor. The 400 thread count means that the fabric is soft and comfortable, providing a luxurious feel. The hemstitch design adds a touch of elegance and detail to the set. The full/queen size ensures that it will fit most standard beds. The set includes a duvet cover and a pillowcase, making it a complete bedding set. The Pinzon brand is known for producing high-quality bedding products, so you can be confident that this set will provide you with a comfortable and stylish",7.3,Tesla T4,0.75,4,0,119,False,0.9736842105263158,True,False
B001E0V4HI,qwen2vl-2b,image_only,"This product is a high-quality, luxurious bed sheet set that offers a premium experience for your bedroom. It features a beautiful, elegant white color that adds a touch of sophistication to any room. The set includes a fitted sheet, a flat sheet, and two pillowcases, providing a complete bedding solution. The fitted sheet is designed to fit snugly around your bed, ensuring a perfect fit and providing extra support. The flat sheet is soft and comfortable, while the pillowcases are made of a breathable, hypoallergenic fabric that helps to keep you cool and comfortable throughout the night. This set is perfect for those who value comfort and style in their bedding.",4.89,Tesla T4,0.0,4,1,112,False,1.0,True,True
B083SDZRMC,qwen2vl-2b,image_meta,"Product Name: Amazon.com: Amazon Kids' Honor Fashion Sneaker, Grey, 9 Toddler
Brand: Amazon
Color: Grey
Size: 9 Toddler
Description: Amazon.com's Amazon Kids' Honor Fashion Sneaker is a stylish and comfortable shoe for toddlers. The shoe features a soft, breathable mesh upper that keeps your child's feet cool and dry. The velcro straps provide a secure fit, making it easy for your child to put on and take off. The shoe also has a cushioned footbed that provides extra comfort and support. The Amazon Kids' Honor Fashion Sneaker is a great choice for toddlers who love to explore and play. It's a fun and functional shoe that will keep your child's feet happy",7.03,Tesla T4,0.3333333333333333,3,1,118,False,0.9272727272727272,True,True
B083SDZRMC,qwen2vl-2b,image_only,"This product is a stylish and functional sneaker designed for children. It features a comfortable and breathable mesh upper made of a durable fabric that provides a cool and airy feel. The sneaker is equipped with a velcro strap for easy and secure closure, ensuring that it stays put on your child's feet. The sole is made of a soft and cushioned material, providing excellent support and comfort during your child's daily activities. The sneaker is also designed to be easy to clean, making it a practical choice for parents looking for a reliable and practical footwear option for their children.",4.85,Tesla T4,0.0,3,0,103,False,0.9797979797979798,True,False
B07SKTX4F1,qwen2vl-2b,image_meta,"Waterdrop is a brand that specializes in water filtration products. This particular model is a 10-cup water filter pitcher with a 5X lifetime guarantee. It is designed to remove lead, fluoride, chlorine, and other contaminants from tap water. The pitcher is BPA-free and made of durable plastic. The handle is made of wood, providing a comfortable grip. The pitcher is also dishwasher-safe, making it easy to clean and maintain. Overall, this water filter pitcher is a great option for those looking for a reliable and effective way to improve the quality of their tap water.",4.77,Tesla T4,0.3333333333333333,3,2,98,False,0.978494623655914,True,True
B07SKTX4F1,qwen2vl-2b,image_only,"This product is a Brita water filter pitcher, designed to purify and filter tap water. It features a blue plastic body with a wooden handle for easy grip. The key visible feature is the filter basket, which is located at the bottom of the pitcher. This filter basket is made of a durable material and is designed to remove impurities and contaminants from the water, ensuring that the water you drink is safe and clean. The pitcher is also equipped with a spout for easy pouring and a spout lid for easy cleaning. The key benefit of this product is its ability to provide clean, safe water for drinking, making it a valuable addition to any kitchen or home.",6.43,Tesla T4,0.6666666666666666,3,2,119,False,0.9914529914529916,True,True
B085FJV33J,qwen2vl-2b,image_meta,"This is a comfortable and stylish recliner chair that is perfect for anyone who wants to relax and unwind. The chair is made of high-quality leather, which is durable and easy to maintain. The chair has a swivel mechanism, which allows you to rock back and forth, providing a relaxing and soothing experience. The chair is also easy to clean, as it is made of a stain-resistant material.
The chair has a comfortable seat and backrest, which provide support and comfort for your back. The chair is also easy to move, as it is lightweight and easy to transport. The chair is also easy to assemble, as it comes with all the necessary parts and instructions.
The chair is available in a variety of colors, including brown, black,",5.95,Tesla T4,0.6666666666666666,3,2,130,False,0.8809523809523809,True,True
B085FJV33J,qwen2vl-2b,image_only,"Introducing the Southern Motion Recliner, a piece of furniture that offers a comfortable and stylish addition to any living space. This recliner is crafted from premium leather, giving it a luxurious and durable appearance. Its plush cushions provide ample support, making it perfect for lounging or reading. The recliner's swivel feature allows you to easily change your seating position, making it ideal for watching TV or movies. Its adjustable headrest and footrest ensure maximum comfort and convenience. The recliner's sleek design and modern look make it a stylish choice for any room, from the living room to the bedroom. With its comfortable features and stylish design, the Southern Motion Recliner is a must-have for anyone looking for a comfortable and functional piece of",6.99,Tesla T4,0.0,3,1,126,False,0.9834710743801652,True,True
B075X4F5C3,qwen2vl-2b,image_meta,"This modern ottoman from the Rivet brand is a stylish addition to any living space. With its 27-inch width, it offers ample seating for guests or personal belongings. The ottoman is crafted from rust-resistant wood, ensuring durability and longevity. The blackwood finish adds a touch of elegance to the piece, making it a versatile piece for any room. The ottoman's design is sleek and contemporary, with a clean, minimalist aesthetic that can complement a variety of decor styles. Whether you're looking for a piece to add a pop of color to your space or a functional piece to store your belongings, the Rivet Modern Angled Ottoman is a great choice.",5.74,Tesla T4,0.5,4,1,114,False,1.0,True,True
B075X4F5C3,qwen2vl-2b,image_only,"This product is a stylish and functional ottoman that offers a comfortable seating option for your living room or bedroom. Its key features include a plush, textured fabric that provides a cozy and inviting atmosphere, while the wooden legs add a touch of elegance and durability to the design. The ottoman's deep seat and generous size make it perfect for storing blankets, pillows, or other items, while its low profile allows it to blend seamlessly into any decor. The ottoman's versatility and comfort make it a must-have for anyone looking to enhance their living space with a stylish and functional piece of furniture.",5.62,Tesla T4,0.0,4,1,106,False,0.9801980198019802,True,True
B081T82W9Q,qwen2vl-2b,image_meta,"This product is a stylish and comfortable women's flat shoe designed for everyday wear. The key features of this shoe include a pointed toe, which adds a touch of elegance and sophistication to the design. The maroon color of the shoe is a bold and vibrant choice that can complement a variety of outfits. The flat sole provides a soft and cushioned footbed, making it ideal for walking and daily activities. The white trim adds a subtle touch of elegance and adds a pop of color to the shoe. The pointed toe and flat sole make it a versatile shoe that can be worn with a variety of outfits, from casual to formal. Overall, this shoe is a great choice for women who want a stylish and comfortable flat shoe that can be worn for various",6.17,Tesla T4,0.3333333333333333,3,1,137,False,0.9328358208955224,True,True
B081T82W9Q,qwen2vl-2b,image_only,"Certainly! The product being demonstrated is a pair of women's flats. The key visible feature is the intricate studded detailing on the upper part of the shoes, which adds a stylish and fashionable touch. The shoes are designed with a pointed toe and a soft, cushioned sole, making them comfortable and suitable for everyday wear. The studded detailing not only adds a touch of elegance but also provides a unique and eye-catching design element. The overall look is both stylish and functional, making it a popular choice for women looking for a fashionable and comfortable footwear option.",5.15,Tesla T4,0.3333333333333333,3,0,99,False,1.0,True,False
B07YV7KJMM,qwen2vl-2b,image_meta,"This loafer is a stylish and comfortable choice for your daily wear. It features a soft leather upper that provides a gentle touch on your feet. The loafer is designed with a classic penny loafer style, which adds a touch of sophistication to your outfit. The pink color adds a pop of color to your wardrobe, making it a versatile piece that can be worn with various outfits. The loafer is also made of soft leather, which means it will provide you with a comfortable and supportive fit. The loafer is available in the color pink, which is a soft and gentle color that will complement most outfits. Overall, this loafer is a great choice for those who want a stylish and comfortable shoe that can be",6.64,Tesla T4,0.3333333333333333,3,0,127,False,0.944,True,False
B07YV7KJMM,qwen2vl-2b,image_only,"This stylish pair of loafers is a must-have for any wardrobe. The key features include a soft, suede upper that offers a comfortable and elegant look. The classic penny loafer design is both timeless and versatile, making it suitable for various occasions. The soft, cushioned insole ensures all-day comfort, while the low heel adds a touch of sophistication. The slight heel height adds a touch of height without compromising on comfort. The soft, suede upper and cushioned insole make this pair a perfect choice for those who value both style and comfort.",4.59,Tesla T4,0.0,3,0,94,False,0.9666666666666668,True,False
B084TBHLMR,qwen2vl-2b,image_meta,"The ""Fit Women's Running Grey"" by ""Fit"" is a comfortable and versatile slip-on sneaker designed for everyday wear and running. This shoe features a breathable mesh upper made of a durable and lightweight fabric, ensuring breathability and comfort during your daily activities. The shoe's sole is made of a durable rubber material, providing excellent traction and stability on various surfaces, including concrete, asphalt, and grass. The shoe's design is also suitable for running, with a cushioned insole that offers support and comfort during long periods of wear. The shoe's low-cut design allows for ease of movement and flexibility, making it perfect for both casual and athletic wear. Overall, the ""Fit Women's Running Grey"" is a great choice for those who",7.56,Tesla T4,0.3333333333333333,3,1,127,False,0.9491525423728814,True,True
B084TBHLMR,qwen2vl-2b,image_only,"This product is a stylish and comfortable slip-on sneaker designed for everyday wear. It features a breathable mesh upper made of a soft, stretchy fabric that provides a snug fit and allows for breathability. The sneaker has a low-cut design, which means it's easy to slip on and off, making it convenient for daily use. The sole is made of a durable material that offers good traction and support, ensuring that you can walk all day without any discomfort. The color scheme is simple and elegant, with a gray upper and a white sole, making it a versatile choice for various occasions. Overall, this slip-on sneaker is a great choice for those who value both style and comfort.",6.08,Tesla T4,0.0,3,2,122,False,0.9913793103448276,True,True
B07KRZRNV3,qwen2vl-2b,image_meta,"The UMI Home 2 Piece Housse de Coussin is a stylish and practical addition to any home decor. This set includes two decorative pillows, each measuring 40x40cm, making them perfect for adding a touch of elegance to any seating area. The pillows are made of high-quality fabric, ensuring they will withstand the test of time and provide comfort to your loved ones. The design is simple yet elegant, making it a great choice for any room in your home. Whether you're looking for a new pillow for your couch or a new addition to your bedroom, the UMI Home 2 Piece Housse de Coussin is a must-have. So why wait? Add this beautiful addition to your home today!",7.22,Tesla T4,0.6666666666666666,3,0,121,False,0.9224137931034484,True,False
B07KRZRNV3,qwen2vl-2b,image_only,"This product is a stylish and functional throw pillow. It features a light blue color with a subtle, textured pattern that adds a touch of sophistication to any room. The pillow is made of a soft, high-quality fabric that is both durable and comfortable to touch. It is designed to complement a variety of decor styles, from modern to classic, and can be used as a decorative element in any room. The pillow's size is suitable for most couches and sofas, making it a versatile addition to any space. Its key features include a soft, high-quality fabric, a subtle, textured pattern, and a stylish light blue color. The product benefits include its ability to add a touch of sophistication to any room, its durability and comfort, and its versatility",5.72,Tesla T4,0.0,3,1,132,False,0.9448818897637796,True,True
B089QK71LM,qwen2vl-2b,image_meta,"Eono's Pillow is a practical and comfortable solution for those who need a restful sleep on the go. Its key features include a lightweight and compact design, making it ideal for travel, camping, and even office use. The pillow is made of durable materials that can withstand the rigors of outdoor conditions, ensuring that it will last for many nights of rest. Its ergonomic shape provides support and comfort, helping to reduce neck and back pain. The pillow's compact size makes it easy to store and transport, making it a great choice for those who want to bring comfort with them wherever they go. So, whether you're on a long flight or just need a quick nap during a busy day, Eono's Pillow is the perfect choice to help",6.68,Tesla T4,0.3333333333333333,3,0,133,False,0.984251968503937,True,False
B089QK71LM,qwen2vl-2b,image_only,"This product is a lightweight, portable, and comfortable inflatable pillow designed for outdoor activities. It features a compact and durable construction, making it ideal for camping, hiking, and other outdoor adventures. The pillow is made of high-quality materials that provide excellent support and comfort, ensuring a restful sleep even during long periods of travel or outdoor activities. Its lightweight and portable nature makes it easy to pack and carry, making it a practical and convenient addition to any outdoor gear set.",3.91,Tesla T4,0.0,3,0,82,False,1.0,True,False
B07QF9Y24J,qwen2vl-2b,image_meta,"This beautiful mid-century modern swivel chair from Stone & Beam is a timeless piece that will add a touch of elegance to any office or living space. With its cream-colored fabric, it offers a neutral base that can easily complement a variety of decor styles. The chair's swivel feature allows for easy movement, making it perfect for those who need to switch between sitting and standing positions. The wooden base provides a sturdy foundation, ensuring that the chair remains stable and comfortable even when used for extended periods. The chair's tufted backrest adds a touch of sophistication and comfort, while the nailhead trim adds a touch of elegance and detail. The chair's swivel feature and comfortable design make it a versatile piece that can be used in both office",6.05,Tesla T4,1.0,3,1,133,False,0.952755905511811,True,True
B07QF9Y24J,qwen2vl-2b,image_only,"This is an elegant office chair that combines style and functionality. The chair features a button-tufted backrest, which adds a touch of sophistication and comfort. The fabric is a neutral beige, which is both stylish and versatile, suitable for various office settings. The chair is also equipped with a wooden base, which provides a classic and timeless look. The chair's adjustable height ensures that it can be customized to fit different workspaces, making it a versatile piece for both home and office use. The chair's design is both practical and aesthetically pleasing, making it a great addition to any office or home office space.",5.8,Tesla T4,0.3333333333333333,3,1,107,False,0.9901960784313726,True,True
B07VP48FB2,qwen2vl-2b,image_meta,"Material: Synthetic
Style: Derby
Color: M.Grey
Brand: Amazon Brand - Symbol
Size: 8 UK
Style: Derby
Color: M.Grey
Brand: Amazon Brand - Symbol
Size: 8 UK
Material: Synthetic
Style: Derby
Color: M.Grey
Brand: Amazon Brand - Symbol
Size: 8 UK
Style: Derby
Color: M.Grey
Brand: Amazon Brand - Symbol
Size: 8 UK
Style: Derby
Color: M.Grey
Brand: Amazon Brand - Symbol
Size: 8 UK
Style: Derby
Color: M.Grey
Brand: Amazon Brand - Symbol
Size: 8 UK
Style: Derby",6.35,Tesla T4,0.75,4,0,78,False,0.2105263157894736,False,False
B07VP48FB2,qwen2vl-2b,image_only,"This product is a stylish and practical men's shoe designed for comfort and style. It features a classic lace-up design with a smooth leather upper that offers a sleek and sophisticated look. The shoe is equipped with a cushioned insole for added comfort and support, making it ideal for everyday wear. The durable rubber sole provides excellent traction and durability, ensuring that you can wear it for various occasions, from casual outings to formal events. The shoe's design is both functional and stylish, making it a great choice for anyone looking for a reliable and fashionable footwear option.",5.84,Tesla T4,0.0,4,2,101,False,1.0,True,True
B08FHKLHGJ,qwen2vl-2b,image_meta,"This product is a set of two bed sheets, each measuring 135x200cm (53x79 inches) and 80x80cm (32x32 inches). The sheets are made of 19 Momme hypoallergenic 100% Egyptian cotton, ensuring a soft and comfortable sleep experience. The sheets are also machine washable, making them easy to maintain and keep clean. The color of the sheets is a vibrant red, which adds a touch of elegance and warmth to any bedroom. The sheets are designed to fit standard-sized beds and are perfect for both single and double beds. Overall, this set of sheets is a great choice for anyone looking for a comfortable and",5.84,Tesla T4,0.0,3,2,104,False,0.9702970297029704,True,True
B08FHKLHGJ,qwen2vl-2b,image_only,"This product is a high-quality, luxurious bed sheet set that is designed to provide a comfortable and elegant sleep experience. The key features of this set include:

1. **Material**: The sheets are made of 100% pure cotton, which is known for its softness, breathability, and durability. This material is also hypoallergenic, making it ideal for those with sensitive skin or those who are prone to allergies.

2. **Design**: The sheets feature a modern, geometric pattern that adds a touch of sophistication to any bedroom decor. The design is both stylish and eye-catching, making the sheets a statement piece in any room.

3. **Size**: The sheets come in a variety of sizes to fit most standard beds,",6.67,Tesla T4,0.0,3,1,118,False,1.0,True,True
B076BSFTTX,qwen2vl-2b,image_meta,"The Amazon Brand Solimo Microfibre Reversible Comforter is a versatile and comfortable addition to any bedroom. This comforter is designed to provide a cozy and supportive sleep experience. The deep purple and ocean blue color scheme adds a touch of elegance and style to any bedroom decor. The comforter is made of high-quality microfibre, which is known for its softness and breathability. It is machine washable, making it easy to maintain and keep clean. The reversible design allows you to change the color of the comforter, giving you the option to switch between the two colors. Overall, the Amazon Brand Solimo Microfibre Reversible Comforter is a great choice for those looking for a comfortable and stylish bedding option.",5.64,Tesla T4,0.75,4,0,119,False,0.9396551724137931,True,False
B076BSFTTX,qwen2vl-2b,image_only,"This product is a versatile and comfortable duvet that offers a unique and stylish way to keep warm. It's designed with a purple and teal color scheme, creating a visually appealing and eye-catching look. The duvet is made from a soft and hypoallergenic material, ensuring that it's gentle on your skin and perfect for those who want to enjoy a cozy sleep without worrying about irritation.

One of the key features of this duvet is its ability to provide a comfortable and supportive sleep experience. The material is designed to retain warmth, making it perfect for colder weather. Additionally, the duvet is machine washable, making it easy to maintain and keep clean. This makes it a great choice for those who want a comfortable and practical bedding option",6.27,Tesla T4,0.5,4,0,131,False,0.9682539682539684,True,False
B0028N6SXU,qwen2vl-2b,image_meta,"Product Name: Pinzon Kids Print Citrus Twin Duvet Cover
Brand: Pinzon
Color: Citrus
Material: Cotton
Size: Twin
Description: This Pinzon Kids Print Citrus Twin Duvet Cover is a perfect addition to any child's bedroom. The vibrant and cheerful print of citrus fruits will add a fun and playful touch to the room. The cotton material is soft and comfortable, making it a great choice for kids. The twin size is perfect for a single bed, and the cover is machine washable, making it easy to keep clean. This Pinzon Kids Print Citrus Twin Duvet Cover is a great value for the price, and it will add a fun and colorful touch to any child's",6.1,Tesla T4,0.75,4,0,116,False,0.8482142857142857,True,False
B0028N6SXU,qwen2vl-2b,image_only,"This product is a beautifully designed bed sheet set that brings a touch of elegance and comfort to any bedroom. The key features of this set include a vibrant and playful floral pattern in shades of pink, green, and yellow, which adds a fun and lively atmosphere to the room. The set includes a fitted sheet, a flat sheet, and two pillowcases, making it a complete bedding solution. The fitted sheet is designed to fit snugly around the mattress, while the flat sheet provides a soft and comfortable layer on top. The pillowcases are also included, ensuring a complete and cozy sleep experience. This set is not only visually appealing but also practical, offering a comfortable and stylish way to enhance the look and feel of your bedroom.",5.92,Tesla T4,0.0,4,3,128,False,1.0,True,True
B07NYSJH2F,qwen2vl-2b,image_meta,"This end table is a perfect addition to any modern living space. With its sleek and contemporary design, it features a white finish that adds a touch of elegance to any room. The table is made of wood, ensuring durability and long-lasting use. The top is made of wood, which adds a natural and rustic feel to the table. The table has a single drawer, which is perfect for storing small items like remote controls or books. The drawer is made of wood as well, maintaining the overall aesthetic of the table. The table's design is simple yet elegant, making it a great choice for any room.",6.16,Tesla T4,0.6666666666666666,3,0,109,False,0.961904761904762,True,False
B07NYSJH2F,qwen2vl-2b,image_only,"This is a beautifully crafted bedside table that offers a sleek and modern design. Its white finish adds a touch of elegance to any bedroom or living space. The table features a single drawer with a smooth, polished surface, providing ample storage space for books, magazines, or other small items. The curved legs and elegant design make it a stylish addition to any room, while the clean lines and minimalistic aesthetic make it a practical choice for those who value both style and functionality. With its simple yet sophisticated design, this bedside table is sure to enhance the overall look and feel of your space.",4.88,Tesla T4,0.6666666666666666,3,0,105,False,0.9902912621359224,True,False
B002HEXKFE,qwen2vl-2b,image_meta,"This product is a high-quality mattress pad that is designed to provide a comfortable and supportive sleep experience. It is made of 300-thread-count cotton, which is known for its softness and breathability. The overfilled design of the pad ensures that it provides a plush and comfortable feel, while the California King size ensures that it is suitable for a king-sized bed.
The product is also available in white, which adds a touch of elegance and style to any bedroom. The pad is made of high-quality materials, which means that it is likely to last for a long time and provide a comfortable sleep experience.
Overall, this mattress pad is a great choice for anyone looking for a comfortable and supportive sleep experience. It is made of high-quality",7.33,Tesla T4,0.5,4,0,133,False,0.896,True,False
B002HEXKFE,qwen2vl-2b,image_only,"This product is a luxurious mattress topper that offers a comfortable and supportive sleep experience. It features a breathable, hypoallergenic fabric that helps regulate body temperature and prevent moisture buildup, ensuring a cooler, more comfortable sleep. The topper is also designed with a quilted texture that provides a soft and plush feel, enhancing the overall comfort of the mattress. Additionally, it is machine washable, making it easy to maintain and keep clean. This topper is perfect for those who prioritize a high-quality sleep experience and want to enhance their bedding comfort.",4.56,Tesla T4,0.0,4,0,92,False,1.0,True,False
B01KBEP6D0,qwen2vl-2b,image_meta,"This AmazonBasics Moving Box is a versatile and sturdy solution for moving and packing. It's designed to protect your belongings during the moving process and can be used for various purposes, such as storing items, organizing your home, or even as a storage solution for your garage or basement.
Key features of the AmazonBasics Moving Box include:
- Large size: The box is designed to hold a variety of items, making it a versatile option for different purposes.
- 15 pack: The box is available in a 15-pack, which means you can easily pack and move a large number of items at once.
- Engineered wood: The box is made from engineered wood, which is a strong and durable material that can withstand the rig",6.8,Tesla T4,1.0,3,0,124,False,0.975609756097561,True,False
B01KBEP6D0,qwen2vl-2b,image_only,"This product is an AmazonBasics Tall Cardboard Box, which is a versatile and sturdy option for various purposes. It's designed to be used for moving, packing, and shipping. The key features include its tall and sturdy construction, which helps to protect your items during transportation. The box is made of corrugated cardboard, which is strong and durable, making it ideal for long-distance moves or when you need to ship fragile items. The box is also easy to open and close, and it comes with a handle for easy carrying. This product is a great choice for anyone looking to pack and move efficiently and securely.",5.32,Tesla T4,0.6666666666666666,3,0,107,False,0.9805825242718448,True,False
B07RNMN4ZF,qwen2vl-2b,image_meta,"This Amazon Basics rectangular wall mirror is a versatile addition to any bathroom or powder room. With its 30"" x 40"" size, it offers ample space to display your favorite toiletries or to simply reflect the light in your space. The mirror's nickel finish adds a touch of elegance and durability, making it a practical choice for both modern and classic decor styles. The mirror's rectangular shape allows for a clean and uncluttered look, while the nickel trim adds a touch of sophistication. Whether you're looking for a small accent mirror or a larger mirror for a full wall, this mirror is a great choice for your home.",5.3,Tesla T4,1.0,3,0,111,False,0.9716981132075472,True,False
B07RNMN4ZF,qwen2vl-2b,image_only,"This is a sleek and modern rectangular mirror that will add a touch of sophistication to any bathroom or bedroom. Its key features include a minimalist design with a clean, uncluttered look, making it perfect for a contemporary space. The mirror is made of high-quality materials, ensuring durability and longevity. Its rectangular shape allows for a versatile fit in various room settings, and its frame is made of a durable and easy-to-clean material, making it a practical choice for everyday use. The mirror's size and shape make it a versatile addition to any space, and its minimalist design will complement any decor style.",5.99,Tesla T4,0.3333333333333333,3,0,107,False,0.99009900990099,True,False
B07WLY2ZQ3,qwen2vl-2b,image_meta,"The AmazonBasics Colonne De chauffage portable Oscillating Tower Fan is a versatile and convenient home appliance that can be used in various settings, such as bedrooms, living rooms, and kitchens. This fan is designed to provide a comfortable and efficient cooling experience, making it a great choice for those who want to keep their living space cool and comfortable during warm weather.
One of the key features of this fan is its oscillating design, which allows it to circulate air in all directions, providing a more even and effective cooling effect. This design is particularly useful for areas with limited space or for those who want to keep their living space cool and comfortable without the need for a separate cooling system.
Another important feature of this fan is its oscillating",5.67,Tesla T4,0.6666666666666666,3,0,131,False,0.8837209302325582,True,False
B07WLY2ZQ3,qwen2vl-2b,image_only,"Sure, I'd be happy to help you with a product demonstration script for a tower fan. Here's a brief script that highlights the key features, benefits, and how to use the product:

---

Hi there! I'm excited to show you the latest addition to our line of tower fans. This sleek and modern design is perfect for anyone looking for a reliable and efficient cooling solution.

First up, let's talk about the key features of this tower fan. It's equipped with a powerful motor that can provide strong and consistent airflow, making it perfect for cooling down your home or office. The fan also features a sleek, black finish that adds a touch of sophistication to any space.

One of the standout features of this fan is its adjustable speed settings",6.78,Tesla T4,0.0,3,1,135,True,0.992248062015504,False,True
B07ZQR2Z96,qwen2vl-2b,image_meta,"Renewed Amazon Brand - Solimo Stainless Steel 3-Piece Soup Set Without Lid
Renewed Amazon Brand - Solimo Stainless Steel 3-Piece Soup Set Without Lid is a versatile and practical kitchen tool that can be used for a variety of cooking purposes. This set includes three pieces of soup bowls, each made of high-quality stainless steel, which is known for its durability and resistance to rust and corrosion. The stainless steel material ensures that the bowls are easy to clean and maintain, making them a reliable and long-lasting choice for your kitchen.
The soup bowls in this set are designed with a wide mouth, which allows for easy pouring of soup and other liquids. The wide mouth also helps to prevent spills and splatters, making it a convenient",6.14,Tesla T4,0.75,4,0,129,False,0.92,True,False
B07ZQR2Z96,qwen2vl-2b,image_only,"This product is a set of three stainless steel pots, designed to be used in the kitchen for cooking and serving. The pots are made of high-quality stainless steel, which is known for its durability, resistance to corrosion, and ease of cleaning. The pots are also easy to clean, as they are dishwasher-safe and can be easily wiped clean with a damp cloth.

One of the key features of these pots is their ability to hold a large amount of food without becoming too hot or too cold. This is achieved through their double-walled construction, which helps to maintain the temperature of the food inside the pot. This is particularly useful for cooking dishes that require a specific temperature, such as soups or stews.

Another advantage of these pots is their",7.04,Tesla T4,0.5,4,0,134,False,0.9689922480620154,True,False
B07SL5R49D,qwen2vl-2b,image_meta,"This AmazonBasics 2"" Round Ring Binder is a versatile and sturdy storage solution for organizing documents, notes, and other items. With its durable construction and round ring design, it's perfect for keeping your belongings tidy and easy to find. The blue color adds a pop of color to your workspace, making it a stylish addition to any office or home setting. Whether you're a student, a professional, or a busy family, this binder is a reliable and practical choice for keeping your items organized and accessible.",4.3,Tesla T4,1.0,3,0,88,False,0.9761904761904762,True,False
B07SL5R49D,qwen2vl-2b,image_only,"This product is a 3-ring binder, designed to hold and organize documents efficiently. It features a durable blue cover that provides a professional look and feel. The binder comes with a 3-inch capacity, allowing you to store a large amount of information without feeling cramped. The 3-ring design ensures that the pages stay securely in place, preventing them from shifting or falling out. This binder is perfect for students, office workers, or anyone who needs to keep their documents organized and easily accessible. With its sturdy construction and convenient size, this binder is a reliable and practical choice for anyone who needs to manage their documents effectively.",5.18,Tesla T4,0.6666666666666666,3,0,110,False,0.9714285714285714,True,False
B08299KY5N,qwen2vl-2b,image_meta,"The Bourge Men's Magic-24 Black Sneaker is a stylish and practical choice for your daily wear. This shoe features a classic lace-up design, which adds a touch of sophistication to its overall look. The black color of the shoe is both bold and timeless, making it a versatile addition to any outfit. The material of the shoe is a durable and comfortable canvas, which ensures that it can withstand regular wear and tear. The shoe also has a low profile, which means it won't block your movements and allows for easy walking and running. The sole of the shoe is made of rubber, which provides excellent traction and stability on various surfaces. Overall, the Bourge Men's Magic-24 Black Sneaker is a great choice for",6.68,Tesla T4,0.6666666666666666,3,1,130,False,0.918032786885246,True,True
B08299KY5N,qwen2vl-2b,image_only,"This product is a stylish and functional sneaker designed for comfort and style. It features a classic black canvas upper with a breathable mesh lining for added breathability. The sneaker is equipped with a lace-up closure for a secure fit and a low-top design that allows for easy movement. The sole is made of durable rubber, providing excellent traction and durability. The sneaker is perfect for everyday wear and can be dressed up or down, making it a versatile addition to any wardrobe.",3.87,Tesla T4,0.3333333333333333,3,1,85,False,0.9876543209876544,True,True
B071NHXGFY,qwen2vl-2b,image_meta,"This round glass hanging wall mirror from the Amazon Brand Rivet is a stylish and functional addition to any space. With a 30-inch height, it offers a versatile and elegant touch to your decor. The silver frame adds a touch of sophistication, while the glass surface ensures that the mirror reflects light beautifully. This mirror is perfect for adding a touch of elegance to your home, whether you're using it as a statement piece in a living room or a bedroom. Its modern design makes it a great choice for any room, and its hanging feature allows you to easily adjust its position to suit your needs. Overall, this mirror is a great investment for anyone looking to add a touch of sophistication to their home.",6.93,Tesla T4,1.0,4,0,128,False,0.9758064516129032,True,False
B071NHXGFY,qwen2vl-2b,image_only,"This round wall mirror is a versatile addition to any room, offering a sleek and modern design. Its key features include a round shape that adds a touch of elegance and a metal frame that provides a sturdy and polished look. The mirror's round shape allows for a wide view of the space, making it perfect for use in bathrooms, bedrooms, or any other area where a large mirror is desired. The metal frame adds a touch of sophistication and durability, ensuring that the mirror will withstand the test of time. Its key benefit is its ability to enhance the visual appeal of any space and provide a clear reflection, making it a practical and stylish choice for those looking to update their home decor.",5.69,Tesla T4,0.25,4,1,126,False,0.983739837398374,True,True
B08BM2DN17,qwen2vl-2b,image_meta,"This AmazonBasics Square Metal Umbrella Stand is a versatile and practical addition to any outdoor space. With its white color, it adds a touch of elegance and style to any backyard or patio area. The umbrella stand is made of metal, which is durable and resistant to rust and corrosion. The umbrella stand is designed to hold an umbrella, providing a secure and stable base for your outdoor umbrella. The umbrella stand also features a hook and a drip tray, which are useful for hanging your umbrella and catching any water that may drip from the umbrella. The umbrella stand is easy to assemble and disassemble, making it a convenient and practical piece of furniture for your outdoor space. Overall, the AmazonBasics Square Metal Umbrella Stand is a great choice for",7.42,Tesla T4,0.6666666666666666,3,0,131,False,0.8992248062015504,True,False
B08BM2DN17,qwen2vl-2b,image_only,"This is a beautiful and functional umbrella stand designed to protect your umbrella from the elements. The key features of this product include its sleek, modern design in a striking white color, which adds a touch of elegance to any space. The stand is made of metal, ensuring durability and longevity. It features a unique design with cut-out patterns that resemble rainbows, adding a playful and whimsical element to the overall look. This umbrella stand is perfect for those who appreciate both style and functionality in their home decor. With its compact size, it can easily fit in any corner or shelf, making it a versatile addition to any room. The cut-out patterns also provide a decorative touch, making it a conversation starter. Overall, this umbrella stand is a great choice",6.33,Tesla T4,0.6666666666666666,3,0,133,False,0.9767441860465116,True,False
B071K5ZLL7,qwen2vl-2b,image_meta,"The Amazon Brand Solimo 750-Watt Pop-up Toaster is a versatile and convenient kitchen appliance. It features a sleek and modern design with a white color that adds a touch of elegance to any kitchen. The toaster has a 750-watt power rating, which ensures that it can handle the task of toasting multiple slices of bread at once, making it perfect for busy mornings.
The toaster has a 2-slice capacity, which means it can toast up to 2 slices of bread at once, saving you time and effort. The toaster also has a 10-second quick toast setting, which is perfect for those who want to quickly toast a single slice of bread without having to wait for it to toast for",7.35,Tesla T4,0.75,4,0,125,False,0.9576271186440678,True,False
B071K5ZLL7,qwen2vl-2b,image_only,"Introducing the Solimo 2-Slice Toaster, a versatile and efficient kitchen appliance that will add a touch of modernity to your culinary adventures. This toaster is designed to toast up to two slices of bread at a time, ensuring a consistent and even toasting experience. Its sleek and modern design makes it a perfect addition to any kitchen, while its 1000W power output ensures that your bread will be toasted to perfection every time.

One of the key features of the Solimo 2-Slice Toaster is its adjustable temperature control, allowing you to customize the toast to your liking. With a simple touch of a button, you can adjust the temperature to suit your taste preferences, from soft to crispy, ensuring that your",6.24,Tesla T4,0.5,4,0,123,False,0.9915966386554622,True,False
B085FGXKG9,qwen2vl-2b,image_meta,"This Amazon Brand - Ravenna Home recliner is a versatile and comfortable addition to any living room. With its light gray fabric, it offers a stylish and modern look that will complement a variety of decor styles. The recliner is designed with a high backrest for added support and comfort, making it perfect for watching movies or reading a book. The seat is padded for added comfort, and the recliner is easy to fold down for storage when not in use. The recliner is also easy to assemble, with all the necessary parts included in the box. The light gray fabric is durable and easy to clean, making it a practical choice for any home. Overall, the Amazon Brand - Ravenna Home recliner is a great value for its quality",7.13,Tesla T4,0.5,4,1,128,False,0.9375,True,True
B085FGXKG9,qwen2vl-2b,image_only,"This is a high-quality recliner chair that offers a comfortable and relaxing seating experience. It features a light gray fabric upholstery, which adds a touch of elegance and style to any living space. The chair is designed with a high backrest and a plush seat cushion, providing ample support and comfort for long hours of sitting. The recliner's reclining mechanism allows you to easily adjust the angle of the seat, making it perfect for watching TV, reading, or napping. The chair's sturdy frame and robust construction ensure that it can withstand the weight of multiple users, making it a reliable choice for family gatherings or entertaining guests. Overall, this recliner chair is a great addition to any home, offering both style and comfort.",6.07,Tesla T4,0.75,4,1,126,False,1.0,True,True
B07D44LBM9,qwen2vl-2b,image_meta,"This product is a men's derby shoe designed for formal occasions. The key features of this shoe include its suede leather upper, which provides a classic and stylish look. The shoe features a lace-up closure, which allows for a secure fit and easy dressing. The sole is made of leather, which offers durability and comfort. The shoe is available in a size of 10 UK, which is suitable for men with a shoe size between 44 and 46. The shoe is black, which adds to its classic and timeless appeal. Overall, this derby shoe is a great choice for those looking for a stylish and comfortable option for formal occasions.",5.58,Tesla T4,0.3333333333333333,3,1,112,False,0.9814814814814816,True,True
B07D44LBM9,qwen2vl-2b,image_only,"Introducing the stylish and versatile Men's Suede Oxford Dress Shoes by [Brand Name]. These shoes are a must-have for any professional or formal occasion. The key features of this product include:

1. **Suede Material**: The shoes are crafted from high-quality suede, which offers a luxurious and durable finish. The suede material is known for its soft texture and excellent wear resistance, making it perfect for everyday wear and formal events.

2. **Comfortable Fit**: The shoes are designed with a comfortable fit that ensures a perfect fit for all sizes. The cushioned insole provides excellent support and comfort, ensuring that you can wear them for extended periods without any discomfort.

3. **Durable Outsole**: The shoes feature a durable outsole",6.91,Tesla T4,0.3333333333333333,3,0,121,False,0.9913793103448276,True,False
B06XGFCB2X,qwen2vl-2b,image_meta,"The Ashby Brogue is a stylish and practical choice for your wardrobe. This shoe features a classic wingtip design, which adds a touch of sophistication and elegance to any outfit. The leather material is durable and comfortable, making it a great choice for everyday wear. The brogue style also adds a touch of classic charm to any outfit. The black color is versatile and can be worn with a variety of colors and styles. The 9 UK (43 EU) size is suitable for men with a medium to wide foot. Overall, the Ashby Brogue is a great choice for anyone looking for a stylish and comfortable shoe.",5.17,Tesla T4,0.3333333333333333,3,0,107,False,0.9047619047619048,True,False
B06XGFCB2X,qwen2vl-2b,image_only,"This product is a stylish and versatile men's dress shoe designed to enhance your formal attire. Key features include a classic wingtip design, which adds a touch of sophistication and elegance to any outfit. The leather material is both durable and comfortable, ensuring that it can withstand regular wear and tear. The shoe is also equipped with a comfortable cushioned insole, providing support and comfort during extended wear. The black color option offers a classic and timeless look, making it a versatile addition to your wardrobe. The shoe is also available in a range of sizes, ensuring that it fits comfortably for all. Overall, this product is a great choice for anyone looking to add a touch of sophistication to their wardrobe.",6.54,Tesla T4,0.3333333333333333,3,0,123,False,0.9416666666666668,True,False
B08D49Y55K,qwen2vl-2b,image_meta,"The EL Elly Women's Multi Flip-Flop-5 UK (38 EU) (6 US) (EFF2014) is a stylish and comfortable choice for your daily wear. This pair of flip-flops features a vibrant and eye-catching design with a mix of blue, pink, and white colors. The flip-flops are made of durable and lightweight material, ensuring they can withstand regular use. The thick sole provides excellent support and comfort, making them perfect for both casual and formal occasions. The adjustable straps ensure a perfect fit, and the soft insole provides additional comfort. The EL Elly Women's Multi Flip-Flop-5 UK (38 EU) (6 US) (EFF2014) is",6.31,Tesla T4,0.3333333333333333,3,3,109,False,0.8877551020408163,True,True
B08D49Y55K,qwen2vl-2b,image_only,"This product is a pair of stylish flip-flops designed for comfort and style. The key feature of these sandals is their vibrant, colorful patterned design, which adds a pop of color to any outfit. The flip-flops are made from a soft, breathable material that ensures they are both comfortable and easy to wear. The thong strap design provides a secure fit, while the rubber sole offers traction and durability. The sandals are perfect for everyday wear, whether you're heading to the beach, running errands, or just relaxing at home. The key benefit of these sandals is their stylish and comfortable design, making them a great choice for anyone looking for a fun and functional footwear option.",6.99,Tesla T4,0.0,3,1,119,False,0.9736842105263158,True,True
B07SZ8H42Y,qwen2vl-2b,image_meta,"This Umi Brushed Cotton Duvet Cover Set is a perfect addition to any bedroom. It's made of a brushed cotton blend, which means it's soft and comfortable to touch. The pure white color adds a touch of elegance and simplicity to any room. The set includes a duvet cover and a pillowcase, making it a complete bedding set. The duvet cover is double-sided, meaning it has a smooth side and a textured side, providing a luxurious feel. The pillowcase is also double-sided, ensuring that it's durable and long-lasting. The set is made in a modern style, making it a great choice for any bedroom decor. Overall, this Umi Brushed Cotton Duvet Cover Set is a great value for",6.87,Tesla T4,0.75,4,0,124,False,0.9310344827586208,True,False
B07SZ8H42Y,qwen2vl-2b,image_only,"This product is a high-quality, white duvet cover set that is designed to provide comfort and warmth to your bed. The key features of this duvet cover set include:

1. **Material**: The duvet cover is made of a soft, breathable fabric that is perfect for all seasons. It is made from a blend of materials that provide excellent insulation and moisture management, ensuring that you stay cozy and comfortable all night long.

2. **Size**: The duvet cover set comes in a standard size, making it suitable for most beds. It is designed to fit both standard and queen-sized beds, ensuring that you can use it in your bedroom without any issues.

3. **Comfort**: The duvet cover is made with a high thread count",7.31,Tesla T4,0.5,4,0,125,False,0.9338842975206612,True,False
B086BXNWFR,qwen2vl-2b,image_meta,"The Rivet Goodwin Ottoman is a modern piece of furniture that offers a stylish and functional addition to any living space. With its 30.3"" width, this ottoman is perfect for small to medium-sized rooms. The fabric is a vibrant shade of navy blue, which adds a touch of elegance and color to any room. The ottoman's sturdy wooden legs provide a sturdy base, ensuring that it will withstand the weight of multiple items. The ottoman's modern design and comfortable seating make it a versatile piece of furniture that can be used in various settings, from living rooms to bedrooms. Whether you're looking for a piece of furniture that adds a pop of color to your space or a functional piece that can be used in multiple rooms",6.37,Tesla T4,1.0,3,1,132,False,0.944,True,True
B086BXNWFR,qwen2vl-2b,image_only,"This product is a stylish and functional ottoman that offers a comfortable seating option for your living room or bedroom. Its key features include a deep blue fabric that adds a pop of color to any space, a sturdy wooden frame that provides stability and durability, and a modern design that complements a variety of decor styles. The ottoman's deep seat and plush cushioning make it a perfect spot to relax and enjoy a cup of coffee or a book. Its versatile design allows it to be used as a footstool, ottoman, or even a side table, making it a multi-purpose piece of furniture. With its comfortable seating and stylish appearance, this ottoman is a must-have for anyone looking to add a touch of elegance and comfort to their",7.21,Tesla T4,0.6666666666666666,3,1,132,False,1.0,True,True
B07D4LK8Z9,qwen2vl-2b,image_meta,"The AmazonBasics 8-Inch Tablet Sleeve is a versatile and practical accessory for your tablet. It's designed to protect your tablet from scratches and damage, keeping it looking new for longer. The sleeve is made of neoprene, a durable and water-resistant material, which ensures that your tablet stays clean and protected. The sleeve also features a zippered closure to keep your tablet secure and easy to access. With its compact size, it's perfect for carrying your tablet on the go, whether you're at home, in the office, or on the go. The AmazonBasics 8-Inch Tablet Sleeve is a must-have for anyone who values the protection and convenience of a tablet sleeve.",5.93,Tesla T4,0.6666666666666666,3,0,117,False,0.9537037037037036,True,False
B07D4LK8Z9,qwen2vl-2b,image_only,"This product is a Renewed AmazonBasics Neoprene 7-inch Tablet Sleeve. It's designed to protect your tablet from scratches, dust, and other potential damage. The sleeve is made of neoprene, a durable and water-resistant material, which ensures that your tablet stays clean and protected. The sleeve also features a secure zipper for easy access to your tablet. The key features of this product are its neoprene material, water resistance, and secure zipper. The Renewed option adds an extra layer of protection, making it a great choice for those who want to ensure their tablet is well-protected while still being able to access it easily.",6.3,Tesla T4,0.3333333333333333,3,0,107,False,1.0,True,False
B06ZY6Q66G,qwen2vl-2b,image_meta,"The AmazonBasics Food & Water Feeder is a practical and convenient solution for pet owners looking to keep their pets well-fed and hydrated. This feeder is designed to hold up to 2 liters of water and 1.5 liters of food, making it ideal for large dogs or cats. The feeder is made of polypropylene, which is durable and easy to clean. The waterer and feeder are both easy to fill and empty, and the feeder can be adjusted to accommodate different sized pets. The feeder also includes a timer, which helps to ensure that pets receive the correct amount of food and water at the right time. Overall, the AmazonBasics Food & Water Feeder is a great choice for pet owners looking for a reliable and",6.04,Tesla T4,0.6666666666666666,3,0,126,False,0.935483870967742,True,False
B06ZY6Q66G,qwen2vl-2b,image_only,"Sure, I'd be happy to help you with that! The product you're referring to is a pet water and food dispenser. Here's a short product demonstration script:

---

**Product Name: Pet Water and Food Dispenser**

**Description:**
This dispenser is designed to help keep your pet's water and food intake consistent and healthy. It features a sleek, modern design that fits seamlessly into any home decor, making it a stylish addition to any pet's living space.

**Key Features:**
- **Automatic Dispensing:** The dispenser automatically dispenses water and food, ensuring your pet always has access to clean, fresh water and nutritious food.
- **Adjustable Settings:** You can adjust the dispenser to your pet's specific needs, whether they",7.13,Tesla T4,0.0,3,0,118,False,0.9734513274336284,True,False
B07XGW5Y41,qwen2vl-2b,image_meta,"Chadstone Men's Loafers are a stylish and comfortable choice for your daily wear. These shoes are made from high-quality leather, ensuring durability and longevity. The slip-on design makes it easy to wear and remove, and the soft sole provides excellent cushioning for all-day comfort. The breathable mesh upper allows for breathability, keeping your feet cool and dry. The classic loafer style adds a touch of sophistication to any outfit. Whether you're heading to work, running errands, or just relaxing at home, these Chadstone Men's Loafers are a great choice for your wardrobe.",4.91,Tesla T4,0.6666666666666666,3,1,98,False,0.9555555555555556,True,True
B07XGW5Y41,qwen2vl-2b,image_only,"This product is a stylish and comfortable slip-on loafer designed for everyday wear. It features a sleek, dark gray leather upper with a smooth, leather sole that provides a soft and cushioned touch. The loafer has a classic, rounded toe shape that adds a touch of elegance to its design. The stitching on the side of the shoe is done in a contrasting color, which adds a touch of sophistication to the overall look. The shoe is designed to be versatile, suitable for both casual and semi-formal occasions. Its slip-on style makes it easy to put on and take off, and the soft sole ensures comfort and ease of movement. The dark gray color adds a touch of sophistication and style to any outfit.",7.01,Tesla T4,0.0,3,2,127,False,0.9508196721311476,True,True
B07QTHYQD7,qwen2vl-2b,image_only_scaffold,"These reusable produce bags are made from eco-friendly materials and come in a set of 9. They are perfect for storing and transporting fruits and vegetables, keeping them fresh and protected from damage. The bags are easy to use and can be washed in the dishwasher, making them a practical and sustainable choice for your kitchen.",2.88,Tesla T4,0.25,4,0,57,False,1.0,True,False
B07KYG85X8,qwen2vl-2b,image_only_scaffold,"This product is a practical and effective tool for organizing and storing documents. It is made of durable material and comes with a pen for easy writing and marking. The size and design make it easy to carry and use, making it a useful addition to any office or home workspace.",2.17,Tesla T4,0.3333333333333333,3,0,51,False,1.0,True,False
B07YFZWQG7,qwen2vl-2b,image_only_scaffold,"This sandal is a great choice for a stylish and comfortable look. It features a low heel, ankle strap, and a simple design that can be dressed up or down. The material is breathable and comfortable, making it perfect for everyday wear. The low heel adds a touch of elegance to any outfit.",2.39,Tesla T4,0.0,3,0,53,False,1.0,True,False
B07F611M31,qwen2vl-2b,image_only_scaffold,"The product is a slip-on sneaker with a textured fabric upper and a white sole. It features a comfortable fit and a casual, stylish design. The textured fabric adds a unique touch to the sneaker, making it a fashionable choice for everyday wear.",2.12,Tesla T4,0.0,4,1,44,False,1.0,True,True
B0896KVCJY,qwen2vl-2b,image_only_scaffold,"This highball glass is made of durable glass, ensuring durability and ease of cleaning. It is perfect for serving cocktails, drinks, or any other liquid, and its sleek design makes it a stylish addition to any bar or home bar setup.",2.15,Tesla T4,0.0,3,0,41,False,1.0,True,False
B07SK9MRTF,qwen2vl-2b,image_only_scaffold,"The wooden dining chairs are practical and beneficial for customers, offering a comfortable and durable seating option for dining tables.",1.18,Tesla T4,0.25,4,1,20,False,1.0,True,True
B07HK65QM8,qwen2vl-2b,image_only_scaffold,"This product is a pair of green vinyl-coated dumbbells. It is made of durable material and is designed to provide a full-body workout. The dumbbells are easy to grip and handle, making them suitable for both beginners and experienced exercisers. The green color adds a touch of style to the workout equipment.",3.13,Tesla T4,0.0,4,1,54,False,1.0,True,True
B01N16EEHY,qwen2vl-2b,image_only_scaffold,"The product is a blue slide sandal with silver studs and a peep-toe design. It is made of a soft material and features a comfortable fit. The silver studs add a stylish touch to the sandal, making it a fashionable choice for casual wear.",2.16,Tesla T4,0.5,4,1,45,False,1.0,True,True
B07PRQ57J6,qwen2vl-2b,image_only_scaffold,"These blue blackout curtains are perfect for creating a cozy and energy-efficient living space. They are made of high-quality materials that provide excellent insulation, helping to keep your home warm in colder months and cool in warmer ones. The grommet top design makes them easy to install and maintain, and the vibrant blue color adds a pop of color to any room. These curtains are a great addition to any home, and they are available in various sizes to fit any window.",3.85,Tesla T4,0.5,4,0,84,False,1.0,True,False
B082QL2WKF,qwen2vl-2b,image_only_scaffold,"The product is a stylish leopard print slip-on mule with a pointed toe and a soft, comfortable sole.",0.94,Tesla T4,0.3333333333333333,3,0,19,False,1.0,True,False
B07WL3YXZD,qwen2vl-2b,image_only_scaffold,"This product is a practical and effective hanger for clothes, offering a wide range of sizes to accommodate various garments. It is made of durable material, ensuring longevity and ease of use. The hanger is designed to hang clothes without any damage, making it a reliable choice for both casual and formal wear. With its simple design and practical features, this hanger is a must-have for anyone looking to organize their wardrobe efficiently.",3.81,Tesla T4,0.0,4,0,74,False,1.0,True,False
B08CKRTT15,qwen2vl-2b,image_only_scaffold,"This slip-on sneaker is made of a breathable mesh material, providing a comfortable and airy fit. It features a soft and cushioned sole for added comfort and support. The design is casual and stylish, making it a great choice for everyday wear.",2.44,Tesla T4,0.25,4,0,43,False,1.0,True,False
B003JFJWT8,qwen2vl-2b,image_only_scaffold,"This towel is made of high-quality materials, ensuring it's soft and absorbent, making it perfect for daily use.",0.97,Tesla T4,0.0,4,0,20,False,1.0,True,False
B01N6WEDO5,qwen2vl-2b,image_only_scaffold,"This product is a stylish ballet flat with a round toe and a bow detail. It is made of soft suede material, providing comfort and ease of movement. The flat sole ensures that it is suitable for various occasions, from casual outings to formal events. The design is classic and timeless, making it a versatile addition to any wardrobe.",2.53,Tesla T4,0.3333333333333333,3,0,59,False,1.0,True,False
B01N9X5U1W,qwen2vl-2b,image_only_scaffold,"The product is a stylish sandal with a ruffled design and a soft, comfortable footbed, making it ideal for everyday wear.",1.08,Tesla T4,0.3333333333333333,3,0,21,False,1.0,True,False
B004C046TA,qwen2vl-2b,image_only_scaffold,"This wooden coffee table is a practical and stylish addition to any living space. It features a rectangular shape with a clean, modern design, making it suitable for both indoor and outdoor settings. The table is made of high-quality wood, ensuring durability and longevity. Its slatted top provides a comfortable surface for placing items, while the sturdy base offers stability. The table's design allows for easy cleaning and maintenance, making it a practical choice for those who value both style and functionality.",3.76,Tesla T4,0.75,4,1,84,False,1.0,True,True
B00EQ5FO3I,qwen2vl-2b,image_only_scaffold,This product is a light blue sheet set that provides a comfortable and elegant look for your bedroom.,0.83,Tesla T4,0.25,4,0,18,False,1.0,True,False
B07QGWMTDY,qwen2vl-2b,image_only_scaffold,This table is made of solid acacia wood and has a modern design with a natural finish.,1.09,Tesla T4,0.5,4,1,17,False,1.0,True,True
B07XGTPDDF,qwen2vl-2b,image_only_scaffold,"The Go Walk 2 Slip-On by Skechers is a comfortable and versatile slip-on sneaker designed for everyday wear. It features a breathable mesh upper for breathability and comfort, a cushioned footbed for support, and a durable outsole for durability. The slip-on design allows for easy on and off, and the low-cut style keeps the foot free to move. The Go Walk 2 Slip-On is perfect for casual wear and can be worn with a variety of outfits.",4.78,Tesla T4,0.25,4,0,82,False,0.96,True,False
B081LC75N6,qwen2vl-2b,image_only_scaffold,"This product is a MacBook case with a unique marble design, featuring a soft-touch material for added protection and style. It includes a keyboard cover and a screen protector, ensuring your MacBook is well-protected and ready for use.",1.95,Tesla T4,0.3333333333333333,3,1,40,False,1.0,True,True
B07QBMQQ34,qwen2vl-2b,image_only_scaffold,"This leather recliner is a practical and comfortable choice for customers looking for a stylish and functional piece of furniture. It offers a wide range of features, including adjustable headrests, armrests, and a comfortable seat cushion, making it a versatile addition to any living space. The durable leather material ensures longevity and ease of maintenance, while the sleek design adds a touch of elegance to any room. Whether you're looking for a relaxing chair for yourself or a gift for someone else, this recliner is a great option that will provide years of use and enjoyment.",4.65,Tesla T4,0.25,4,0,97,False,0.9787234042553192,True,False
B0748RH9L3,qwen2vl-2b,image_only_scaffold,"The UGG Men's Scuff Slippers are designed with a soft, plush lining and a cozy, sheepskin-like material for added warmth and comfort. They feature a slip-on style and a classic slipper shape, making them a comfortable and stylish choice for everyday wear. The UGG logo is embroidered on the back of the slipper, adding a touch of brand recognition. The UGG Scuff Slippers are a great choice for those looking for a comfortable and stylish slipper option.",5.11,Tesla T4,0.0,3,0,80,False,0.96,True,False
B08C2XWMD3,qwen2vl-2b,image_only_scaffold,"This laundry drying rack is a practical and space-saving solution for drying clothes. It features a sturdy metal frame with adjustable legs for stability and a spacious drying area to accommodate a variety of loads. The adjustable height allows for optimal drying of different types of fabrics, and the durable mesh design ensures easy access to clothes. Ideal for small spaces or for those who prefer a minimalist approach to laundry.",3.33,Tesla T4,0.25,4,1,72,False,1.0,True,True
B001BXBILA,qwen2vl-2b,image_only_scaffold,"This wine opener is designed to make opening bottles of wine easier and more convenient. It features a comfortable grip and a sleek, modern design, making it a stylish addition to any kitchen. The product is made of durable materials and is easy to use, with a simple one-handed operation. It is perfect for both beginners and experienced wine enthusiasts, and it comes with a lifetime warranty.",3.02,Tesla T4,0.25,4,0,68,False,1.0,True,False
B0824FH9GS,qwen2vl-2b,image_only_scaffold,Table Lamp,0.16,Tesla T4,0.25,4,0,2,False,0.0,False,False
B01FJECR34,qwen2vl-2b,image_only_scaffold,"This product is a Bluetooth audio adapter that allows you to connect your device to a speaker or headphones, providing a wireless audio experience.",1.1,Tesla T4,0.3333333333333333,3,0,24,False,1.0,True,False
B072Y5MZQH,qwen2vl-2b,image_only_scaffold,"This product is a black leather office chair with a modern design and adjustable arms. It is made of high-quality materials and is designed to provide comfort and support for long hours of sitting. The chair is perfect for use in offices, homes, or any other setting where comfort and functionality are important.",2.91,Tesla T4,0.75,4,0,54,False,1.0,True,False
B071GFDGZ9,qwen2vl-2b,image_only_scaffold,"This product is a stylish and practical men's shoe with a classic design, featuring a brown leather upper, a lace-up closure, and a low, thick sole for added comfort and support.",2.18,Tesla T4,0.0,3,2,33,False,1.0,True,True
B07VGPT5P8,qwen2vl-2b,image_only_scaffold,"The slipper is made of soft, comfortable suede material and features a cozy, fuzzy lining for added warmth and comfort.",1.39,Tesla T4,0.0,3,0,20,False,1.0,True,False
B075YLXVL5,qwen2vl-2b,image_only_scaffold,"This wooden wine rack is a practical solution for storing and displaying your wine collection. It features a sleek design and ample storage space, making it a stylish addition to any home or office.",1.62,Tesla T4,0.25,4,1,34,False,1.0,True,True
B07R79Y9TS,qwen2vl-2b,image_only_scaffold,"The Timberland Originals 2-Eye Boat Shoe is a classic style that offers both style and comfort. It features a durable canvas upper, providing a comfortable and breathable fit. The laces are made of a durable material, ensuring a secure fit. The rubber outsole provides excellent traction and durability, making it ideal for various terrains. The classic design and timeless style make it a great choice for everyday wear or special occasions.",3.48,Tesla T4,0.0,3,1,72,False,1.0,True,True
B0793FCB7J,qwen2vl-2b,image_only_scaffold,"These pink and orange striped sneakers are designed for comfort and style. They feature a soft, breathable mesh upper that allows for easy movement and ventilation. The adjustable velcro straps ensure a secure fit, while the cushioned footbed provides support and comfort. The bright colors and fun pattern make them a fun and fashionable choice for kids.",2.72,Tesla T4,0.0,3,2,57,False,1.0,True,True
B07PHRTPT5,qwen2vl-2b,image_only_scaffold,"This product is a slip-on sneaker with a soft, comfortable material and a stylish design.",0.91,Tesla T4,0.0,3,0,16,False,1.0,True,False
B074XXSSCV,qwen2vl-2b,image_only_scaffold,"Double Zipper Storage Bags by 365 Everyday Value are practical for storing and organizing items in your home or office. They come in 50 quart size bags, each measuring 7.12 x 7.12 inches, and are made of 100% recycled material. These bags are great for keeping your belongings organized and easy to find.",4.07,Tesla T4,0.6666666666666666,3,0,55,False,1.0,True,False
B07QGW2CDS,qwen2vl-2b,image_only_scaffold,These brown leather dress shoes are made of high-quality materials and feature a classic design with a lace-up closure and a perforated upper. They are suitable for formal occasions and provide comfort and style.,1.82,Tesla T4,0.25,4,1,36,False,1.0,True,True
B07YFFZRGR,qwen2vl-2b,image_only_scaffold,"The Skechers Relaxed Fit - Avenger - Brevin shoe is a comfortable and stylish option for casual wear. It features a breathable mesh upper, providing breathability and comfort. The shoe also has a soft lining and a cushioned footbed for added comfort. The lace-up closure ensures a secure fit, and the shoe is designed to be versatile, suitable for various occasions. The Skechers Relaxed Fit - Avenger - Brevin is a great choice for those looking for a comfortable and stylish casual shoe.",4.04,Tesla T4,0.3333333333333333,3,0,80,False,0.9012345679012346,True,False
B07V6N6F9Z,qwen2vl-2b,image_only_scaffold,"These laundry bags are great for keeping your clothes clean and organized. They come in a set of two and are made of durable material, making them easy to use and washable. The bags are also designed to hold a variety of sizes of clothes, making them a versatile solution for your laundry needs.",2.43,Tesla T4,0.25,4,0,54,False,1.0,True,False
B076PYLZQX,qwen2vl-2b,image_only_scaffold,This product is a durable CD/DVD storage case that provides easy access to your discs. It features a secure zipper closure and a spacious compartment to hold up to 120 discs. The case is made of high-quality materials for durability and is designed to protect your discs from scratches and damage. It is perfect for organizing and storing your collection of CDs and DVDs.,3.23,Tesla T4,0.6666666666666666,3,0,66,False,1.0,True,False
B01NATWO42,qwen2vl-2b,image_only_scaffold,This product is a black leather school shoe with a velcro strap for easy on and off. It is designed for children and features a classic wingtip design. The shoe is made of high-quality leather for durability and comfort. The velcro strap ensures a secure fit and makes it easy to put on and take off. The shoe is suitable for both boys and girls and is a great choice for school or everyday wear.,4.54,Tesla T4,0.0,3,1,76,False,0.9863013698630136,True,True
B0727RK4B8,qwen2vl-2b,image_only_scaffold,"This set includes a necklace and a pair of stud earrings. The necklace features a delicate, interwoven design with a shiny, silver finish, while the earrings have a simple, elegant design with a matching silver finish. The set is perfect for a stylish and elegant look.",2.41,Tesla T4,0.25,4,1,46,False,0.9772727272727272,True,True
B001BQ8J2S,qwen2vl-2b,image_only_scaffold,"The product is a modern dining table with a square top and a metal base. It features a walnut wood finish and a glass insert in the center. The table is designed for both indoor and outdoor use, making it a versatile piece for various settings.",2.22,Tesla T4,0.5,4,2,46,False,1.0,True,True
B00EQ5GHH0,qwen2vl-2b,image_only_scaffold,This product is a white fitted sheet that is perfect for providing extra comfort and support to your bed.,0.91,Tesla T4,0.25,4,1,19,False,1.0,True,True
B071GC11HX,qwen2vl-2b,image_only_scaffold,"These sandals are made of a soft, comfortable material that provides excellent support and breathability. They have a low heel, making them suitable for various occasions, and the ankle strap ensures a secure fit. The metallic finish adds a stylish touch to the design.",2.04,Tesla T4,0.0,3,0,44,False,1.0,True,False
B07MNL95KM,qwen2vl-2b,image_only_scaffold,"This product is a set of three colorful, airplane-themed pillows. They are made of soft, breathable fabric and come in a stack, making them easy to store and transport. The pillows are perfect for adding a fun, playful touch to any bedroom or nursery.",2.51,Tesla T4,0.25,4,0,45,False,1.0,True,False
B07WTN5BNF,qwen2vl-2b,image_only_scaffold,"This black clutch features a gold chain strap and a gold clasp, making it a stylish and practical choice for any occasion.",1.74,Tesla T4,0.25,4,1,22,False,1.0,True,True
B07W81PFCV,qwen2vl-2b,image_only_scaffold,"This jewelry box is a practical and stylish storage solution for your jewelry collection. It features two levels of storage, with a top drawer for smaller items and a bottom drawer for larger pieces. The glass top allows you to see your jewelry at a glance, and the black leather exterior adds a touch of elegance to your jewelry display. This box is perfect for organizing and protecting your jewelry, and it will look great on your desk or vanity.",3.94,Tesla T4,0.6666666666666666,3,1,80,False,1.0,True,True
B0794VBBJK,qwen2vl-2b,image_only_scaffold,"The product is a beige area rug with a woven texture. It is made of natural fibers and has a modern, minimalist design. The rug is suitable for various rooms, including living rooms, bedrooms, and dining rooms. It is easy to clean and maintain, making it a practical choice for busy families. The rug's neutral color allows it to blend with a variety of decor styles, making it a versatile addition to any home.",3.33,Tesla T4,0.3333333333333333,3,1,75,False,0.9861111111111112,True,True
B076QFBFS5,qwen2vl-2b,image_only_scaffold,"This backpack is perfect for outdoor activities, offering a comfortable and durable design.",0.66,Tesla T4,0.0,4,0,13,False,1.0,True,False
B07MXY3SFN,qwen2vl-2b,image_only_scaffold,"The Allbirds Wool Runners are a comfortable and stylish choice for everyday wear. They are made from sustainable materials and are designed to be soft and breathable, providing a comfortable and supportive experience. The wool material also adds a touch of warmth and comfort to the shoes. The Allbirds Wool Runners are a great option for those who want a stylish and comfortable shoe that is also environmentally friendly.",3.27,Tesla T4,0.6666666666666666,3,0,69,False,0.9253731343283582,True,False
B07FY38FW1,qwen2vl-2b,image_only_scaffold,"This product is a clear, BPA-free shaker cup with a white lid. It is designed to hold and mix liquids, making it ideal for sports drinks, smoothies, or any other liquid preparation. The shaker cup is easy to use and clean, and it is made from durable plastic, ensuring longevity and reliability. It is perfect for anyone who needs a convenient and practical tool for their daily routine.",4.18,Tesla T4,0.5,4,0,69,False,1.0,True,False
B01MTEI8M6,qwen2vl-2b,image_only_scaffold,"The product is a slip-on loafer with an embroidered floral design, providing both style and comfort for the wearer.",1.01,Tesla T4,0.3333333333333333,3,0,20,False,1.0,True,False
B07S6H4BK4,qwen2vl-2b,image_only_scaffold,"These silicone baking cups are great for making a variety of baked goods, including cupcakes, muffins, and more. They are reusable and easy to clean, making them a convenient and eco-friendly option for baking enthusiasts.",1.71,Tesla T4,0.75,4,0,36,False,1.0,True,False
B07KNL538Z,qwen2vl-2b,image_only_scaffold,"These blackout curtains are a great choice for those looking to improve their home's energy efficiency. They are made of a high-quality, moisture-resistant fabric that helps to block out light and reduce heat loss, making your home more comfortable and energy-efficient. The curtains come in a variety of colors and sizes, so you can find the perfect fit for your space. Plus, they are easy to install and come with a lifetime guarantee, so you can rest easy knowing you have a reliable and long-lasting product.",4.31,Tesla T4,0.25,4,0,91,False,0.988095238095238,True,False
B081Q7PN6G,qwen2vl-2b,image_only_scaffold,"This product is designed to provide a convenient and portable solution for storing and transporting a single 100-watt speaker. It features a sturdy wheeled base for easy movement, a protective cover to keep the speaker clean and protected, and a handle for carrying. This makes it ideal for events, parties, or any other situation where you need to transport a speaker without the hassle of carrying it by hand.",4.26,Tesla T4,0.0,3,0,70,False,1.0,True,False
B005T5ZSY4,qwen2vl-2b,image_only_scaffold,"This wooden rocking chair is a practical and comfortable option for customers looking for a relaxing seating solution. It offers a classic design that can complement various interior styles, providing a cozy and inviting atmosphere. The rocking motion adds a touch of relaxation, making it a perfect choice for reading, napping, or simply enjoying a quiet moment. The chair's sturdy build and comfortable seat ensure that it will provide years of reliable use, making it a wise investment for anyone looking for a comfortable and functional rocking chair.",4.31,Tesla T4,0.75,4,1,89,False,0.9767441860465116,True,True
B07Y8XBG1C,qwen2vl-2b,image_only_scaffold,"This product is a gaming chair with a high backrest and adjustable lumbar support, designed for comfort and support during long gaming sessions. It comes with a memory foam footrest for added comfort and support while sitting for extended periods.",1.89,Tesla T4,0.25,4,0,40,False,0.9736842105263158,True,False
B072MTSFQM,qwen2vl-2b,image_only_scaffold,"These boots are made of high-quality leather, providing comfort and style. They are designed to be both practical and stylish, offering a versatile look that can be worn for various occasions.",1.59,Tesla T4,0.0,3,1,32,False,1.0,True,True
B07QDS9J73,qwen2vl-2b,image_only_scaffold,"This product is a white canvas sneaker that is both stylish and functional. It features a classic design with a low-top style and a comfortable cushioned sole for all-day wear. The sneaker is made from durable canvas material, which is easy to clean and maintain. It is a great choice for casual wear and can be worn with various outfits.",2.98,Tesla T4,0.3333333333333333,3,0,62,False,1.0,True,False
B07P5DRWSL,qwen2vl-2b,image_only_scaffold,"This product is a high-quality fabric that is perfect for various applications. It is made from a durable and sturdy material that provides excellent durability and resistance to wear and tear. The fabric is also easy to care for, requiring minimal maintenance and being resistant to stains and dirt. It is suitable for a wide range of uses, including clothing, upholstery, and home decor.",4.25,Tesla T4,0.0,3,0,65,False,1.0,True,False
B0812C77RN,qwen2vl-2b,image_only_scaffold,"This product is a tan leather boat shoe with a classic design, providing a comfortable and stylish option for casual wear.",1.14,Tesla T4,0.0,3,1,21,False,1.0,True,True
B07WRJG268,qwen2vl-2b,image_only_scaffold,"This tote bag is practical for carrying essentials like a laptop, books, and a wallet. It's also great for daily use, offering a stylish and functional option.",1.52,Tesla T4,0.0,4,0,28,False,1.0,True,False
B07DJJ8TH1,qwen2vl-2b,image_only_scaffold,"This product is a stylish and practical sneaker designed for comfort and style. It features a white color, which adds a classic and timeless look. The material appears to be leather, providing a soft and durable feel. The sneaker is designed with a low-top design, which allows for easy movement and a relaxed fit. The laces are tied, ensuring a secure fit. The overall design is simple yet elegant, making it a great choice for everyday wear.",4.39,Tesla T4,0.25,4,1,78,False,1.0,True,True
B07TM6JW3Y,qwen2vl-2b,image_only_scaffold,"This AmazonBasics External Hard Drive enclosure is a practical solution for storing and protecting your USB 3.0 drives. It offers a sleek, durable design and is compatible with various USB 3.0 drives, making it a versatile choice for users looking to enhance their storage options.",2.85,Tesla T4,0.6666666666666666,3,0,47,False,1.0,True,False
B082B9QJJN,qwen2vl-2b,image_only_scaffold,"This product is a versatile ironing board that offers a range of features to make ironing easier and more convenient. It has a sturdy ironing surface, which is easy to clean and maintain, and a convenient ironing board stand that allows for easy storage and transportation. The board is also adjustable, allowing for different ironing heights and angles, making it suitable for a variety of ironing needs. Overall, this product is a great choice for anyone looking for a reliable and practical ironing solution.",5.01,Tesla T4,0.0,3,0,84,False,0.975609756097561,True,False
B07WJ71B2N,qwen2vl-2b,image_only_scaffold,"The product is a brown leather lace-up shoe with a perforated design, providing a stylish and comfortable option for men.",0.98,Tesla T4,0.25,4,1,21,False,1.0,True,True
B0847WY2WS,qwen2vl-2b,image_only_scaffold,"This pair of shoes is a great choice for comfort and style. It features a classic loafer design with a patent leather finish, providing a sleek and stylish look. The pointed toe and low heel make it versatile for various occasions, and the soft material ensures comfort. The patent leather finish adds a touch of sophistication to the overall look.",3.08,Tesla T4,0.3333333333333333,3,1,60,False,1.0,True,True
B00EQ5HKNU,qwen2vl-2b,image_only_scaffold,"This product is a fitted sheet designed for a standard size bed. It is made of a soft, breathable fabric that helps to keep you cool and comfortable while you sleep. The fitted sheet is easy to fit and stay in place, providing a snug fit that keeps your sheets from slipping off. It is a great choice for those who want to ensure a good night's sleep.",3.11,Tesla T4,0.25,4,0,69,False,1.0,True,False
B00MHV01AY,qwen2vl-2b,image_only_scaffold,This product is a fitted sheet designed for use with a standard size mattress.,0.7,Tesla T4,0.25,4,0,14,False,1.0,True,False
B07JP6G4DZ,qwen2vl-2b,image_only_scaffold,"This Spider-Man sheet set is perfect for any Spider-Man fan, offering a comfortable and stylish way to decorate their bedroom.",1.38,Tesla T4,0.25,4,0,22,False,1.0,True,False
B084W2S62H,qwen2vl-2b,image_only_scaffold,"These chairs are practical for dining or any other seating area, offering a stylish and comfortable option for customers.",1.19,Tesla T4,0.3333333333333333,3,0,19,False,1.0,True,False
B075X65QYF,qwen2vl-2b,image_only_scaffold,"This chair is a great addition to any living room or bedroom. It has a modern design with a tufted back and seat, providing a comfortable and stylish seating option. The wooden legs add a touch of elegance to the chair. The material appears to be a high-quality fabric, which is both durable and easy to maintain. The chair is designed to provide support and comfort, making it a perfect choice for relaxation or as a guest chair.",4.54,Tesla T4,0.25,4,1,79,False,1.0,True,True
B0746MR6Y8,qwen2vl-2b,image_only_scaffold,"This product is a comfortable slipper with a tartan pattern, providing warmth and style.",0.96,Tesla T4,0.0,3,0,14,False,1.0,True,False
B07YDQRZKF,qwen2vl-2b,image_only_scaffold,"The backpack is practical for carrying books, notebooks, and other school supplies. It also has a USB port for charging devices, making it convenient for students to stay connected while studying.",1.46,Tesla T4,0.0,4,0,31,False,1.0,True,False
B07XH45QV7,qwen2vl-2b,image_only_scaffold,"This mattress is a great choice for those looking for a comfortable and supportive sleep experience. It's made with high-quality materials and features a breathable design that helps to keep you cool and dry. The adjustable headboard and firmness options make it easy to find the perfect level of comfort for your needs. Plus, it's available in a range of sizes to fit your space perfectly. So, if you're looking for a comfortable and versatile mattress, this one is a great option.",3.65,Tesla T4,0.3333333333333333,3,0,86,False,0.95,True,False
B076VSCT2M,qwen2vl-2b,image_only_scaffold,"The AmazonBasics Rechargeable AA Batteries are a great choice for anyone looking for a reliable and affordable battery option. With 20 batteries included, you can have enough to power your devices for a long time without worrying about running out of power. The convenient packaging also includes a cleaning cloth, making it easy to keep your devices running smoothly.",3.33,Tesla T4,0.3333333333333333,3,0,59,False,1.0,True,False
B084GPJW8L,qwen2vl-2b,image_only_scaffold,"These black dress shoes are made of high-quality leather, providing a sleek and professional look. They feature a classic lace-up design with a pointed toe and a decorative brogue detail on the side, adding a touch of sophistication. The shoes are designed to be comfortable and durable, making them a great choice for formal occasions or everyday wear.",3.14,Tesla T4,0.5,4,1,60,False,1.0,True,True
B07VX59RX1,qwen2vl-2b,image_only_scaffold,"These laundry baskets are practical and useful for organizing and storing laundry. They come in various colors and sizes, making it easy to find the right one for your needs. The handles are convenient for carrying the baskets, and they are made of durable material, ensuring they will last for years. The baskets are also easy to clean, making them a great choice for those who want to keep their home tidy and organized.",3.41,Tesla T4,0.3333333333333333,3,0,74,False,1.0,True,False
B075X4PRVT,qwen2vl-2b,image_only_scaffold,The chair is made of fabric and has a nailhead trim.,0.6,Tesla T4,0.25,4,0,11,False,1.0,True,False
B08GL14R5S,qwen2vl-2b,image_only_scaffold,"This wooden wall clock is a practical and stylish addition to any home or office space. It features a rustic design with a black frame and a round face, making it a great choice for those who appreciate a touch of nature and simplicity. The clock is easy to read and has a classic design that will complement any decor.",2.87,Tesla T4,0.5,4,1,60,False,1.0,True,True
B0845BS2C2,qwen2vl-2b,image_only_scaffold,"Comfortable and stylish, these shoes are perfect for everyday wear.",0.69,Tesla T4,0.3333333333333333,3,0,10,False,1.0,True,False
B07Y66B9BX,qwen2vl-2b,image_only_scaffold,"This lantern is a great addition to any outdoor space. It has a rustic, wooden design with a rope handle, making it both functional and stylish. The white candle inside provides a warm, inviting glow, perfect for adding ambiance to your backyard or patio. The lantern is also easy to use and clean, making it a practical and enjoyable addition to your home decor.",4.08,Tesla T4,0.3333333333333333,3,2,64,False,1.0,True,True
B0825DN9JL,qwen2vl-2b,image_only_scaffold,"This table lamp is a practical and stylish addition to any room. It features a sleek design with a glass base and a white shade, providing a warm and inviting glow. The lamp is easy to use and maintain, making it a practical choice for both home and office settings.",2.2,Tesla T4,0.5,4,1,50,False,1.0,True,True
B003QP2ZCC,qwen2vl-2b,image_only_scaffold,"This product is a practical and elegant pillow cover, designed to enhance the look and comfort of your bed. It features a soft, silky texture that provides a luxurious feel, while the ruffled edge adds a touch of sophistication and style. The olive green color is both vibrant and calming, making it a versatile choice for various bedroom settings. This pillow cover is made from high-quality materials, ensuring durability and longevity. It is a great addition to any bedroom decor and is sure to make your sleeping experience more comfortable and enjoyable.",3.93,Tesla T4,0.0,3,1,93,False,1.0,True,True
B07K28QKBR,qwen2vl-2b,image_only_scaffold,"This product is designed to provide practical benefits to customers, such as ease of use and durability.",0.96,Tesla T4,0.3333333333333333,3,0,17,False,1.0,True,False
B07HSBJ7J9,qwen2vl-2b,image_only_scaffold,"These blue fabric dining chairs are practical and comfortable, providing a stylish and functional addition to any dining room.",1.06,Tesla T4,0.3333333333333333,3,0,19,False,1.0,True,False
B08BP9Y1HF,qwen2vl-2b,image_only_scaffold,"Amazon Basics is a line of affordable, high-quality products designed to meet the needs of everyday consumers. With Amazon Basics, you can get great value for your money, and the convenience of shopping online. Whether you're looking for kitchen essentials, home decor, or tech gadgets, Amazon Basics has got you covered. Plus, with free shipping and easy returns, you can rest easy knowing you're getting a reliable product at a great price. So why wait? Shop Amazon Basics today!",4.9,Tesla T4,0.3333333333333333,3,0,82,False,1.0,True,False
B00MPOB0JE,qwen2vl-2b,image_only_scaffold,"This product is a fitted sheet that provides a snug fit to your mattress, ensuring a comfortable and secure sleep.",1.16,Tesla T4,0.25,4,0,20,False,1.0,True,False
B07QKNN9RZ,qwen2vl-2b,image_only_scaffold,The product is a navy blue canvas sneaker with white laces and a white sole.,0.75,Tesla T4,0.0,3,3,15,False,1.0,True,True
B07VSFKYLX,qwen2vl-2b,image_only_scaffold,"The Clarks Unstructured Sneaker is a stylish and comfortable option for everyday wear. It features a breathable mesh upper, providing breathability and comfort. The sneaker also has a low profile, making it suitable for casual outings. The lace-up closure ensures a secure fit, and the rubber sole offers good traction and durability. The Clarks Unstructured Sneaker is a versatile shoe that can be worn with various outfits.",3.44,Tesla T4,0.5,4,1,68,False,0.9384615384615383,True,True
B07SSJML8Y,qwen2vl-2b,image_only_scaffold,"The product is a stylish black leather mule with a block heel, designed for comfort and style. It features a pointed toe and a soft, cushioned insole for added comfort. The mule is made from high-quality leather, ensuring durability and longevity. The block heel adds a touch of elegance and height to the look, while the soft insole provides support and comfort. The product is perfect for casual wear or as a statement piece for special occasions.",3.85,Tesla T4,0.3333333333333333,3,2,78,False,0.9866666666666668,True,True
B07XRGDKPX,qwen2vl-2b,image_only_scaffold,"These sandals are a great choice for summer. They have a comfortable cushioned sole and a stylish two-tone design. The double strap adds a touch of elegance, and the low heel makes them perfect for walking all day. The material is durable and easy to clean.",2.61,Tesla T4,0.0,4,0,47,False,1.0,True,False
B07KRB8HJY,qwen2vl-2b,image_only_scaffold,"Sure, I can write a script for a product demonstration. Please provide me with the details of the product you would like me to demonstrate, such as its features, benefits, and any specific questions you may have.",2.33,Tesla T4,0.0,3,0,37,False,1.0,True,False
B07YFGWMQ2,qwen2vl-2b,image_only_scaffold,"The Oakley Men's Fission 2.0 Sneaker is a stylish and functional shoe designed for comfort and performance. It features a mesh upper for breathability and a durable rubber sole for stability and traction. The shoe is available in a range of colors and sizes, making it a versatile choice for various occasions.",2.69,Tesla T4,0.0,3,1,54,False,1.0,True,True
B07NTTVKB5,qwen2vl-2b,image_only_scaffold,"This product is a versatile stand that can hold tablets, smartphones, and other devices of various sizes. It is made of durable aluminum and is designed to provide a stable and comfortable viewing angle for users. The adjustable height allows for optimal viewing distance, making it a great choice for both casual and professional use.",2.7,Tesla T4,0.3333333333333333,3,1,55,False,1.0,True,True
B07BMQXWX1,qwen2vl-2b,image_only_scaffold,Buffalo Check Pillow - Beige,0.35,Tesla T4,0.3333333333333333,3,1,4,False,1.0,True,True
B07WTN3XJ1,qwen2vl-2b,image_only_scaffold,"This black leather wallet is a practical and stylish choice for women. It features a spacious main compartment with a zip closure, a smaller inner pocket, and a large outer pocket with a magnetic snap. The wallet also has a wristlet strap for easy carrying and a gold-tone clasp with a logo charm. It is made of high-quality leather and is suitable for everyday use.",3.38,Tesla T4,0.5,4,1,67,False,1.0,True,True
B07XKMKM98,qwen2vl-2b,image_only_scaffold,"This laundry hamper is a practical solution for organizing and storing laundry. It comes with a lid to keep your clothes dry and a handle for easy carrying. The dimensions are 58 cm x 58 cm x 58 cm, making it a compact and efficient storage solution.",2.83,Tesla T4,0.0,4,0,47,False,0.9555555555555556,True,False
B084GPTW1K,qwen2vl-2b,image_only_scaffold,This product is a stylish and practical men's dress shoe with a classic design and a comfortable fit.,1.13,Tesla T4,0.0,4,0,19,False,1.0,True,False
B0812CRMT2,qwen2vl-2b,image_only_scaffold,This product is a stylish and comfortable shoe designed for casual wear. It features a classic chukka style with a suede upper and a breathable mesh lining. The shoe is also equipped with a lace-up closure and a low-cut design for ease of movement. The sole is made of durable rubber for good traction and durability. The shoe is suitable for everyday wear and can be worn with various outfits.,3.84,Tesla T4,0.0,3,1,72,False,0.9852941176470588,True,True
B07QR3YYVD,qwen2vl-2b,image_only_scaffold,"This product is a Renewed iPad Pro 12.9-inch case, designed to protect and enhance the appearance of your device. It features a sleek, modern design with a soft, comfortable fit, ensuring your iPad stays protected while looking stylish. The case is made of high-quality materials, providing durability and protection against scratches and impacts. It also includes a stylus holder, making it easy to use with your iPad. This case is ideal for anyone looking for a stylish and functional iPad accessory.",4.08,Tesla T4,0.3333333333333333,3,0,84,False,1.0,True,False
B07M9CM11L,qwen2vl-2b,image_only_scaffold,"The product is a set of curtain rods with a glass ball finial, designed to add a touch of elegance and style to any window treatment. The rods are made of metal and come in a satin finish, providing a sleek and modern look. The glass ball finials add a unique and eye-catching element to the design, making the curtains stand out even more. The rods are adjustable, allowing for a customizable fit to the window size. The set includes two rods, each with a length of 100 inches, making it suitable for both short and tall windows. The glass ball finials are easy to clean and maintain, and the satin finish ensures that the rods look great for years to come. Overall, this set of curtain rods is",7.23,Tesla T4,0.25,4,2,130,False,0.9606299212598424,True,True
B07YV667X7,qwen2vl-2b,image_only_scaffold,Light blue high-top sneakers with white laces and a white sole.,0.63,Tesla T4,0.3333333333333333,3,1,12,False,1.0,True,True
B07TNS38P7,qwen2vl-2b,image_only_scaffold,The Reebok Flexweave TR 2.0 is a comfortable and versatile running shoe designed for everyday wear and light training. It features a breathable mesh upper for breathability and a cushioned midsole for comfort. The shoe is also lightweight and has a low-cut design for a snug fit. The Reebok Flexweave TR 2.0 is perfect for runners who want a comfortable and functional shoe that can be worn for both casual and light training.,4.31,Tesla T4,0.25,4,0,76,False,0.9154929577464788,True,False
B07QSYXM6P,qwen2vl-2b,image_only_scaffold,This laptop bag is practical for carrying your laptop securely and comfortably.,0.58,Tesla T4,0.0,3,0,12,False,1.0,True,False
B07YFH33TL,qwen2vl-2b,image_only_scaffold,"This Skechers shoe is designed for comfort and support, featuring a memory foam insole for added cushioning and a breathable mesh upper for breathability.",1.39,Tesla T4,0.3333333333333333,3,0,24,False,1.0,True,False
B07NPT3P1W,qwen2vl-2b,image_only_scaffold,"The product is a stylish flat shoe with a classic design, providing comfort and ease of wear.",0.78,Tesla T4,0.0,3,0,17,False,1.0,True,False
B07N27ZPVJ,qwen2vl-2b,image_only_scaffold,These shoes are made for comfort and style.,0.44,Tesla T4,0.3333333333333333,3,0,8,False,1.0,True,False
B07KR64TBW,qwen2vl-2b,image_only_scaffold,"This product is a set of 4 decorative throw pillows. They are made of a soft, comfortable fabric that provides a cozy and stylish touch to any home decor. The pillows are square-shaped and feature a simple, elegant design. They are perfect for adding a pop of color and texture to your living room, bedroom, or any other space in your home. The pillows are machine washable, making them easy to maintain and keep clean. They are also available in a variety of colors, so you can choose the one that best matches your style and decor. So, why wait? Add these beautiful throw pillows to your home today!",6.59,Tesla T4,0.5,4,0,110,False,0.9906542056074766,True,False
B07TJ1DMQ6,qwen2vl-2b,image_only_scaffold,"This product is a brown suede loafer with a classic penny toe design, providing both style and comfort.",1.07,Tesla T4,0.3333333333333333,3,0,18,False,1.0,True,False
B07WH3VKGH,qwen2vl-2b,image_only_scaffold,"The product is a stylish brown leather oxford shoe with a brogue design, providing practical benefits such as comfort and durability, making it a great choice for everyday wear.",1.77,Tesla T4,0.0,4,2,29,False,1.0,True,True
B07JKJKDLD,qwen2vl-2b,image_only_scaffold,"This product is a rectangular pillow with a natural linen texture and brown leather accents. It is designed to provide comfort and style to any home decor. The natural linen texture adds a rustic and organic feel, while the brown leather accents add a touch of elegance and durability. The pillow is made from high-quality materials and is machine washable, making it easy to maintain and care for. It is perfect for adding a touch of sophistication to any room, whether it is a living room, bedroom, or office.",4.06,Tesla T4,0.6666666666666666,3,1,90,False,0.9770114942528736,True,True
B07ZT9XVNH,qwen2vl-2b,image_only_scaffold,"These 6-pack glasses are made of durable glass, ensuring they can withstand the heat and cold of beer. They are perfect for serving a variety of beers, from light lagers to dark ales. The unique shape allows for easy drinking and a comfortable grip, making them a great choice for any beer lover.",3.3,Tesla T4,0.25,4,1,54,False,1.0,True,True
B07CJJT5QX,qwen2vl-2b,image_only_scaffold,"These 100% cotton hand towels are made from high-quality materials for exceptional softness and durability. They are perfect for drying hands, face, and other wet surfaces. The towels are also machine washable, making them convenient for daily use. They come in a set of 12, so you can have enough towels for everyone in your home. These towels are a great addition to any bathroom or kitchen.",4.14,Tesla T4,0.3333333333333333,3,1,68,False,1.0,True,True
B07VHNMRY8,qwen2vl-2b,image_only_scaffold,"This TV stand is a practical and stylish piece of furniture that offers a range of benefits for customers. It provides ample storage space for electronics and entertainment equipment, making it a versatile addition to any living room or entertainment area. The wooden finish adds a touch of elegance and durability, while the white doors and black legs create a modern and clean look. Overall, this TV stand is a great choice for those looking to enhance their home's decor and organization.",3.52,Tesla T4,0.5,4,1,83,False,0.9625,True,True
B07RSYFX4L,qwen2vl-2b,image_only_scaffold,"This product is a stylish brown leather shoe with a classic lace-up design and a comfortable sole. It offers practical benefits such as ease of wear and durability, making it a great choice for everyday use.",1.76,Tesla T4,0.3333333333333333,3,1,37,False,1.0,True,True
B001E0V4HI,qwen2vl-2b,image_only_scaffold,"This product offers a luxurious and comfortable bedding experience. It features a classic design with a subtle texture that adds a touch of elegance to any bedroom. The material is soft and breathable, providing a perfect balance of comfort and breathability. The product is made to last, ensuring that it will provide years of use. It is a great choice for those who value both style and quality in their bedding.",4.02,Tesla T4,0.0,4,0,71,False,1.0,True,False
B083SDZRMC,qwen2vl-2b,image_only_scaffold,"The product is a grey sneaker with a black strap, designed for comfort and style.",1.17,Tesla T4,0.0,3,2,15,False,1.0,True,True
B07SKTX4F1,qwen2vl-2b,image_only_scaffold,"This water filter jug is designed to purify water effectively, providing a clean and safe drinking source.",1.32,Tesla T4,0.0,3,0,17,False,1.0,True,False
B085FJV33J,qwen2vl-2b,image_only_scaffold,"This recliner is a great addition to any living space. It features a comfortable leather-like fabric and a modern design that adds style to any room. The recliner is also easy to use, with a swivel base that allows you to recline and relax. It's a great choice for anyone looking for a comfortable and stylish piece of furniture.",2.88,Tesla T4,0.0,3,1,61,False,1.0,True,True
B075X4F5C3,qwen2vl-2b,image_only_scaffold,"This ottoman is a practical and stylish addition to any living space. It features a comfortable cushioned seat and backrest, providing support and comfort for lounging or reading. The wooden legs add a touch of elegance and durability to the piece. It is a versatile piece that can complement a variety of decor styles.",2.76,Tesla T4,0.0,4,1,54,False,1.0,True,True
B081T82W9Q,qwen2vl-2b,image_only_scaffold,"The product is a stylish red ballet flat with a white trim and a decorative studded design. It is designed for comfort and style, making it a great choice for everyday wear.",1.48,Tesla T4,0.0,3,2,32,False,1.0,True,True
B07YV7KJMM,qwen2vl-2b,image_only_scaffold,"These pink loafers are made of soft, suede material, providing a comfortable and stylish look. They feature a classic penny loafer design with a low heel and a simple, elegant style. The pink color adds a touch of sophistication to any outfit.",2.17,Tesla T4,0.3333333333333333,3,0,42,False,1.0,True,False
B084TBHLMR,qwen2vl-2b,image_only_scaffold,The product is a comfortable and stylish slip-on sneaker with a breathable mesh upper and a soft cushioned footbed for all-day wear.,1.49,Tesla T4,0.0,3,0,24,False,1.0,True,False
B07KRZRNV3,qwen2vl-2b,image_only_scaffold,"This product is a decorative pillow cover that provides a stylish and comfortable addition to any home decor. It is made of high-quality materials that are both durable and easy to maintain. The cover features a simple and elegant design, making it suitable for a variety of interior styles. It is also machine washable, making it convenient for cleaning and maintenance. The cover is available in a range of colors and sizes, so you can choose the perfect one for your space.",4.31,Tesla T4,0.3333333333333333,3,0,83,False,1.0,True,False
B089QK71LM,qwen2vl-2b,image_only_scaffold,"This product is a practical and comfortable inflatable pillow designed for outdoor activities. It provides support and comfort for your head and neck, making it ideal for camping, hiking, and other outdoor adventures.",1.81,Tesla T4,0.0,3,0,33,False,1.0,True,False
B07QF9Y24J,qwen2vl-2b,image_only_scaffold,"This office chair is a practical choice for anyone looking for a comfortable and stylish piece of furniture. It features a button-tufted backrest and seat, providing a classic and elegant look. The chair is also equipped with a wooden base, adding a touch of sophistication to its design. The chair's adjustable height and seat depth make it versatile for various work environments. Overall, this chair is a great option for anyone looking for a high-quality, stylish, and comfortable office chair.",3.71,Tesla T4,0.3333333333333333,3,1,83,False,0.9487179487179488,True,True
B07VP48FB2,qwen2vl-2b,image_only_scaffold,"Comfortable and stylish, these shoes are perfect for everyday wear.",0.66,Tesla T4,0.25,4,0,10,False,1.0,True,False
B08FHKLHGJ,qwen2vl-2b,image_only_scaffold,"This product is a high-quality bed sheet set with a luxurious feel, featuring a beautiful red color and a modern design. It is made from a soft and comfortable material that provides excellent breathability and helps to keep you cool and comfortable while you sleep. The set includes a fitted sheet, a flat sheet, and a pillowcase, making it a complete and luxurious bedding solution for your bedroom.",3.74,Tesla T4,0.0,3,1,69,False,1.0,True,True
B076BSFTTX,qwen2vl-2b,image_only_scaffold,"This product is a comfortable and versatile duvet. It comes in a range of colors and is made from high-quality materials, providing warmth and comfort for all seasons. It's perfect for those who want a cozy and stylish addition to their bedroom.",2.59,Tesla T4,0.5,4,0,44,False,1.0,True,False
B0028N6SXU,qwen2vl-2b,image_only_scaffold,"This product is a beautiful and practical bed sheet set. It features a vibrant and colorful floral pattern with a mix of pink, green, and yellow hues. The set includes a fitted sheet, a flat sheet, and two pillowcases, making it a complete bedding solution. The material is soft and comfortable, ensuring a great night's sleep. The set is designed to be both stylish and functional, making it a great choice for any bedroom.",4.14,Tesla T4,0.0,4,3,75,False,0.9861111111111112,True,True
B07NYSJH2F,qwen2vl-2b,image_only_scaffold,"This white bedside table is a practical and stylish addition to any bedroom. It features a single drawer for storage, making it easy to keep your space organized. The elegant design with curved legs and a smooth surface adds a touch of sophistication to the room. Whether you're looking for a bedside table to hold your phone, books, or other small items, this table is a great choice.",3.32,Tesla T4,0.6666666666666666,3,0,69,False,0.9848484848484848,True,False
B002HEXKFE,qwen2vl-2b,image_only_scaffold,"This mattress topper is a practical and comfortable addition to any bed. It provides extra support and comfort, making it a great choice for those looking for a better sleep experience.",1.89,Tesla T4,0.0,4,0,31,False,1.0,True,False
B01KBEP6D0,qwen2vl-2b,image_only_scaffold,"This product is a cardboard box designed for shipping and moving purposes. It is made of strong, durable cardboard and is suitable for a variety of items, including books, electronics, and other household items. The box is easy to open and close, and it is available in different sizes to accommodate different shipping needs. It is a practical and convenient solution for moving and shipping.",4.32,Tesla T4,0.3333333333333333,3,0,65,False,1.0,True,False
B07RNMN4ZF,qwen2vl-2b,image_only_scaffold,"This mirror is a practical and stylish addition to any bathroom or bedroom, offering a sleek and modern design that enhances the overall aesthetic of the space.",1.18,Tesla T4,0.3333333333333333,3,0,27,False,1.0,True,False
B07WLY2ZQ3,qwen2vl-2b,image_only_scaffold,"This product is a practical and efficient fan that provides a comfortable and cool breeze, ideal for cooling down spaces or personal use.",1.11,Tesla T4,0.0,3,0,23,False,1.0,True,False
B07ZQR2Z96,qwen2vl-2b,image_only_scaffold,"This product is a renewed Amazon brand product, which means it has been restocked and is now available for purchase. It is a high-quality, durable, and practical product that is sure to meet your needs. The product is made of stainless steel, which is known for its durability and ease of cleaning. The product is also easy to use and maintain, making it a great choice for anyone looking for a reliable and practical product.",4.02,Tesla T4,0.5,4,0,76,False,0.9863013698630136,True,False
B07SL5R49D,qwen2vl-2b,image_only_scaffold,"This product is a durable 3-ring binder with a blue color, ideal for organizing documents and keeping them safe. It comes with a convenient 1-inch capacity for easy use.",1.59,Tesla T4,0.6666666666666666,3,0,31,False,1.0,True,False
B08299KY5N,qwen2vl-2b,image_only_scaffold,The product is a black canvas sneaker with a lace-up front and a white sole.,0.96,Tesla T4,0.3333333333333333,3,1,16,False,1.0,True,True
B071NHXGFY,qwen2vl-2b,image_only_scaffold,"This round mirror is a practical and stylish addition to any room. It features a sleek, metallic frame that adds a touch of elegance and sophistication. The mirror itself is large and round, making it perfect for hanging in a bathroom or bedroom to reflect light and add depth to the space. The metal frame is durable and easy to clean, making it a great choice for any home decor.",4.77,Tesla T4,0.25,4,1,70,False,1.0,True,True
B08BM2DN17,qwen2vl-2b,image_only_scaffold,"This product is a white, metal umbrella stand with a unique design featuring rainbows cut into the surface. It is practical for holding umbrellas and provides a stylish, modern look.",1.57,Tesla T4,0.3333333333333333,3,0,30,False,1.0,True,False
B071K5ZLL7,qwen2vl-2b,image_only_scaffold,"This Solimo toaster is a practical and efficient kitchen appliance. It comes with a 2-slice capacity, making it ideal for toasting multiple slices of bread at once. The toaster also features a simple and user-friendly design, with a clear window to monitor the toast progress. It's a great addition to any kitchen for quick and easy toasting.",2.93,Tesla T4,0.5,4,0,60,False,1.0,True,False
B085FGXKG9,qwen2vl-2b,image_only_scaffold,"This recliner is a great addition to any living space. It offers a comfortable and stylish seating option with its plush cushions and high backrest. The fabric upholstery is durable and easy to maintain, making it a practical choice for everyday use. The recliner's reclining feature allows for easy relaxation, and the sturdy frame ensures stability and durability. It's a versatile piece that can complement a variety of decor styles.",3.79,Tesla T4,0.0,4,0,72,False,1.0,True,False
B07D44LBM9,qwen2vl-2b,image_only_scaffold,"This product is a stylish and practical choice for men's fashion. It features a classic design with a suede material that offers a comfortable and durable feel. The shoe is designed with a lace-up closure, providing a secure fit. The sole is made of rubber, ensuring good traction and durability. The product is made from high-quality materials, making it a reliable choice for everyday wear.",4.13,Tesla T4,0.0,3,1,68,False,1.0,True,True
B06XGFCB2X,qwen2vl-2b,image_only_scaffold,"The product is a black leather wingtip dress shoe with a perforated design, providing both style and comfort for customers.",1.26,Tesla T4,0.3333333333333333,3,0,20,False,1.0,True,False
B08D49Y55K,qwen2vl-2b,image_only_scaffold,"These flip-flops are made of soft, comfortable material that provides excellent support and cushioning for your feet. They feature a stylish, colorful pattern with a thong strap for easy wear and a comfortable fit. The design is suitable for both casual and casual occasions, making them a great choice for everyday use.",2.43,Tesla T4,0.0,3,0,53,False,1.0,True,False
B07SZ8H42Y,qwen2vl-2b,image_only_scaffold,"This product is a stack of three white pillows, neatly folded and ready for use. It offers a practical and comfortable option for customers looking for a soft and supportive pillow.",1.43,Tesla T4,0.25,4,0,31,False,1.0,True,False
B086BXNWFR,qwen2vl-2b,image_only_scaffold,"This ottoman is a practical and stylish addition to any living space. It features a deep blue fabric with a modern, mid-century design, and it's made of high-quality materials for durability and comfort. The wooden legs add a touch of elegance and warmth to the piece. It's a great choice for anyone looking for a comfortable and functional ottoman.",3.09,Tesla T4,0.6666666666666666,3,1,63,False,1.0,True,True
B07D4LK8Z9,qwen2vl-2b,image_only_scaffold,"This product is a renewed AmazonBasics Neoprene 7-inch Tablet Sleeve. It is designed to protect your tablet from scratches and damage while keeping it organized and easy to carry. The sleeve is made of neoprene, a durable and water-resistant material, and it features a secure zipper for easy access. It is perfect for travelers and commuters who need to carry their tablets on the go.",4.09,Tesla T4,0.3333333333333333,3,0,67,False,1.0,True,False
B06ZY6Q66G,qwen2vl-2b,image_only_scaffold,"This product is a great solution for pet owners looking to provide their pets with a reliable and convenient water and food dispenser. It comes with a water bottle and a food bowl, making it easy for pets to access their water and food without having to move around. The dispenser is also easy to clean and maintain, ensuring that pets can enjoy fresh and clean water and food. Overall, this product is a practical and convenient solution for pet owners looking to keep their pets hydrated and fed.",4.86,Tesla T4,0.3333333333333333,3,0,89,False,0.9195402298850576,True,False
B07XGW5Y41,qwen2vl-2b,image_only_scaffold,"The product is a stylish gray leather loafer with a comfortable and slip-on design, providing practical and stylish options for men.",1.09,Tesla T4,0.0,3,2,22,False,1.0,True,True
B07QTHYQD7,phi35-vision-4b,image_meta,"""Good day! I'm here to show you our Eono by Amazon reusable shopping bags. These are made from eco-friendly fabric and come in three different sizes: 2L, 5M, and 2S. They're perfect for carrying fruits, vegetables, and even toys. Plus, they're washable and breathable, making them a practical choice for everyday use. And you'll love that they come in a pack of 9!""",9.15,Tesla T4,0.5,4,0,68,False,1.0,True,False
B07QTHYQD7,phi35-vision-4b,image_only,"""Hello, I'm here to show you our 9-pack of reusable produce bags. These bags are made from a durable, eco-friendly material and are perfect for keeping your fruits and vegetables fresh. They're designed to be reusable, which means you can reduce waste and save money in the long run. Plus, they're easy to clean and maintain, making them a convenient addition to your kitchen.""",6.76,Tesla T4,0.25,4,0,69,False,1.0,True,False
B07QTHYQD7,phi35-vision-4b,image_only_scaffold,"This product is a set of 9 reusable produce bags, perfect for storing fruits and vegetables. The bags are made of a durable, washable material and feature a zipper closure for easy opening and closing. A practical benefit for the customer is that these bags help keep produce fresh longer, reducing food waste and saving money on groceries.",5.42,Tesla T4,0.25,4,0,58,False,1.0,True,False
B07KYG85X8,phi35-vision-4b,image_meta,"""Hello, today we have a product that's perfect for keeping your bed and bathroom linens looking fresh and clean. It's the AmazonBasics Premium Microfiber Pillowcases, and they come in a 2-pack. Each pillowcase is 40 x 80 cm, and they're bright white to match any room. The microfiber material is gentle on your skin and helps to absorb moisture, making them ideal for use in the bathroom. They're easy to wash and dry, so you can use them multiple times without worrying about wear and tear.""",9.14,Tesla T4,1.0,3,0,91,False,1.0,True,False
B07KYG85X8,phi35-vision-4b,image_only,"""Good day! This is a high-quality, durable envelope, perfect for securely mailing documents. It features a smooth, white surface and a sturdy flap that ensures your letters stay protected. The envelope's compact size makes it ideal for easy storage and transport. Its simple design allows for customization with your company's branding, making it a great addition to your direct-selling materials.""",6.14,Tesla T4,0.6666666666666666,3,0,64,False,1.0,True,False
B07KYG85X8,phi35-vision-4b,image_only_scaffold,"This is a white envelope with a silver pen. It's designed for easy writing and has a smooth surface for a clean look. This envelope is perfect for business correspondence or personal letters, ensuring your message stands out with its professional appearance.",4.36,Tesla T4,0.6666666666666666,3,1,43,False,1.0,True,True
B07YFZWQG7,phi35-vision-4b,image_meta,"""Good morning! Today, I'd like to show you a beautiful pair of women's mid-heel strappy sandals in a soft beige nude color. These sandals feature a delicate strap across the top of the foot and a sturdy heel, making them perfect for a stylish yet comfortable look. The strap also adds a touch of elegance to your outfit. The heel is designed to provide a smooth and stable walk, so you can enjoy your day without worrying about your footwear.""",7.61,Tesla T4,0.3333333333333333,3,0,83,False,1.0,True,False
B07YFZWQG7,phi35-vision-4b,image_only,"""Hello, today we have a stunning pair of high-heeled sandals that are perfect for any occasion. These sandals feature a sleek, elegant design with a smooth, cream-colored leather upper. The stiletto heel adds a touch of sophistication, while the ankle strap provides a secure fit. One practical benefit of these sandals is their comfort; they are designed with a cushioned insole to ensure a comfortable walk all day long. They are a great choice for both casual outings and formal events.""",8.41,Tesla T4,0.0,3,2,83,True,1.0,False,True
B07YFZWQG7,phi35-vision-4b,image_only_scaffold,"This is a high-heeled sandal with a strap across the top of the foot and a single strap over the ankle. It features a sleek design with a smooth finish and a gold-tone buckle. This sandal offers both style and support, making it a great choice for everyday wear or special occasions.",5.24,Tesla T4,0.0,3,1,54,False,1.0,True,True
B07F611M31,phi35-vision-4b,image_meta,"""Hello, today we have a pair of grey canvas sneakers that are perfect for casual wear. These sneakers feature a comfortable canvas material and a classic design with a white sole. The key visible feature is the sturdy canvas upper that provides breathability and a natural look. One practical benefit of these sneakers is their comfort, making them ideal for everyday activities.""",5.86,Tesla T4,0.5,4,1,62,True,1.0,False,True
B07F611M31,phi35-vision-4b,image_only,"""Hello, I'm here to show you our newest shoe, the 'ComfortFit Sneaker'. It's designed for comfort and style, featuring a soft, breathable fabric and a cushioned insole. The slip-on design makes it easy to put on and take off, perfect for busy days. Its durable rubber sole provides excellent grip and protection. This shoe is ideal for those who want a comfortable, stylish option for everyday wear.""",6.88,Tesla T4,0.0,4,1,70,False,1.0,True,True
B07F611M31,phi35-vision-4b,image_only_scaffold,This is a pair of grey glittery slip-on shoes with a white sole and a black stripe on the side. The shoes have a velcro strap for easy on and off. These shoes are perfect for casual outings and can be easily cleaned with a damp cloth.,4.9,Tesla T4,0.5,4,2,48,False,1.0,True,True
B0896KVCJY,phi35-vision-4b,image_meta,"""Hello, today we have the AmazonBasics Eastlake Coolers Glass Drinkware Set. It's a set of six clear glass cups, each 15 ounces in size. These cups are perfect for keeping your drinks cool on a hot day. The clear glass allows you to see the amount of liquid inside, so you can pour just the right amount without spilling. Plus, the coolers are designed to keep your beverages chilled for longer periods. It's a great addition to any kitchen or bar.""",7.99,Tesla T4,1.0,3,0,83,False,1.0,True,False
B0896KVCJY,phi35-vision-4b,image_only,"""Good day! This is a high-quality glass water pitcher, perfect for keeping your beverages chilled. It's made of clear glass, allowing you to see the water level easily. The wide mouth ensures that you can pour without spillage, and the tapered design helps maintain the temperature of your drinks. It's an excellent choice for parties or any occasion where you need to serve cold drinks.""",6.63,Tesla T4,0.3333333333333333,3,0,68,False,1.0,True,False
B0896KVCJY,phi35-vision-4b,image_only_scaffold,"This is a clear glass tumbler, perfect for enjoying your favorite beverages. It features a wide mouth and a straight-sided design, making it easy to pour and drink from. The wide mouth also allows for better aeration of your drink, enhancing the flavor and aroma.",4.82,Tesla T4,0.3333333333333333,3,0,46,False,1.0,True,False
B07SK9MRTF,phi35-vision-4b,image_meta,"""Hello, today we have a beautiful set of two Amazon-Marchio Alkove Hayes chairs. These chairs are made from high-quality faggio wood, giving them a warm and natural look. They are designed with a modern style, featuring a cross-back design for added comfort. The dimensions are 45.5 x 48 x 91.3 cm, making them perfect for dining tables. One practical benefit of these chairs is their durability, ensuring they will last for years with proper care.""",8.24,Tesla T4,1.0,4,1,80,True,1.0,False,True
B07SK9MRTF,phi35-vision-4b,image_only,"""Hello, I'm here to show you our new wooden chairs. These chairs feature a sturdy X-back design, providing excellent support and comfort. The natural wood finish gives them a warm, inviting look. They're perfect for adding a touch of elegance to any room. Plus, their durable construction ensures they can withstand daily use, making them a great investment for your home or office.""",6.65,Tesla T4,0.25,4,2,66,False,1.0,True,True
B07SK9MRTF,phi35-vision-4b,image_only_scaffold,"These are wooden chairs with a sturdy X-back design, providing both comfort and support. The chairs feature a light brown finish and are made from high-quality wood, ensuring durability and a natural aesthetic. The practical benefit for customers is that these chairs are perfect for outdoor use, offering a comfortable seating option for events or gatherings.",5.72,Tesla T4,0.25,4,3,58,False,1.0,True,True
B07HK65QM8,phi35-vision-4b,image_meta,"""Good morning! Today, I'm going to show you a great product that can enhance your workout routine. This is a pair of neoprene grip sleeves, perfect for your dumbbells. They are made of high-quality neoprene material, which provides excellent grip and reduces the risk of your hands slipping during your exercises. The blue color adds a touch of style to your workout gear. These sleeves are designed to keep your hands dry and comfortable, allowing you to focus on your workout and achieve better results.""",8.76,Tesla T4,0.0,4,1,87,False,1.0,True,True
B07HK65QM8,phi35-vision-4b,image_only,"""Hello, today we have a fantastic green dumbbell that's perfect for strength training. It's made of high-quality metal, ensuring durability and safety. The smooth surface is designed to reduce friction, which helps in preventing injuries. This dumbbell is ideal for both beginners and experienced gym-goers looking to enhance their workout routine.""",6.05,Tesla T4,0.0,4,2,55,False,1.0,True,True
B07HK65QM8,phi35-vision-4b,image_only_scaffold,"This is a green dumbbell, designed for strength training. It features a smooth, matte finish and a hexagonal shape that provides a comfortable grip. This dumbbell is ideal for home workouts, allowing you to conveniently build muscle strength and endurance from the comfort of your own space.",5.4,Tesla T4,0.0,4,1,47,False,1.0,True,True
B01N16EEHY,phi35-vision-4b,image_meta,"""Hello, I'm here to show you our Bright Blue Finley Dome Stud Slide Sandal. It's made of suede and features a comfortable, dome-shaped sole with studs for added grip. This sandal is perfect for everyday wear, offering both style and functionality with its slide design.""",5.09,Tesla T4,0.5,4,0,48,False,1.0,True,False
B01N16EEHY,phi35-vision-4b,image_only,"""Hello, I'm here to show you our newest shoe, the 'Sparkle Walk'. It's a stylish flat with a vibrant blue upper adorned with silver studs. The studs not only add a touch of glamour but also provide extra grip for better traction. The soft interior ensures comfort for all-day wear, making it perfect for both casual outings and professional settings. It's a versatile shoe that combines style with functionality.""",7.64,Tesla T4,0.5,4,1,73,False,1.0,True,True
B01N16EEHY,phi35-vision-4b,image_only_scaffold,This is a blue shoe with silver studs on the toe area. It has a soft interior and a wooden heel. This shoe is perfect for adding a touch of sparkle to any outfit while providing comfortable wear.,3.68,Tesla T4,0.5,4,2,38,False,1.0,True,True
B07PRQ57J6,phi35-vision-4b,image_meta,"""Hello, I'm here to show you our Solimo Room Darkening Blackout Window Curtains in a striking blue color. These curtains are made of high-quality polyester, ensuring durability and easy maintenance. They come in a set of two, perfect for pairing with your existing decor. The key feature is their ability to block out light effectively, providing a darker room for relaxation or sleep. They're a great addition to any home for enhancing privacy and controlling natural light.""",8.05,Tesla T4,1.0,4,0,80,False,1.0,True,False
B07PRQ57J6,phi35-vision-4b,image_only,"""Good day! This is a modern, adjustable curtain rod that allows you to easily customize the length of your curtains. It's made of durable metal and has a sleek, contemporary design. The adjustable rod ensures that your curtains hang perfectly, providing a neat and tidy appearance. It's perfect for any room, whether it's a living room, bedroom, or office. The rod is easy to install and can be adjusted to any height, making it a versatile addition to your home decor.""",7.9,Tesla T4,0.25,4,1,84,False,1.0,True,True
B07PRQ57J6,phi35-vision-4b,image_only_scaffold,"This is a modern, stylish blue curtain that can be easily adjusted with a simple rod system. It features a smooth, flowing fabric that adds a touch of elegance to any room. The practical benefit of this curtain is its ability to control light and privacy with just a few adjustments, making it perfect for creating a cozy and comfortable atmosphere in your home.",6.13,Tesla T4,0.5,4,0,64,False,1.0,True,False
B082QL2WKF,phi35-vision-4b,image_meta,"""Good morning! Today, I'd like to show you a stylish pair of Amazon Essentials shoes. These are pointy-toe mules with a cute mini heel, perfect for adding a touch of elegance to your outfit. The leopard print adds a bold and fashionable touch, and they're available in sizes 42 to 43. A practical benefit of these shoes is their comfort and support, making them great for everyday wear.""",6.91,Tesla T4,1.0,3,0,71,False,1.0,True,False
B082QL2WKF,phi35-vision-4b,image_only,"""Hello, I'm here to show you our new Leopard Print Flats. These shoes feature a bold leopard print design on a soft, comfortable fabric. They have a low heel, making them perfect for both casual and semi-formal occasions. The sturdy sole ensures they're durable and easy to walk in all day. They're a stylish choice that combines comfort with a touch of wild elegance.""",6.94,Tesla T4,0.6666666666666666,3,0,68,False,1.0,True,False
B082QL2WKF,phi35-vision-4b,image_only_scaffold,This is a pair of leopard print flats with a low heel. The shoes feature a pointed toe and a slip-on design for easy wear. The leopard print pattern adds a bold and fashionable touch to any outfit.,3.89,Tesla T4,0.6666666666666666,3,0,39,False,1.0,True,False
B07WL3YXZD,phi35-vision-4b,image_meta,"""Hello, today we have a practical addition to your home organization - the Amazon Brand - Solimo Plastic Hanger Set. This set includes 48 white plastic hangers, perfect for keeping your clothes wrinkle-free. The hangers are made of durable plastic, ensuring they last a long time. Plus, they're easy to fold and store, making them a convenient choice for any home.""",6.76,Tesla T4,1.0,4,0,61,False,1.0,True,False
B07WL3YXZD,phi35-vision-4b,image_only,"""Good day! This is a set of white, flexible, corrugated trays. They are designed to keep your products organized and protected during shipping. The corrugated design helps to prevent items from sliding around, which is great for maintaining the integrity of your products. They're also lightweight and easy to stack, making them perfect for your distribution needs.""",5.69,Tesla T4,0.25,4,0,58,False,1.0,True,False
B07WL3YXZD,phi35-vision-4b,image_only_scaffold,"This is a set of white, flexible, corrugated trays designed for easy storage and transportation of items. The trays have a smooth surface and are made of a durable, lightweight material. These trays are perfect for organizing and protecting fragile items during shipping or storage.",5.32,Tesla T4,0.25,4,0,45,False,1.0,True,False
B08CKRTT15,phi35-vision-4b,image_meta,"""Good morning, I'm here to show you the Bourge Men's Vega-5 Navy Running Shoes. These shoes are designed for comfort and performance, featuring a breathable mesh material that keeps your feet cool and dry. The navy color is both stylish and practical, providing excellent visibility for nighttime running. The white sole offers a durable and cushioned base for a smooth run. These shoes are perfect for anyone looking to enhance their running experience with a pair that's both functional and fashionable.""",7.73,Tesla T4,1.0,4,1,85,False,0.9873417721518988,True,True
B08CKRTT15,phi35-vision-4b,image_only,"""Good day! This is a navy blue sneaker with a breathable mesh upper and a white sole. It's designed for comfort and style, featuring a low-cut design that allows for easy movement. The cushioned insole provides excellent support for your feet, making it ideal for everyday wear or light exercise.""",5.48,Tesla T4,0.5,4,2,52,False,1.0,True,True
B08CKRTT15,phi35-vision-4b,image_only_scaffold,"This is a navy blue sneaker with a white sole, featuring a breathable mesh upper and a cushioned insole for added comfort. The sneaker is designed with a low-cut profile and a lace-up closure for a secure fit. The breathable mesh upper ensures that your feet stay cool and comfortable throughout the day, making it perfect for casual wear or light exercise.",6.04,Tesla T4,0.5,4,2,64,False,0.9833333333333333,True,True
B003JFJWT8,phi35-vision-4b,image_meta,"""Hello, I'm here to show you our Pinzon Oversized Supima Cotton Wash Cloth in Marine Wash Blue. This washcloth is made from high-quality Supima-cotton, ensuring it's soft, absorbent, and gentle on your skin. It's perfect for everyday use, whether you're washing dishes or drying your hands. Its oversized size makes it easy to use and convenient for your daily household chores.""",7.73,Tesla T4,0.75,4,0,67,False,1.0,True,False
B003JFJWT8,phi35-vision-4b,image_only,"""Hello, today we have a cozy, soft, and fluffy throw blanket in a soothing light grey color. It's perfect for adding warmth and comfort to your living space. The blanket features a textured pattern that adds a touch of elegance and is easy to clean, making it a practical choice for everyday use.""",5.3,Tesla T4,0.0,4,1,54,False,1.0,True,True
B003JFJWT8,phi35-vision-4b,image_only_scaffold,"This is a cozy, plush throw blanket in a soft grey color. It features a textured, looped design that adds a touch of elegance to any room. This blanket is perfect for adding warmth and comfort to your living space during the colder months.",4.89,Tesla T4,0.0,4,1,44,False,1.0,True,True
B01N6WEDO5,phi35-vision-4b,image_meta,"""Hello, I'm here to show you our The Fix Women's Zavala Structured Bow Ballet Flat in black. This elegant flat features a structured bow detail on the front, providing a stylish and sophisticated look. The flat design offers comfort and support, making it perfect for everyday wear. The black color is versatile and complements any outfit. These shoes are designed to be both fashionable and functional, ensuring you look and feel great on your feet.""",7.12,Tesla T4,1.0,3,0,77,False,1.0,True,False
B01N6WEDO5,phi35-vision-4b,image_only,"""Hello, I'm here to show you our newest addition to our shoe collection, the elegant black flats. These shoes feature a smooth leather upper with a soft interior lining for comfort. The pointed toe design adds a touch of sophistication, and the low heel makes them perfect for all-day wear. They're not only stylish but also offer excellent support, making them a great choice for both casual and formal occasions.""",6.93,Tesla T4,1.0,3,1,73,False,1.0,True,True
B01N6WEDO5,phi35-vision-4b,image_only_scaffold,"This is a classic black pump with a pointed toe and a small bow detail on the front. The shoe features a smooth leather upper and a low heel, making it a stylish and comfortable choice for everyday wear. The bow detail adds a touch of elegance and can be easily adjusted to suit your personal style.",4.86,Tesla T4,0.6666666666666666,3,1,57,False,1.0,True,True
B01N9X5U1W,phi35-vision-4b,image_meta,"""Hello, I'm here to show you our Brystal Frayed Cross Strap Slide Sandal in Orange Sun. This sandal features a vibrant orange color with a frayed cross strap design for a stylish look. The slide design allows for easy movement, making it perfect for casual outings. The strap is adjustable for a comfortable fit, and the sole is durable for everyday wear. It's a great option for those looking for a fashionable and functional sandal.""",7.54,Tesla T4,0.6666666666666666,3,0,77,False,0.9863013698630136,True,False
B01N9X5U1W,phi35-vision-4b,image_only,"""Hello, I'm here to show you our newest sandal collection. These sandals feature a vibrant peach color with a sturdy, flat sole and a comfortable, cushioned insole. The fringed detail on the top adds a stylish touch. A practical benefit of these sandals is their durability, making them perfect for everyday wear.""",5.5,Tesla T4,0.3333333333333333,3,0,53,False,1.0,True,False
B01N9X5U1W,phi35-vision-4b,image_only_scaffold,"This is a stylish, open-toed sandal with a vibrant orange suede upper and a contrasting blue sole. It features a decorative fringe detail on the top edge, adding a touch of elegance to the design. The open toe design allows for easy on and off, making it a convenient choice for everyday wear.",5.39,Tesla T4,0.6666666666666666,3,1,54,False,1.0,True,True
B004C046TA,phi35-vision-4b,image_meta,"""Hello, I'm here to show you the Strathwood Signature Tavolara Teak Coffee Table. It's a beautiful piece made from high-quality teak wood with a distressed finish that gives it a rustic look. The table features a sturdy wooden base with a unique circular design on the legs, making it both functional and stylish. One practical benefit of this table is its durability, thanks to the teak wood material, which is known for its resistance to weather and rot. It's perfect for outdoor spaces or as a centerpiece in any room.""",8.79,Tesla T4,1.0,4,1,94,True,1.0,False,True
B004C046TA,phi35-vision-4b,image_only,"""This is a wooden coffee table with a sturdy frame and a smooth, flat top. It's designed for both indoor and outdoor use, thanks to its durable construction. The table's legs are wide, providing stability, and the rounded corners add a touch of elegance. A practical benefit of this table is its versatility; it can be used for dining, working, or as a decorative piece in any room.""",6.95,Tesla T4,0.5,4,1,70,False,1.0,True,True
B004C046TA,phi35-vision-4b,image_only_scaffold,"This is a wooden coffee table with a natural finish and a simple, elegant design. It features a flat top with a smooth surface and four sturdy legs with a curved design. This table is perfect for adding a touch of natural beauty to any room while providing a functional surface for placing items.",4.62,Tesla T4,0.75,4,1,54,False,1.0,True,True
B00EQ5FO3I,phi35-vision-4b,image_meta,"""Hello, I'm here to show you our Pinzon Ultrasoft 300 Percale Cotton Duvet Cover Set in Sky Blue. This set is made from high-quality cotton, ensuring a soft and comfortable sleep. The set includes a duvet cover and a pillowcase, perfect for a cozy and inviting bedroom. The blue color adds a touch of calmness to your space, making it a great choice for any bedroom decor.""",7.49,Tesla T4,0.5,4,0,69,False,1.0,True,False
B00EQ5FO3I,phi35-vision-4b,image_only,"""Good morning! Today, I'd like to show you our newest addition to our home decor collection, the 'Elegant Blue Pillow'. This pillow features a soft, plush fabric in a calming shade of blue, perfect for adding a touch of sophistication to your living space. It's designed with a smooth texture and comes in a sleek, modern shape. One practical benefit is its ergonomic design, which provides support and comfort for your neck and back while you relax. It's also easy to clean, making it a convenient choice for busy households. Would you like to see it in person?""",9.48,Tesla T4,0.25,4,0,101,True,1.0,False,False
B00EQ5FO3I,phi35-vision-4b,image_only_scaffold,"This is a modern, stylish blue cushion that adds a pop of color to any room. It features a sleek design with a smooth texture and a subtle pattern on the backrest. The practical benefit of this cushion is that it provides both comfort and support, making it an ideal addition to your living space.",5.03,Tesla T4,0.25,4,0,55,False,1.0,True,False
B07QGWMTDY,phi35-vision-4b,image_meta,"""Hello, this is a Rivet Fulton Modern Rustic Dining Table. It features a natural finish and is made of metal, giving it a sturdy and elegant look. The table has a sleek, minimalist design with four legs that provide stability. One practical benefit is its durability, making it a great choice for everyday use in your home or office.""",5.88,Tesla T4,1.0,4,0,59,True,1.0,False,False
B07QGWMTDY,phi35-vision-4b,image_only,"""This is a versatile wooden dining table with a natural finish and four sturdy black metal legs. The table's smooth surface and solid construction make it ideal for both casual and formal dining. Its elegant design adds a touch of sophistication to any room, and the durable materials ensure it can withstand daily use while maintaining its aesthetic appeal.""",5.84,Tesla T4,0.75,4,2,60,False,1.0,True,True
B07QGWMTDY,phi35-vision-4b,image_only_scaffold,"This is a modern, minimalist dining table with a light wood finish and sleek black metal legs. The table features a smooth, flat surface and four sturdy legs that provide stability. This table is perfect for small spaces as it has a compact design, making it ideal for apartments or studios.",4.78,Tesla T4,0.5,4,2,51,False,1.0,True,True
B07XGTPDDF,phi35-vision-4b,image_meta,"""Good morning, today we have a pair of Klepe Men's Black Flyknit running shoes. These shoes feature a breathable mesh material for comfort and a memory foam insole for support. The black color makes them stylish and easy to match with any outfit. The Flyknit material ensures durability and a snug fit, making them ideal for running or any physical activity.""",6.48,Tesla T4,1.0,4,0,62,False,1.0,True,False
B07XGTPDDF,phi35-vision-4b,image_only,"""Good day! This is a black safety shoe with a sturdy sole and a padded collar for comfort. It's designed for work environments where you need to protect your feet from heavy objects and sharp objects. The non-slip outsole ensures you have a good grip on various surfaces, reducing the risk of slipping and falling. It's a reliable choice for any job that requires safety footwear.""",6.4,Tesla T4,0.25,4,0,69,False,1.0,True,False
B07XGTPDDF,phi35-vision-4b,image_only_scaffold,"This is a black slip-on shoe with a thick sole, designed for comfort and durability. It features a padded collar and tongue for added comfort and a slip-on design for easy on and off. This shoe is perfect for those who need a comfortable and durable shoe for work or casual wear.",5.46,Tesla T4,0.25,4,0,54,False,1.0,True,False
B081LC75N6,phi35-vision-4b,image_meta,"""Good day! This is a protective cover for the MacBook Air 13-inch, featuring a sturdy marble design in shades of blue and black. It's made to fit the 2019 and 2018 models, ensuring a snug fit. The cover includes a keyboard protector and screen guard, providing extra security for your device. It's also equipped with Touch ID for added convenience. This cover is not only stylish but also practical, offering protection for your MacBook Air.""",8.03,Tesla T4,0.3333333333333333,3,3,78,False,1.0,True,True
B081LC75N6,phi35-vision-4b,image_only,"""Hello, today we have a laptop skin that's not just a design, but a statement. It's made from high-quality, durable material that's easy to clean. The marbled pattern is unique, and it adds a touch of elegance to your device. Plus, it's designed to protect your laptop from scratches and minor impacts. It's a great way to personalize your laptop while keeping it safe.""",6.69,Tesla T4,0.3333333333333333,3,0,70,False,1.0,True,False
B081LC75N6,phi35-vision-4b,image_only_scaffold,"This is a laptop skin featuring a unique marble pattern, which adds a touch of elegance and sophistication to your device. The skin is made of high-quality, durable material that is easy to apply and remove. By using this laptop skin, you can protect your laptop from scratches and damage while also showcasing your personal style.",5.46,Tesla T4,0.3333333333333333,3,1,57,False,1.0,True,True
B07QBMQQ34,phi35-vision-4b,image_meta,"""Hello, I'm here to show you the Ravenna Home Tamarack Rocker Recliner. It's a comfortable, 34-inch wide leather chair with a hardwood finish in a dark roast color. This chair features a reclining backrest and armrests, making it perfect for relaxing or watching TV. Its sturdy construction ensures durability, and the leather upholstery adds a touch of elegance to your home decor.""",7.47,Tesla T4,1.0,4,0,65,False,1.0,True,False
B07QBMQQ34,phi35-vision-4b,image_only,"""This is a comfortable recliner chair, perfect for relaxing at home. It features a high backrest and armrests, providing excellent support. The leather upholstery is durable and easy to clean. One practical benefit is its adjustable reclining feature, allowing you to find the perfect angle for your comfort.""",5.38,Tesla T4,0.5,4,0,48,True,1.0,False,False
B07QBMQQ34,phi35-vision-4b,image_only_scaffold,"This is a comfortable recliner chair with a high back and armrests, perfect for relaxing and watching TV. It has a smooth leather finish and a reclining mechanism for added comfort. The recliner chair also features a footrest for added support and comfort while sitting.",4.65,Tesla T4,0.25,4,0,45,False,1.0,True,False
B0748RH9L3,phi35-vision-4b,image_meta,"""Hello, I'm here to show you our Union Slide Slipper Shoe. It's a stylish black suede slipper with a soft shearling lining for warmth. The slip-on design makes it easy to put on and take off. One practical benefit is that it's comfortable for both indoor and outdoor use, perfect for a casual day out.""",5.82,Tesla T4,0.3333333333333333,3,0,59,True,1.0,False,False
B0748RH9L3,phi35-vision-4b,image_only,"""Hello, today we have a fantastic product for you, a cozy and stylish slipper. It's made from soft, plush material, ensuring comfort on your feet. The design features a snug fit with a rounded toe and a sturdy sole for added support. One practical benefit is its ease of cleaning; simply wipe it down with a damp cloth. It's perfect for everyday wear and adds a touch of sophistication to your wardrobe.""",7.53,Tesla T4,0.0,3,0,74,True,1.0,False,False
B0748RH9L3,phi35-vision-4b,image_only_scaffold,"This is a cozy, plush slipper with a soft interior and a comfortable, cushioned sole. It features a snug fit with a Velcro strap for easy on and off. The practical benefit of this slipper is its comfort and support, making it ideal for long periods of wear at home or on the go.",4.84,Tesla T4,0.0,3,0,54,False,1.0,True,False
B08C2XWMD3,phi35-vision-4b,image_meta,"""Good day! This is a Solimo U Steel Drying Rack, a fantastic addition to any home. It's made of durable steel and comes in a sleek blue color. The rack features a sturdy frame with adjustable legs, allowing you to set it up on various surfaces. Its main benefit is its ability to efficiently dry and organize your laundry, making it a practical and stylish choice for your home.""",7.22,Tesla T4,1.0,4,0,70,False,1.0,True,False
B08C2XWMD3,phi35-vision-4b,image_only,"""Good day! This is a foldable outdoor chair, perfect for your patio or garden. It's made of durable metal and features a mesh backrest for comfort. The legs are sturdy and the chair can be easily folded for storage. Its portability makes it ideal for outdoor events or as a convenient outdoor seating option.""",5.5,Tesla T4,0.25,4,1,55,False,1.0,True,True
B08C2XWMD3,phi35-vision-4b,image_only_scaffold,"This is a foldable outdoor chair with a mesh backrest and adjustable legs. It features a sleek, modern design with a black frame and white mesh. The practical benefit for the customer is that it can be easily stored away when not in use, making it a convenient option for outdoor activities.",5.16,Tesla T4,0.25,4,2,52,False,1.0,True,True
B001BXBILA,phi35-vision-4b,image_meta,"""Hello, I'm here to show you the Pinzon Blue Wine Opener. It's a versatile tool with a foil cutter and corkscrew, perfect for opening wine bottles and removing foil. The blue plastic design is not only functional but also stylish. One practical benefit is that it helps you open wine bottles quickly and easily, saving you time and effort.""",6.2,Tesla T4,1.0,4,0,61,True,1.0,False,False
B001BXBILA,phi35-vision-4b,image_only,"""Hello, today we have a fantastic tool for your home or office. This is a multi-purpose clamp, featuring a sleek blue design with a sturdy metal base. It has four adjustable jaws, allowing you to securely hold various objects in place. One practical benefit is its ability to keep your items organized and easily accessible, making it a great addition to any workspace.""",6.38,Tesla T4,0.25,4,1,64,True,1.0,False,True
B001BXBILA,phi35-vision-4b,image_only_scaffold,"This is a blue-handled can opener designed for convenience and ease of use. It features a long, ergonomic handle that provides a comfortable grip, and a sharp, durable blade that opens cans effortlessly. This can opener is perfect for anyone looking for a reliable tool to open cans quickly and safely in the kitchen.",5.38,Tesla T4,0.5,4,0,55,False,1.0,True,False
B0824FH9GS,phi35-vision-4b,image_meta,"""Hello, this is a contemporary metal table lamp from Ravenna Home. It features a sleek dark bronze finish and a mercury glass accent that adds a touch of elegance. The lamp stands 28.5 inches tall and includes an LED bulb for energy efficiency. It's perfect for adding a stylish lighting solution to your home decor.""",6.01,Tesla T4,1.0,4,0,57,False,1.0,True,False
B0824FH9GS,phi35-vision-4b,image_only,"""This is a classic table lamp with a sleek, modern design. It features a white lampshade that provides ample light, and a sturdy, dark-colored metal base that adds a touch of elegance. The base has a unique, diamond-shaped cutout that not only looks great but also helps to diffuse the light, creating a warm and inviting atmosphere in any room. It's perfect for adding a touch of sophistication to your home decor.""",7.25,Tesla T4,1.0,4,1,75,False,0.9857142857142858,True,True
B0824FH9GS,phi35-vision-4b,image_only_scaffold,"This is a classic table lamp with a white lampshade and a unique, textured base. The lamp features a sturdy, dark wood finish and a simple, elegant design. Its adjustable arm allows you to direct the light precisely where you need it, making it perfect for creating a cozy atmosphere in any room.",5.49,Tesla T4,0.5,4,2,53,False,1.0,True,True
B01FJECR34,phi35-vision-4b,image_meta,"""Good day! This is the AmazonBasics Micro Bluetooth Speaker in black, perfect for your daily commute or workout. It features a sleek design with a built-in microphone for hands-free calls. The included 3.5mm to 3.5mm stereo audio cable allows you to connect to various devices, ensuring you can enjoy your music or podcasts anywhere. It's compact, portable, and designed for convenience.""",6.82,Tesla T4,1.0,3,0,66,False,1.0,True,False
B01FJECR34,phi35-vision-4b,image_only,"""Good day! This is a portable Bluetooth speaker, perfect for enjoying music on the go. It features a sleek, round design with a control button for easy operation. The speaker comes with a pair of high-quality gold-plated RCA cables for a wired connection, ensuring a stable and clear audio experience. Its compact size makes it easy to carry in your bag or backpack, so you can enjoy your favorite tunes anywhere.""",7.11,Tesla T4,0.3333333333333333,3,1,73,False,1.0,True,True
B01FJECR34,phi35-vision-4b,image_only_scaffold,"This is a portable Bluetooth speaker with a built-in microphone. It features a sleek, round design with a power button and volume control on the front. The practical benefit for customers is that it allows them to easily listen to music or make hands-free calls with its integrated microphone.",4.69,Tesla T4,0.3333333333333333,3,0,51,False,1.0,True,False
B072Y5MZQH,phi35-vision-4b,image_meta,"""Hello, this is a classic black AmazonBasics office desk guest chair. It features a comfortable bonded leather seat and a sturdy metal frame. The chair is designed for durability and style, making it perfect for your home office or as a guest chair. Its ergonomic design ensures comfort during extended periods of use.""",5.65,Tesla T4,1.0,4,0,53,False,1.0,True,False
B072Y5MZQH,phi35-vision-4b,image_only,"""This is a modern, ergonomic office chair designed for comfort and support. It features a high backrest, adjustable armrests, and a padded seat cushion. The chair is made of high-quality leather, ensuring durability and a sleek appearance. One practical benefit is its adjustable height, allowing you to customize the chair to your preferred seating position, which can help in maintaining good posture and reducing strain during long work sessions.""",7.02,Tesla T4,0.5,4,0,70,True,1.0,False,False
B072Y5MZQH,phi35-vision-4b,image_only_scaffold,"This is a black leather office chair with a high backrest and armrests. It features a sleek and modern design with a comfortable cushion for added support. The adjustable legs make it easy to customize the chair to your preferred height, ensuring optimal comfort for long periods of use.",5.1,Tesla T4,0.75,4,0,49,False,1.0,True,False
B071GFDGZ9,phi35-vision-4b,image_meta,"""Good morning, today we have a classic find. brand Men’s Derby Shoes in a sleek grey color. These shoes feature a sturdy toe cap and a comfortable leather upper, making them perfect for a professional setting. The leather material ensures durability and adds a touch of elegance to your outfit.""",5.14,Tesla T4,1.0,3,1,51,False,1.0,True,True
B071GFDGZ9,phi35-vision-4b,image_only,"""Good day! This is a classic brown leather dress shoe, featuring a smooth finish and a sturdy sole. It's designed with a low heel for comfort and a lace-up closure for a secure fit. The shoe's sleek design and durable material make it perfect for both business and casual settings, ensuring you look sharp and feel comfortable throughout the day.""",6.35,Tesla T4,0.0,3,2,63,False,1.0,True,True
B071GFDGZ9,phi35-vision-4b,image_only_scaffold,This is a brown leather dress shoe with a classic lace-up design and a low heel. It features a padded collar and a sturdy sole for added comfort. This shoe is perfect for a professional setting as it exudes a polished and sophisticated look.,4.77,Tesla T4,0.0,3,2,45,False,1.0,True,True
B07VGPT5P8,phi35-vision-4b,image_meta,"""Hello, today we have the Amazon Essentials Men's Slumber Slipper in a tan color. This slipper features a soft, suede-like material for comfort and a decorative stitched trim along the top. It's perfect for lounging at home or relaxing on the beach. The slumber design ensures a snug fit, providing extra comfort for your feet.""",6.21,Tesla T4,0.6666666666666666,3,0,58,False,1.0,True,False
B07VGPT5P8,phi35-vision-4b,image_only,"""Hello, I'm here to show you our newest addition to the shoe line, the Classic Suede Loafer. This shoe features a soft, brown suede upper with a distinctive zigzag stitching detail along the top edge. It's crafted with a durable rubber sole for added comfort and traction. The practical benefit of this shoe is its versatility; it's perfect for both casual outings and business casual events. It's a stylish choice that's sure to complement any wardrobe.""",8.48,Tesla T4,0.0,3,2,81,False,1.0,True,True
B07VGPT5P8,phi35-vision-4b,image_only_scaffold,"This is a classic suede loafer with a distinctive zigzag stitching detail on the vamp. The shoe features a rounded toe and a low heel, making it comfortable for all-day wear. The suede material provides durability and a stylish look, perfect for adding a touch of elegance to any outfit.",5.9,Tesla T4,0.0,3,0,51,False,1.0,True,False
B075YLXVL5,phi35-vision-4b,image_meta,"""Hello, this is a Stone & Beam Modern Wall Mounted Bottle Rack. It's designed to hold your bottles and wine glasses, with a rustic wood finish that adds a touch of elegance to your space. The rack is 24 inches long, 5 inches wide, and 7.75 inches tall, making it perfect for wall mounting. It's made of high-quality wood, ensuring durability and a natural look. This rack not only organizes your drinks but also adds a stylish touch to your home.""",8.41,Tesla T4,1.0,4,0,84,False,1.0,True,False
B075YLXVL5,phi35-vision-4b,image_only,"""This is a wooden crate, perfect for storing and transporting items. It has a sturdy construction with a solid wooden surface and metal corner reinforcements. The flat top provides a stable platform, and the interlocking design ensures it stays closed securely. It's ideal for keeping your products organized and protected during shipping.""",5.71,Tesla T4,0.0,4,2,53,False,1.0,True,True
B075YLXVL5,phi35-vision-4b,image_only_scaffold,"This is a wooden crate, perfect for storing and transporting items. It has a sturdy construction with a handle on top for easy carrying. The multiple compartments inside provide organization and protection for your belongings.",3.65,Tesla T4,0.0,4,1,35,False,1.0,True,True
B07R79Y9TS,phi35-vision-4b,image_meta,"""Hello, I'm here to show you our latest addition to the Amazon Brand collection, the Chunky Leather Boat Shoe in Blue Navy Suede. This shoe features a sturdy leather construction with a chunky sole for added comfort and durability. The navy blue suede finish gives it a stylish and classic look, perfect for both casual and semi-formal occasions. One practical benefit of this shoe is its water-resistant material, making it ideal for outdoor activities or rainy days.""",7.88,Tesla T4,0.3333333333333333,3,0,80,True,1.0,False,False
B07R79Y9TS,phi35-vision-4b,image_only,"""Hello, I'm here to show you our newest addition to the lineup, the Classic Chukka Boot. This boot features a sturdy leather upper with a smooth finish, a durable rubber sole with a thick tread for excellent grip, and a comfortable insole for all-day wear. The practical benefit of this boot is its water-resistant material, making it perfect for outdoor activities and ensuring your feet stay dry and comfortable in various weather conditions.""",6.9,Tesla T4,0.0,3,1,76,False,1.0,True,True
B07R79Y9TS,phi35-vision-4b,image_only_scaffold,This is a classic blue work boot with a sturdy sole and double stitching detailing. It features a chunky heel and a pull tab for easy on and off. This boot is perfect for outdoor activities and provides durability and comfort for all-day wear.,4.59,Tesla T4,0.3333333333333333,3,0,45,False,1.0,True,False
B0793FCB7J,phi35-vision-4b,image_meta,"""Hello, today we have a delightful pair of Simple Joys by Carter's shoes for kids. These are fashion-sneakers in a vibrant rose color, perfect for little ones. They feature a comfortable mesh upper for breathability and a sturdy white sole for durability. The practical benefit of these shoes is their adjustable laces, ensuring a snug and secure fit for your child's feet.""",6.56,Tesla T4,1.0,3,1,65,False,1.0,True,True
B0793FCB7J,phi35-vision-4b,image_only,"""Hello, today we have a vibrant pink sneaker that's perfect for kids. It features a durable mesh upper for breathability, a sturdy white sole for comfort, and a pink strap for a secure fit. The bright color makes it easy to spot, and the design ensures it's both stylish and functional for active play.""",6.18,Tesla T4,0.0,3,2,56,False,1.0,True,True
B0793FCB7J,phi35-vision-4b,image_only_scaffold,"This is a bright pink sneaker with a white sole, featuring a velcro strap and a padded collar for comfort. The sneaker is designed with a breathable mesh upper and a cushioned insole for added support. The practical benefit for the customer is that it provides a stylish and comfortable option for casual wear or light exercise.",5.51,Tesla T4,0.0,3,2,57,False,1.0,True,True
B07PHRTPT5,phi35-vision-4b,image_meta,"""Hello, I'm here to show you the 206 Collective Hannah shoe in Blush Suede. It's a technical sport shoe designed for comfort and style. The suede material gives it a soft, luxurious feel, and the white sole provides excellent grip. One practical benefit is its breathability, which keeps your feet cool and comfortable during physical activities.""",5.99,Tesla T4,1.0,3,1,58,True,1.0,False,True
B07PHRTPT5,phi35-vision-4b,image_only,"""Hello, I'm here to show you our newest shoe, the ComfortFit Sneaker. It's designed with a soft pink suede upper for comfort and style. The white sole provides excellent grip and durability. One practical benefit is its cushioned insole, which offers excellent support for your feet throughout the day.""",5.14,Tesla T4,0.6666666666666666,3,2,51,True,1.0,False,True
B07PHRTPT5,phi35-vision-4b,image_only_scaffold,"This is a comfortable, slip-on shoe with a cushioned insole and a white rubber sole. The shoe features a soft pink exterior and a low heel, making it perfect for everyday wear. Its slip-on design and cushioned insole provide added comfort and support for all-day wear.",4.93,Tesla T4,0.3333333333333333,3,3,49,False,1.0,True,True
B074XXSSCV,phi35-vision-4b,image_meta,"""Hello, I'm here to show you our 365 Everyday Value Double Zipper Storage Bags. These are perfect for keeping your food fresh. They're made of polyvinyl chloride, which is a durable material. Each bag is quart size, and there are 50 bags in this pack. They have a double zipper for extra security, and they're great for organizing your pantry.""",6.73,Tesla T4,1.0,3,0,63,False,1.0,True,False
B074XXSSCV,phi35-vision-4b,image_only,"""Hello, I'm here to show you our Double Zipper Storage Bags. These bags are perfect for organizing your items. They come in a box of 50, and each bag is 0.54 inches thick, making them ideal for storing a variety of items. The double zipper ensures a secure closure, keeping your belongings safe and organized. These bags are great for both home and office use, helping you to keep your space tidy and clutter-free.""",7.25,Tesla T4,0.3333333333333333,3,0,77,False,0.9861111111111112,True,False
B074XXSSCV,phi35-vision-4b,image_only_scaffold,"This product is a box of 365 Double Zipper Storage Bags. The packaging is predominantly red and white, with a clear window showing the bags inside. These storage bags are perfect for organizing and storing items in a compact and efficient manner.",4.31,Tesla T4,0.6666666666666666,3,2,42,False,1.0,True,True
B07QGW2CDS,phi35-vision-4b,image_meta,"""Good morning! Today, I'd like to show you a pair of Amazon Brand - Symbol Men's Tan Leather Formal Shoes. These are made from high-quality synthetic leather, giving them a durable and stylish look. The tan color is versatile, perfect for various occasions. The Derby style offers a classic and polished appearance. One practical benefit is the comfortable fit, thanks to the cushioned insole, making them ideal for all-day wear.""",7.04,Tesla T4,1.0,4,0,73,True,1.0,False,False
B07QGW2CDS,phi35-vision-4b,image_only,"""Good day! This is a classic brown leather dress shoe, featuring a smooth finish and a low heel for comfort. It has a lace-up closure for a secure fit and a punched design on the toe for a stylish look. The sturdy sole ensures durability, making it perfect for everyday wear or business meetings.""",5.71,Tesla T4,0.0,4,1,55,False,1.0,True,True
B07QGW2CDS,phi35-vision-4b,image_only_scaffold,This is a classic brown leather dress shoe with a low heel and a lace-up front. It features a perforated design on the vamp for breathability and a rounded toe for comfort. This shoe is perfect for a professional setting as it offers a polished look while providing a comfortable fit.,4.93,Tesla T4,0.0,4,1,52,False,1.0,True,True
B07YFFZRGR,phi35-vision-4b,image_meta,"""Hello, today we have the Concept 3 by Skechers Igler Zapatillas de Lona para Hombre in a caqui color. These shoes are designed for comfort and style, featuring a soft, breathable lona material that makes them perfect for everyday wear. The low-cut design and cushioned insole provide excellent support and comfort for your feet. They are also easy to clean, making them a practical choice for any household.""",7.24,Tesla T4,1.0,3,0,69,False,1.0,True,False
B07YFFZRGR,phi35-vision-4b,image_only,"""Good day! This is a classic canvas sneaker, perfect for everyday wear. It features a comfortable, breathable canvas upper, a durable rubber sole for excellent traction, and a sturdy lace-up closure for a secure fit. The low-cut design ensures your feet stay in contact with the ground, providing stability and support throughout the day.""",5.71,Tesla T4,0.0,3,1,56,False,1.0,True,True
B07YFFZRGR,phi35-vision-4b,image_only_scaffold,"This is a casual canvas sneaker with a white sole and a black interior lining. It features a lace-up closure and a padded collar for comfort. This shoe is perfect for everyday wear, providing both style and support for your feet.",4.74,Tesla T4,0.0,3,2,42,False,1.0,True,True
B07V6N6F9Z,phi35-vision-4b,image_meta,"""Hello, I'm here to show you our Eono brand large foldable laundry bags. These bags are made of sturdy fabric and are perfect for keeping your clothes organized. They're easy to fold and store, making them ideal for travel or small spaces. Plus, they're reusable, which is great for the environment.""",5.59,Tesla T4,0.5,4,0,54,False,1.0,True,False
B07V6N6F9Z,phi35-vision-4b,image_only,"""Hello, I'm here to show you our new 'Wash Me' laundry bags. These bags are made from a durable, water-resistant material that keeps your clothes clean and dry. They're perfect for traveling because they're lightweight and easy to pack. Plus, they're reusable, so you can wash them and use them again, making them an eco-friendly choice for your laundry needs.""",7.28,Tesla T4,0.25,4,0,66,False,1.0,True,False
B07V6N6F9Z,phi35-vision-4b,image_only_scaffold,"The product is a set of two blue laundry bags with a wash me smiley face design. The bags are made of a durable, water-resistant material and feature a drawstring closure. This product is perfect for keeping your laundry organized and easily accessible, making it a convenient and practical addition to any home.",5.25,Tesla T4,0.25,4,1,54,False,1.0,True,True
B076PYLZQX,phi35-vision-4b,image_meta,"""Hello, today we have the Amazon Basics CD/DVD Wallet, which is perfect for organizing your media. It's a 128-capacity wallet with a black exterior and a microfiber interior. The hard PC case ensures your CDs and DVDs are protected. It's a practical choice for both home and travel use, keeping your media safe and easily accessible.""",6.56,Tesla T4,1.0,3,0,60,False,1.0,True,False
B076PYLZQX,phi35-vision-4b,image_only,"""This is a portable, black, hard-shell case designed for secure storage of your documents and electronics. It features a sturdy handle for easy carrying and a zipper closure to keep your items safe. The smooth, non-slip surface ensures that your belongings stay in place, even when the case is on the move. It's perfect for professionals who need to keep their important papers and devices organized and protected.""",6.52,Tesla T4,0.6666666666666666,3,0,71,False,1.0,True,False
B076PYLZQX,phi35-vision-4b,image_only_scaffold,"This is a black, portable, and durable briefcase designed for business professionals. It features a sturdy handle for easy carrying and a mesh pocket on the front for organizing small items. The practical benefit of this briefcase is its ability to securely store important documents and accessories while keeping them protected from damage during travel.",5.59,Tesla T4,0.3333333333333333,3,0,55,False,1.0,True,False
B01NATWO42,phi35-vision-4b,image_meta,"""Hello, I'm here to show you our Red Wagon Boys' Budapester Shoes in black. These are comfortable, slip-on shoes with a sturdy sole and a buckle detail on the side for easy wearing. They're perfect for a casual day out or a quick errand, offering both style and comfort.""",5.57,Tesla T4,0.6666666666666666,3,0,52,False,1.0,True,False
B01NATWO42,phi35-vision-4b,image_only,"""Good day! This is a classic black leather dress shoe with a double monk strap and a low heel. It's designed for comfort and style, perfect for a professional setting. The strap provides extra support and the smooth leather ensures durability. It's a versatile shoe that can be dressed up or down, making it a great addition to any wardrobe.""",6.54,Tesla T4,0.0,3,1,62,False,1.0,True,True
B01NATWO42,phi35-vision-4b,image_only_scaffold,This is a classic black leather dress shoe with a double monk strap and a round toe. It features a padded collar and a low heel for added comfort. This shoe is perfect for a professional setting as it exudes elegance and sophistication while providing the necessary support and style.,4.94,Tesla T4,0.0,3,1,50,False,1.0,True,True
B0727RK4B8,phi35-vision-4b,image_meta,"""Welcome to our Amazon Collection, featuring a stunning jewelry set. This set includes a beautiful pendant and matching earrings, both crafted in a pristine white finish. The pendant is a unique rose design, while the earrings showcase a delicate knot pattern. The set is made of high-quality materials, ensuring durability and a timeless look. A practical benefit of this set is its versatility, allowing you to wear the earrings as a standalone accessory or pair them with the pendant for a coordinated look.""",8.67,Tesla T4,0.75,4,1,84,False,1.0,True,True
B0727RK4B8,phi35-vision-4b,image_only,"""Welcome to our collection of elegant jewelry. Today, we have a beautiful silver necklace and matching earrings. The necklace features a delicate rose-shaped pendant with a twisted rope design, giving it a unique and stylish look. The earrings are also rose-shaped with a similar twisted rope design. These pieces are perfect for adding a touch of sophistication to any outfit. The silver material ensures they are durable and easy to clean. They are a great addition to any jewelry collection.""",8.2,Tesla T4,0.5,4,1,82,False,1.0,True,True
B0727RK4B8,phi35-vision-4b,image_only_scaffold,"This is a silver necklace and earring set featuring a unique rose-shaped pendant and matching earrings. The pendant is crafted with intricate details, showcasing a delicate rose design that adds a touch of elegance to the piece. The practical benefit of this set is that it makes for a versatile and stylish accessory that can be worn on its own or layered with other pieces in a coordinated outfit.",6.77,Tesla T4,0.25,4,1,70,False,1.0,True,True
B001BQ8J2S,phi35-vision-4b,image_meta,"""Hello, I'm here to show you the Pinzon Capitola Center Glass Dining Table. It's a sleek, modern table with a sturdy metal frame and a beautiful Cosmo glass top. The glass top is not only visually appealing but also easy to clean. This table is perfect for creating a stylish dining space in your home.""",5.64,Tesla T4,1.0,4,1,57,False,1.0,True,True
B001BQ8J2S,phi35-vision-4b,image_only,"""This is a modern dining table with a sleek, dark wood finish and a glass top. It features a sturdy, square base with four legs, providing a stable and elegant dining experience. The glass top allows for easy cleaning and adds a touch of sophistication to your dining room.""",5.25,Tesla T4,0.5,4,1,49,False,1.0,True,True
B001BQ8J2S,phi35-vision-4b,image_only_scaffold,"This is a modern square dining table with a sleek, minimalist design. It features a dark wood finish and a glass top, providing a stylish and contemporary look for any dining room. The sturdy metal legs ensure stability and durability, making it a practical choice for everyday use.",4.78,Tesla T4,0.5,4,2,48,False,1.0,True,True
B00EQ5GHH0,phi35-vision-4b,image_meta,"""Good morning! Today, I'm showing you the Pinzon Ultrasoft 300 Percale Cotton Fitted Sheet in sky blue. This sheet is made from high-quality cotton, ensuring a soft and comfortable sleep experience. The fitted design helps keep your bedding in place, so you can enjoy a neat and tidy bed every morning. It's a great addition to any bedroom for a cozy and inviting atmosphere.""",7.32,Tesla T4,0.75,4,0,67,False,1.0,True,False
B00EQ5GHH0,phi35-vision-4b,image_only,"""Good day! This is a high-quality, durable, and lightweight waterproof tarp. It's designed for outdoor activities, providing excellent protection against the elements. The tarp is easy to set up and can be used for camping, picnics, or as a temporary shelter. Its compact size makes it convenient to transport, and it's made from eco-friendly materials, making it a great choice for environmentally conscious consumers.""",6.81,Tesla T4,0.25,4,0,68,False,1.0,True,False
B00EQ5GHH0,phi35-vision-4b,image_only_scaffold,"This is a white, high-quality, waterproof tarp. It features a smooth surface and a seamless edge, ensuring a clean and professional appearance. This tarp is ideal for outdoor events, providing a protective barrier against the elements while maintaining a sleek and polished look.",5.25,Tesla T4,0.25,4,1,44,False,1.0,True,True
B071GC11HX,phi35-vision-4b,image_meta,"""Hello, today we have a stunning pair of Amazon Brand find. Women's Ankle Strap Sandals with Stiletto Heel and Buckle. These sandals are crafted in gold and feature a sleek stiletto heel, providing a stylish and elegant look. The ankle strap ensures a secure fit, making them perfect for both casual and formal occasions. The buckle adds a touch of sophistication to the design. These sandals are designed for women's sizes US 6 and above. They are made of high-quality materials, ensuring durability and comfort. Enjoy your new pair of Amazon Brand find. Women's Ankle",10.36,Tesla T4,0.6666666666666666,3,0,99,False,0.9354838709677419,True,False
B071GC11HX,phi35-vision-4b,image_only,"""Good day! This is a high-heeled sandal, featuring a sleek metallic finish and a stiletto heel. It has a single strap across the top for a secure fit and a small ankle strap for added support. The pointed toe design adds a touch of elegance, making it perfect for formal events or a night out. The metallic finish not only looks stylish but also reflects light, making it a great choice for those who want to stand out in any setting.""",7.53,Tesla T4,0.0,3,0,82,False,1.0,True,False
B071GC11HX,phi35-vision-4b,image_only_scaffold,"This is a high-heeled sandal with a metallic finish and an ankle strap. It features a slim, elegant design with a pointed toe and a stiletto heel. The practical benefit for the customer is that it offers both style and support, making it a versatile choice for various occasions.",5.54,Tesla T4,0.0,3,0,50,False,1.0,True,False
B07MNL95KM,phi35-vision-4b,image_meta,"""Hello, today we have a delightful set of children's bedding from AmazonBasics. These pillows and a duvet cover feature a charming automobile theme, perfect for any little car enthusiast. The set is made of soft microfibre, ensuring comfort and durability. The pillows are 135 x 200 cm, and the duvet cover is 80 x 80 cm, making them ideal for a child's bed. This set not only adds a touch of fun to your child's room but also provides a cozy and comfortable sleeping environment.""",8.85,Tesla T4,0.5,4,0,88,False,1.0,True,False
B07MNL95KM,phi35-vision-4b,image_only,"""Hello, I'm here to show you our new line of colorful, patterned pillows. These pillows feature a vibrant design with a mix of shapes and colors, including blue, red, yellow, and green. They are made with high-quality, breathable fabric, ensuring comfort and durability. A practical benefit of these pillows is their ability to add a pop of color to any room while providing support and comfort for a good night's sleep.""",7.31,Tesla T4,0.25,4,4,74,False,1.0,True,True
B07MNL95KM,phi35-vision-4b,image_only_scaffold,"This is a set of four colorful pillows with a playful design featuring cats and abstract shapes. The pillows have a soft texture and are made of a breathable fabric, perfect for adding a touch of fun to any room. The vibrant colors and patterns can help create a cheerful and inviting atmosphere in your home.",5.18,Tesla T4,0.25,4,0,56,False,1.0,True,False
B07WTN5BNF,phi35-vision-4b,image_meta,"""Hello, I'm here to show you the Flavia Women's Handbag in black. This handbag is crafted from high-quality faux leather, giving it a sleek and stylish look. It features a chain strap for easy carrying and a small rectangular logo on the front, which is a signature detail of the Flavia brand. One practical benefit of this handbag is its durability; the faux leather material is designed to withstand daily wear and tear, making it a great choice for everyday use.""",8.34,Tesla T4,1.0,4,0,84,True,0.9873417721518988,False,False
B07WTN5BNF,phi35-vision-4b,image_only,"""This is a stylish black leather clutch with a chain strap, perfect for carrying essentials. It features a gold-tone logo on the front and a zipper closure for security. The chain strap adds a touch of elegance and makes it easy to carry over the shoulder. It's a versatile accessory that can be used for both casual and formal occasions.""",6.1,Tesla T4,0.5,4,1,62,False,1.0,True,True
B07WTN5BNF,phi35-vision-4b,image_only_scaffold,"This is a black leather clutch bag with a chain strap and a gold-tone logo on the front. It features a zipper closure and a small rectangular card slot on the top. This bag is perfect for carrying essential items like your phone, keys, and a small wallet while adding a touch of elegance to your outfit.",5.45,Tesla T4,0.5,4,1,58,False,0.9818181818181818,True,True
B07W81PFCV,phi35-vision-4b,image_meta,"""Hello, I'm here to show you the AmazonBasics Wooden Jewelry/Watch Box with Glass Top. It's a stylish black 2-drawer box with a clear glass top, perfect for displaying your jewelry and watches. The top drawer has a compartmentalized design, making it easy to organize your items. The sturdy construction and elegant design make it a great addition to any jewelry collection.""",7.35,Tesla T4,1.0,3,0,65,False,1.0,True,False
B07W81PFCV,phi35-vision-4b,image_only,"""This is a sleek, black wooden jewelry box with a glass top, perfect for storing your precious items. It has a sturdy lock for security and two drawers, one of which is a hidden compartment. The design is elegant and functional, making it an ideal gift for any occasion.""",4.87,Tesla T4,0.6666666666666666,3,0,49,False,1.0,True,False
B07W81PFCV,phi35-vision-4b,image_only_scaffold,This is a black wooden jewelry box with a glass top and two metal clasps. It features a compartmentalized design with multiple drawers and a handle for easy carrying. The practical benefit for the customer is that it provides a secure and organized space to store and display their valuable jewelry items.,4.9,Tesla T4,0.6666666666666666,3,1,52,False,1.0,True,True
B0794VBBJK,phi35-vision-4b,image_meta,"""Hello, I'm here to show you our Rivet Elevated Chevron Patterned Area Rug. It's a beautiful grey rug with a striking chevron pattern that adds a touch of elegance to any room. The elevated design ensures it stays in place, even on hardwood floors. It's not only stylish but also practical, providing a comfortable and stable surface for your feet.""",6.67,Tesla T4,1.0,3,0,63,False,1.0,True,False
B0794VBBJK,phi35-vision-4b,image_only,"""Welcome to our home decor collection! Today, we have a beautiful beige area rug that adds warmth and style to any room. It's made from high-quality materials, ensuring durability and comfort. The rug features a subtle texture that's easy on the feet, and its neutral color complements any decor. It's perfect for adding a touch of elegance to your living space.""",6.13,Tesla T4,0.3333333333333333,3,1,65,False,1.0,True,True
B0794VBBJK,phi35-vision-4b,image_only_scaffold,"This is a modern, minimalist area rug that adds a touch of elegance to any room. It features a subtle geometric pattern and is made from high-quality, durable materials. The rug's natural fiber composition makes it easy to clean and maintain, ensuring it stays looking fresh and vibrant for years to come.",5.43,Tesla T4,0.3333333333333333,3,0,54,False,1.0,True,False
B076QFBFS5,phi35-vision-4b,image_meta,"""Good day! This is the Solimo Voyager Rucksack, a portable stove designed for outdoor adventures. It's made of durable polyester and comes in a stylish midnight blue and grey color. The stove is compact, measuring 43 litres, and features a built-in stainless steel pot. It's perfect for cooking on the go, providing a practical solution for outdoor enthusiasts who need to prepare meals in remote locations.""",7.51,Tesla T4,1.0,4,1,69,False,1.0,True,True
B076QFBFS5,phi35-vision-4b,image_only,"""Hello, today we have a fantastic product for you, the Solimo Backpack. It's a durable, lightweight backpack with a spacious main compartment and a front pocket for easy access. The adjustable shoulder straps ensure a comfortable fit, and the wheels at the bottom make it a breeze to transport. It's perfect for travelers who need a reliable bag for their daily adventures.""",6.64,Tesla T4,0.25,4,0,64,False,1.0,True,False
B076QFBFS5,phi35-vision-4b,image_only_scaffold,This is a blue rolling backpack with a front pocket and adjustable shoulder straps. It features a front zipper pocket and a top handle for easy transportation. The practical benefit for the customer is that it allows for hands-free carrying of items while keeping them secure and organized.,4.52,Tesla T4,0.25,4,0,49,False,1.0,True,False
B07MXY3SFN,phi35-vision-4b,image_meta,"""Hello, I'm here to show you the 206 Collective Women's Tracy sneakers. These are made from high-quality black wool, offering a cozy and stylish look. The Tracy style features a low-top design with a comfortable, cushioned sole for all-day wear. One practical benefit is the breathable mesh material that keeps your feet cool and dry throughout the day.""",6.84,Tesla T4,0.6666666666666666,3,0,63,True,1.0,False,False
B07MXY3SFN,phi35-vision-4b,image_only,"""Hello, today we have a stylish and comfortable sneaker that's perfect for everyday wear. It features a soft, breathable fabric upper with a textured pattern for added grip. The shoe has a low-profile sole for a sleek look and enhanced stability. One practical benefit is its cushioned insole, which provides excellent support and comfort for your feet throughout the day.""",6.03,Tesla T4,0.0,3,0,62,True,1.0,False,False
B07MXY3SFN,phi35-vision-4b,image_only_scaffold,This is a black sneaker with a textured pattern and a low-top design. It features a padded collar and a cushioned sole for added comfort. The practical benefit for the customer is that it provides support and comfort for everyday wear.,4.61,Tesla T4,0.3333333333333333,3,0,42,False,1.0,True,False
B07FY38FW1,phi35-vision-4b,image_meta,"""Hello, today we have a fantastic product for your kitchen, the Amazon Brand - Solimo Oil Pourer. It's a sleek white plastic oil pourer that comes in a 700ml capacity. The key feature is its easy-to-use pouring mechanism, which allows for precise control over the amount of oil you dispense. This is perfect for cooking and baking, ensuring you get the right amount of oil every time without spillage.""",6.84,Tesla T4,1.0,4,0,71,False,0.9850746268656716,True,False
B07FY38FW1,phi35-vision-4b,image_only,"""Hello, today we're showcasing a versatile water bottle. It's made of durable plastic, ensuring it's lightweight and easy to carry. The top has a secure lid with a flip-lock mechanism, perfect for keeping your drinks cold or fresh. Its wide mouth allows for easy filling and drinking, making it ideal for on-the-go hydration.""",6.35,Tesla T4,0.25,4,0,59,False,1.0,True,False
B07FY38FW1,phi35-vision-4b,image_only_scaffold,"This is a white, cylindrical container with a screw-on lid, perfect for storing and dispensing your favorite beverages. The lid is designed to fit snugly, ensuring that your drink stays fresh and undisturbed. Its simple and sleek design makes it an ideal choice for both home and office use, providing a convenient and stylish way to carry your drinks on the go.",5.92,Tesla T4,0.25,4,0,63,False,1.0,True,False
B01MTEI8M6,phi35-vision-4b,image_meta,"""Hello, I'm here to show you our Havana Tan French Floral Embroidery Slide Slip-on Loafer. This stylish shoe features a soft Havana Tan suede material with vibrant floral embroidery on the toe cap. It's designed with a comfortable slide slip-on style, making it easy to put on and take off. The practical benefit of this shoe is its versatility; it's perfect for both casual outings and business casual events. It's a great addition to any wardrobe for a touch of elegance and comfort.""",9.12,Tesla T4,0.6666666666666666,3,0,89,False,1.0,True,False
B01MTEI8M6,phi35-vision-4b,image_only,"""Hello, I'm here to show you our newest addition to our line of women's shoes, the Floral Embroidered Flats. These shoes are crafted from soft, suede material and feature beautiful floral embroidery on the vamp and the toe cap. They have a comfortable, cushioned insole for added comfort and a low heel for easy walking. The flats are perfect for a casual day out or a relaxed workday, offering both style and comfort.""",7.55,Tesla T4,0.6666666666666666,3,0,75,False,1.0,True,False
B01MTEI8M6,phi35-vision-4b,image_only_scaffold,This is a pair of tan suede ankle boots with floral embroidery. The boots feature a low heel and a strap across the top for a secure fit. These boots are perfect for adding a touch of style to your outfit while providing comfort and support.,4.39,Tesla T4,0.6666666666666666,3,0,46,False,1.0,True,False
B07S6H4BK4,phi35-vision-4b,image_meta,"""Good day! These are AmazonBasics silicone baking cups, perfect for your kitchen. They're made of durable silicone, non-stick, and reusable. With 24 cups in a set, you'll have plenty for your baking needs. The vibrant colors make them a fun addition to your baking experience, and they're easy to clean. Enjoy your baking with these reliable and colorful baking cups!""",7.64,Tesla T4,1.0,4,0,64,False,1.0,True,False
B07S6H4BK4,phi35-vision-4b,image_only,"""Hello, today we have a vibrant set of rainbow-colored cupcake liners. These liners are made of a durable, non-stick material, ensuring your cupcakes come out perfectly every time. The bright colors not only add a festive touch to your baking but also make it easy to distinguish between different flavors. They're perfect for parties, events, or simply adding a fun twist to your homemade treats.""",7.0,Tesla T4,0.25,4,0,68,False,1.0,True,False
B07S6H4BK4,phi35-vision-4b,image_only_scaffold,"These are colorful, rainbow-striped cupcake liners that are perfect for adding a fun and festive touch to your baking. They come in a variety of vibrant colors, including purple, blue, green, yellow, orange, and pink, and are made from a durable, non-stick material. These liners are not only visually appealing but also make cleaning up after baking a breeze, as they are easy to wipe clean and prevent sticking.",7.96,Tesla T4,0.5,4,0,71,False,1.0,True,False
B07KNL538Z,phi35-vision-4b,image_meta,"""Hello, I'm here to show you our UMI Essentials Set of 2 Curtains in koyu gri. These curtains are made of high-quality stoff, giving them a luxurious feel. The ruffle tape adds a touch of elegance to your room. They are perfect for adding a stylish and sophisticated look to any space.""",5.98,Tesla T4,0.75,4,0,54,False,1.0,True,False
B07KNL538Z,phi35-vision-4b,image_only,"""Good day! This is a pair of black, pleated curtains, perfect for adding a touch of elegance to any room. The pleats give them a classic look, and the material looks durable. They're easy to hang and maintain, making them a great choice for any home decor.""",5.17,Tesla T4,0.25,4,1,48,False,1.0,True,True
B07KNL538Z,phi35-vision-4b,image_only_scaffold,"These are black, pleated curtains with a simple rod for hanging. They feature a subtle, elegant design that adds a touch of sophistication to any room. The pleated design not only enhances the curtains' aesthetic appeal but also allows for easy maintenance and cleaning.",4.95,Tesla T4,0.0,4,1,44,False,1.0,True,True
B081Q7PN6G,phi35-vision-4b,image_meta,"""Good day! This is the AmazonBasics Collapsible Lightweight Shopping Cart. It's designed for convenience and portability, featuring a 40-inch handle height for easy maneuverability. The black color makes it blend seamlessly with any home decor. Its collapsible design allows you to store it away when not in use, saving space in your home. It's perfect for grocery shopping or moving items around your house.""",7.3,Tesla T4,1.0,3,0,67,False,1.0,True,False
B081Q7PN6G,phi35-vision-4b,image_only,"""Good day! This is a portable, compact, and durable speaker designed for outdoor use. It features a sleek black exterior, a built-in microphone for hands-free calling, and a long, adjustable antenna for optimal signal reception. Its portability makes it perfect for business meetings, outdoor events, or traveling. It's designed to deliver clear sound and connect to your smartphone via Bluetooth.""",6.47,Tesla T4,0.3333333333333333,3,0,63,False,1.0,True,False
B081Q7PN6G,phi35-vision-4b,image_only_scaffold,"This is a black, portable air purifier with a built-in fan. It has a sleek, compact design that makes it easy to move around. The practical benefit for the customer is that it can be used in any room to improve indoor air quality and reduce allergens.",4.82,Tesla T4,0.3333333333333333,3,0,48,False,1.0,True,False
B005T5ZSY4,phi35-vision-4b,image_meta,"""Hello, I'm here to show you our Strathwood Redonda Hardwood Rocking Chair. It's made from high-quality dark brown wood, giving it a classic and elegant look. The chair features a sturdy rocking base, making it perfect for soothing your baby to sleep. Its comfortable design ensures a cozy seating experience, and the durable material is built to last. This chair is a great addition to any nursery or living room.""",7.1,Tesla T4,1.0,4,0,73,False,1.0,True,False
B005T5ZSY4,phi35-vision-4b,image_only,"""Hello, today we have a beautiful wooden rocking chair that's perfect for your home. It features a sturdy wooden frame with a curved backrest and armrests, providing both comfort and support. The chair has a classic design with a smooth finish, and it's made from high-quality wood. One practical benefit is that it's easy to clean and maintain, making it a great addition to any living space.""",6.83,Tesla T4,0.75,4,1,71,True,1.0,False,True
B005T5ZSY4,phi35-vision-4b,image_only_scaffold,"This is a wooden rocking chair, featuring a sturdy frame and comfortable armrests. The chair's design includes a curved backrest and a curved seat, providing a cozy seating experience. The rocking motion of the chair can help soothe and relax, making it a great addition to any living space.",5.11,Tesla T4,0.75,4,1,50,False,1.0,True,True
B07Y8XBG1C,phi35-vision-4b,image_meta,"""Welcome to our product demonstration. Today, we have the AmazonBasics Gaming Office Chair in Racing Design. It features a stylish white and black color scheme with a comfortable faux leather seat and backrest. The chair comes with a Philips Hue Play White double pack, allowing you to control the lighting in your workspace. This combination offers both style and functionality, making it a great addition to any office or gaming setup.""",7.06,Tesla T4,1.0,4,0,71,False,1.0,True,False
B07Y8XBG1C,phi35-vision-4b,image_only,"""Welcome to our ergonomic gaming chair, designed to provide maximum comfort and support during long gaming sessions. The chair features a high backrest, adjustable armrests, and a five-star lumbar support system. The footrest is also adjustable, ensuring your feet are comfortably positioned. One practical benefit is that the chair's design helps reduce strain on your back and neck, allowing you to game for longer periods without discomfort.""",6.9,Tesla T4,0.25,4,0,69,True,1.0,False,False
B07Y8XBG1C,phi35-vision-4b,image_only_scaffold,This is a gaming chair with a high backrest and adjustable armrests. It comes with a footrest and a side table. The footrest can be adjusted to provide support and comfort while gaming.,3.88,Tesla T4,0.25,4,0,33,False,1.0,True,False
B072MTSFQM,phi35-vision-4b,image_meta,"""Good morning, today we have a stylish pair of knee-high boots in black. These boots feature a sleek design with a high heel, providing both comfort and elegance. The black color makes them versatile for various outfits, and the high heel adds a touch of sophistication. One practical benefit is that they offer support and protection for your feet while keeping you looking chic.""",6.38,Tesla T4,0.0,3,1,65,True,1.0,False,True
B072MTSFQM,phi35-vision-4b,image_only,"""Good day! This is a sleek black knee-high boot with a high block heel, perfect for adding height and style to any outfit. The smooth leather material ensures durability and comfort, while the sturdy heel provides a stable base for walking. It's an ideal choice for those who want to elevate their fashion game while maintaining practicality.""",6.09,Tesla T4,0.0,3,2,59,False,1.0,True,True
B072MTSFQM,phi35-vision-4b,image_only_scaffold,"This is a black knee-high boot with a block heel. It features a smooth leather exterior and a rounded toe. This boot offers both style and support, making it a great choice for everyday wear.",3.65,Tesla T4,0.0,3,2,36,False,1.0,True,True
B07QDS9J73,phi35-vision-4b,image_meta,"""Hello, today we have the Amazon Essentials Shelly Sneaker in a crisp white color. This sneaker features a comfortable, breathable mesh upper, a durable rubber sole, and a low-cut design for a sleek look. The practical benefit of this shoe is its supportive insole, which provides excellent comfort for all-day wear.""",5.43,Tesla T4,0.6666666666666666,3,1,53,False,1.0,True,True
B07QDS9J73,phi35-vision-4b,image_only,"""Hello, today we have a stylish white sneaker that's perfect for everyday wear. It features a comfortable, breathable fabric upper, a durable rubber sole for excellent traction, and a low-cut design for a sleek look. The lace-up closure ensures a secure fit, and the padded collar provides extra comfort for your feet. This shoe is not only fashionable but also designed for comfort and practicality, making it a great choice for any casual occasion.""",7.61,Tesla T4,0.3333333333333333,3,1,77,False,1.0,True,True
B07QDS9J73,phi35-vision-4b,image_only_scaffold,This is a white sneaker with a low-top design and a rubber sole. It features a lace-up closure and a padded collar for comfort. The practical benefit for the customer is that it provides support and comfort for everyday wear.,3.99,Tesla T4,0.3333333333333333,3,1,42,False,1.0,True,True
B07P5DRWSL,phi35-vision-4b,image_meta,"""Hello, I'm here to show you the Stone & Beam Benavento Dove Swatch. It's a beautiful, natural stone color that's perfect for adding a touch of elegance to your home. The swatch is easy to install and can be used to create a custom look for your walls or countertops. One practical benefit is that it's durable and easy to maintain, making it a great choice for busy households.""",7.14,Tesla T4,1.0,3,0,72,True,1.0,False,False
B07P5DRWSL,phi35-vision-4b,image_only,"""Good day! This is a high-quality canvas fabric, perfect for your home decor. It's durable, easy to clean, and comes in a variety of neutral colors to match any room. The smooth texture makes it ideal for upholstery or as a backdrop for artwork. Its versatility and comfort make it a great choice for any living space.""",5.68,Tesla T4,0.0,3,0,59,False,1.0,True,False
B07P5DRWSL,phi35-vision-4b,image_only_scaffold,"The product is a high-quality, durable canvas fabric. It features a smooth texture and a subtle, earthy color palette. This fabric is perfect for creating stylish and long-lasting home decor items.",4.04,Tesla T4,0.0,3,0,33,False,1.0,True,False
B0812C77RN,phi35-vision-4b,image_meta,"""Good morning, today we have a pair of stylish leather shoes from the brand 'find'. These are casual shoes, perfect for everyday wear. They feature a brown color and a smooth leather texture. One practical benefit of these shoes is their comfortable fit, making them ideal for long hours of wear. They are designed with a classic style, ensuring they complement any outfit.""",6.11,Tesla T4,0.6666666666666666,3,2,63,True,1.0,False,True
B0812C77RN,phi35-vision-4b,image_only,"""Hello, I'm here to show you our latest loafer. It's a classic design with a smooth, polished finish in a rich, earthy brown. The shoe features a sturdy sole for durability and a comfortable insole for all-day wear. One practical benefit is its water-resistant material, making it perfect for everyday use.""",5.9,Tesla T4,0.0,3,1,55,True,1.0,False,True
B0812C77RN,phi35-vision-4b,image_only_scaffold,"This is a classic loafer in a rich tan color, featuring a smooth leather finish and a double monk strap closure. The shoe is designed with a low heel and a rounded toe, making it both stylish and comfortable to wear. The practical benefit of this loafer is its durability and timeless design, which makes it a great investment for any wardrobe.",6.04,Tesla T4,0.0,3,1,62,False,1.0,True,True
B07WRJG268,phi35-vision-4b,image_meta,"""Hello, I'm here to show you the Flavia Women's Handbag in Camel. This handbag features a sleek faux leather exterior and a sturdy handle for easy carrying. The practical benefit of this bag is its spacious interior, perfect for carrying essentials on the go. It's a stylish accessory that combines functionality with elegance.""",6.15,Tesla T4,1.0,4,0,56,False,1.0,True,False
B07WRJG268,phi35-vision-4b,image_only,"""This is a versatile tote bag, perfect for everyday use. It features a sturdy leather construction with a smooth finish, and it comes in a classic tan color. The bag has two adjustable shoulder straps and a front pocket, making it convenient for carrying essentials. Its spacious interior can hold a variety of items, from books to personal care products, making it a practical choice for both work and casual outings.""",6.66,Tesla T4,0.25,4,0,71,False,1.0,True,False
B07WRJG268,phi35-vision-4b,image_only_scaffold,"This is a tan leather tote bag with a sleek design and a double strap for added comfort. It features a small leather tag on the front and a leather handle for easy carrying. This bag is perfect for everyday use, providing a stylish and functional accessory for your daily activities.",4.88,Tesla T4,0.25,4,0,51,False,1.0,True,False
B07DJJ8TH1,phi35-vision-4b,image_meta,"""Hello, today we have a stylish pair of Amazon Brand - Symbol Men's White 1 PU Sneakers. These are low-top sneakers made from durable PU material, featuring a sleek white color that's perfect for a casual look. The key visible features include a comfortable sole and lace-up design for a secure fit. One practical benefit is their breathability, which makes them great for all-day wear.""",7.02,Tesla T4,0.5,4,0,69,True,1.0,False,False
B07DJJ8TH1,phi35-vision-4b,image_only,"""Hello, today we have a stylish white sneaker that's perfect for casual wear. It features a comfortable white canvas upper with a smooth rubber sole for durability. The laces are white, and the shoe has a classic lace-up closure. One practical benefit is its breathability, which makes it great for all-day wear.""",5.61,Tesla T4,0.25,4,1,55,True,1.0,False,True
B07DJJ8TH1,phi35-vision-4b,image_only_scaffold,This is a white canvas sneaker with a low-top design and a lace-up closure. It features a round toe and a white rubber sole. This shoe is perfect for casual wear and can be easily cleaned for a fresh look.,4.4,Tesla T4,0.25,4,1,42,False,1.0,True,True
B07TM6JW3Y,phi35-vision-4b,image_meta,"""Good day! This is a 3.5-inch AmazonBasics hard drive USB 3.0 SATA Cruz V2 Fresh Foam. It's a compact and durable storage solution, perfect for backing up your files or transferring large amounts of data quickly. The foam packaging ensures it arrives in great condition, ready to use right out of the box.""",5.97,Tesla T4,1.0,3,0,57,False,1.0,True,False
B07TM6JW3Y,phi35-vision-4b,image_only,"""Good day! This is the AmazonBasics portable hard drive. It's compact, durable, and designed for easy transport. The key feature is its robust build, ensuring it can withstand the rigors of travel. It's perfect for backing up important files on the go, providing peace of mind that your data is safe and accessible wherever you are.""",5.96,Tesla T4,0.6666666666666666,3,0,58,False,1.0,True,False
B07TM6JW3Y,phi35-vision-4b,image_only_scaffold,"This is an AmazonBasics portable hard drive, designed for secure and convenient data storage. It features a sleek, durable design with a rugged casing and a simple, user-friendly interface. The practical benefit for customers is its portability, allowing them to easily transfer and store large amounts of data on the go.",5.11,Tesla T4,0.6666666666666666,3,0,52,False,1.0,True,False
B082B9QJJN,phi35-vision-4b,image_meta,"""Good day! This is the Amazon Basics Tabla de Planchar, a full-sized ironing board with four foldable legs and an adjustable extra cover. Its striped design adds a touch of style to your home. The practical benefit of this ironing board is its portability, allowing you to easily move it from room to room for quick ironing sessions.""",6.19,Tesla T4,1.0,3,0,59,False,1.0,True,False
B082B9QJJN,phi35-vision-4b,image_only,"""Good day! This is a foldable ironing board, perfect for your home. It's lightweight and easy to store, with a sturdy metal frame and a smooth, flat surface. The adjustable legs allow you to set it at the perfect height for ironing. Its compact design makes it ideal for small spaces, and it's easy to fold and pack away when not in use. It's a convenient solution for keeping your clothes wrinkle-free.""",7.08,Tesla T4,0.3333333333333333,3,1,76,False,1.0,True,True
B082B9QJJN,phi35-vision-4b,image_only_scaffold,"This is a white ironing board with a sturdy black metal frame and a flat, smooth surface. It features a convenient foldable design, making it easy to store and transport. The practical benefit for customers is that it provides a convenient and portable solution for ironing clothes at home or on the go.",5.27,Tesla T4,0.3333333333333333,3,3,53,False,1.0,True,True
B07WJ71B2N,phi35-vision-4b,image_meta,"""Hello, I'm here to show you our latest addition to the Amazon Brand - Symbol collection. These are our Brown PU Formal Derby Shoes. They feature a sleek brown color, made from high-quality synthetic material, and are designed with a classic Derby style. One practical benefit of these shoes is their durability, ensuring they hold up well for everyday wear while maintaining a professional appearance.""",6.01,Tesla T4,1.0,4,0,66,True,1.0,False,False
B07WJ71B2N,phi35-vision-4b,image_only,"""Good day! This is a classic brown leather dress shoe, featuring a smooth finish and a sturdy sole. It has a low heel and a lace-up closure for a secure fit. The shoe's design is versatile, making it suitable for both formal and casual occasions. One practical benefit is its comfort, as the leather material provides a soft and breathable surface for your feet.""",6.42,Tesla T4,0.25,4,1,66,True,1.0,False,True
B07WJ71B2N,phi35-vision-4b,image_only_scaffold,"This is a brown dress shoe with a textured pattern and a tassel detail on the front. It features a low heel and a rounded toe, making it a stylish and comfortable option for everyday wear. The tassel detail adds a touch of sophistication and can be easily removed for a more casual look.",4.97,Tesla T4,0.25,4,0,54,False,1.0,True,False
B0847WY2WS,phi35-vision-4b,image_meta,"""Good morning! Today, I'd like to show you the Flavia Women's Beige Ballet Flats. These elegant flats feature a smooth beige leather finish and a classic ballet flat design. They have a comfortable insole and a slip-on closure for easy wear. A practical benefit of these flats is their versatility; they can be worn with both casual and formal outfits, making them a great choice for everyday wear.""",7.44,Tesla T4,0.6666666666666666,3,1,71,False,1.0,True,True
B0847WY2WS,phi35-vision-4b,image_only,"""Good day! This is a classic ballet flat, perfect for everyday wear. It features a smooth leather upper in a soft beige color, a low heel for comfort, and a sturdy strap across the top for a secure fit. The rounded toe and soft interior make it ideal for those who prefer a more casual, yet stylish option for their footwear.""",5.87,Tesla T4,0.3333333333333333,3,1,61,False,1.0,True,True
B0847WY2WS,phi35-vision-4b,image_only_scaffold,"This is a pair of elegant, beige-colored loafers with a sleek design and a low heel. The shoes feature a double strap across the top of the foot for a secure fit and a small logo on the side for a touch of branding. These loafers are perfect for adding a touch of sophistication to any outfit, whether you're heading to a business meeting or a casual outing.",6.99,Tesla T4,0.6666666666666666,3,0,70,False,0.9848484848484849,True,False
B00EQ5HKNU,phi35-vision-4b,image_meta,"""Good morning! Today, I'd like to show you our Pinzon by Amazon Ultrasoft Spannbetttuch, a fitted sheet in a beautiful Blu Bijou color. This sheet is made of high-quality cotton, ensuring a soft and comfortable sleeping experience. Its dimensions are 160 x 200 x 20 cm, making it perfect for any bed size. The fitted design provides a snug fit, keeping your bedding in place all night long. It's a practical choice for a cozy and restful sleep.""",8.31,Tesla T4,0.75,4,1,81,False,1.0,True,True
B00EQ5HKNU,phi35-vision-4b,image_only,"""Good day! This is a high-quality, durable blue tarp. It's designed to protect your products from the elements during transport. The tarp is made from a waterproof material, ensuring your items stay dry and secure. It's also lightweight and easy to handle, making it perfect for your distribution needs.""",5.41,Tesla T4,0.5,4,1,52,False,1.0,True,True
B00EQ5HKNU,phi35-vision-4b,image_only_scaffold,"This is a blue, lightweight, and portable pop-up tent. It features a smooth, water-resistant fabric and a sturdy, adjustable frame. This tent is perfect for outdoor events, providing a comfortable and convenient shelter for your guests.",4.3,Tesla T4,0.5,4,1,38,False,1.0,True,True
B00MHV01AY,phi35-vision-4b,image_meta,"""Good morning! Today, I'd like to show you our Pinzon Heather Jersey Fitted Sheet. It's a lightweight, breathable jersey made from 100% jarse, perfect for keeping your bed cool and comfortable. The açık gri alacalı design ensures it stays in place, providing a smooth and even surface for your mattress. It's a great choice for those who prefer a natural and soft bedding option.""",7.55,Tesla T4,1.0,4,0,68,False,1.0,True,False
B00MHV01AY,phi35-vision-4b,image_only,"""Good day! This is a high-quality, durable, and comfortable cotton t-shirt. It features a smooth texture and a classic crew neck design. One practical benefit is its breathability, which makes it perfect for everyday wear. It's also machine washable, ensuring it's easy to care for. This t-shirt is a great addition to any wardrobe.""",6.09,Tesla T4,0.25,4,1,59,True,1.0,False,True
B00MHV01AY,phi35-vision-4b,image_only_scaffold,"This is a high-quality, lightweight, and breathable fabric designed for outdoor activities. It features a smooth texture and a subtle sheen, indicating durability and resistance to wear. The fabric's breathability makes it ideal for keeping you cool and comfortable during physical activities.",4.93,Tesla T4,0.25,4,0,44,False,1.0,True,False
B07JP6G4DZ,phi35-vision-4b,image_meta,"""Hello, I'm here to show you the AmazonBasics by Marvel Spiderman Spidey Crawl Bed Sheet Set. It's a cozy, fun bedding set featuring Spiderman's iconic red and blue colors. Made from 100% polyester, it's durable and easy to care for. The set includes a comforter and a fitted sheet, perfect for a child's bedroom. It's a great way to add a touch of superhero fun to your child's sleeping space.""",8.21,Tesla T4,1.0,4,2,77,False,1.0,True,True
B07JP6G4DZ,phi35-vision-4b,image_only,"""Hello, I'm here to show you our new Spider-Man themed bedding set. It features a comfy duvet cover and a matching pillowcase, both adorned with iconic Spider-Man designs. The duvet cover has a soft, breathable fabric, perfect for cozy nights. The pillowcase is easy to wash and maintains its vibrant colors. This set is great for any Spider-Man fan looking to add a touch of their favorite superhero to their bedroom.""",8.07,Tesla T4,0.25,4,0,75,False,1.0,True,False
B07JP6G4DZ,phi35-vision-4b,image_only_scaffold,"This is a Spider-Man themed bedding set, perfect for any Spider-Man fan. The comforter features a playful design with multiple Spider-Man faces and web patterns, while the pillowcase has a bold red and white design. This bedding set will add a fun and personalized touch to your child's bedroom, making it a great gift for a Spider-Man enthusiast.",6.21,Tesla T4,0.25,4,2,63,False,1.0,True,True
B084W2S62H,phi35-vision-4b,image_meta,"""Hello, I'm here to show you our Stone & Beam Linden Classic Dining Chairs. These chairs feature a sturdy wooden frame and a comfortable, cushioned seat with a marine blue upholstery. They're perfect for creating a cozy dining space. The backrest is padded for added comfort, and the legs are slightly tapered for a stylish look. One practical benefit is that they're easy to clean, making them a great choice for busy households.""",7.7,Tesla T4,1.0,3,1,75,True,1.0,False,True
B084W2S62H,phi35-vision-4b,image_only,"""Hello, I'm here to show you our new line of dining chairs. These chairs feature a comfortable, textured fabric upholstery in a sleek grey color. They have a sturdy wooden frame and are designed with a modern aesthetic in mind. One practical benefit is their ergonomic design, which provides excellent back support for long periods of use. They're perfect for adding a touch of elegance to any dining room while ensuring comfort.""",7.68,Tesla T4,0.3333333333333333,3,2,74,True,1.0,False,True
B084W2S62H,phi35-vision-4b,image_only_scaffold,"These are modern dining chairs with a sleek design, featuring a dark grey fabric upholstery and wooden legs. The chairs have a high backrest and armrests, providing both comfort and style. The wooden legs give them a sturdy and durable appearance, making them a great addition to any dining room.",5.21,Tesla T4,0.3333333333333333,3,2,50,False,1.0,True,True
B075X65QYF,phi35-vision-4b,image_meta,"""Hello, I'm here to show you the Stone & Beam Leila Tufted Chair. It's a beautiful pewter-colored chair with a tufted back and armrests, perfect for adding a touch of elegance to any room. The tufting on the back adds a classic touch, and the pewter color is both stylish and easy to maintain. It's a great addition to any home decor.""",7.07,Tesla T4,1.0,4,0,65,False,1.0,True,False
B075X65QYF,phi35-vision-4b,image_only,"""This is a contemporary armchair, featuring a tufted backrest and a comfortable cushion for added support. The chair is upholstered in a soft grey fabric, and it has wooden legs that provide a sturdy base. It's perfect for creating a cozy reading nook or a comfortable spot for relaxation in any room.""",5.51,Tesla T4,0.25,4,2,53,False,1.0,True,True
B075X65QYF,phi35-vision-4b,image_only_scaffold,"This is a plush armchair with tufted detailing and wooden legs. It features a comfortable cushion and a stylish design that adds a touch of elegance to any room. The armrests provide extra support and comfort, making it an ideal choice for relaxation or as a cozy reading nook.",5.41,Tesla T4,0.25,4,1,49,False,1.0,True,True
B0746MR6Y8,phi35-vision-4b,image_meta,"""Hello, I'm here to show you our Pearson Shearling Moccasin Slipper. It's a cozy, warm, and stylish slipper with a red plaid textile exterior and a soft shearling lining. The key features include a comfortable sole, a secure strap, and a classic design. One practical benefit is that it's perfect for keeping your feet warm during the colder months.""",6.45,Tesla T4,0.3333333333333333,3,0,62,True,1.0,False,False
B0746MR6Y8,phi35-vision-4b,image_only,"""Hello, I'm here to show you our newest addition to the family: the ComfyStep Flannel Slippers. These slippers feature a cozy, plush interior with a soft, warm fleece lining. The exterior is crafted with a durable, water-resistant fabric and a sturdy rubber sole for added grip. The vibrant plaid pattern is not only eye-catching but also adds a touch of style to your everyday look. A practical benefit of these slippers is their comfort, making them perfect for lounging at home or for a casual outing. They're designed to keep your feet warm and dry, no matter the",10.01,Tesla T4,0.3333333333333333,3,1,102,False,1.0,True,True
B0746MR6Y8,phi35-vision-4b,image_only_scaffold,"This is a cozy, plaid-patterned slipper with a soft interior lining. It features a sturdy sole and a comfortable strap across the top for a secure fit. The plaid design adds a touch of style to your footwear, making it a great choice for casual outings.",4.67,Tesla T4,0.3333333333333333,3,0,47,False,1.0,True,False
B07YDQRZKF,phi35-vision-4b,image_meta,"""Hello, today I'm showcasing the WindTook 1991-Gray canvas Laptop Backpack. It's designed for women and men, perfect for traveling with your laptop. This backpack features a sturdy canvas material, ensuring durability and comfort. It's equipped with a 15-inch notebook, making it ideal for both work and school. One practical benefit is its spacious design, which allows you to carry all your essentials without any hassle.""",8.13,Tesla T4,0.75,4,0,70,True,1.0,False,False
B07YDQRZKF,phi35-vision-4b,image_only,"""Hello, today we have a stylish and functional product that's perfect for on-the-go charging. This is a portable charger, designed to keep your devices powered up. It's compact, lightweight, and has a sleek design that makes it easy to carry in your bag. The key feature is the USB port, which allows you to charge your phone, tablet, or other USB-compatible devices. One practical benefit is that it's ideal for travelers or anyone who needs to stay connected and charged throughout the day.""",8.35,Tesla T4,0.25,4,0,89,True,1.0,False,False
B07YDQRZKF,phi35-vision-4b,image_only_scaffold,"This is a portable charging station designed to keep your devices powered on the go. It features a sleek, light gray design with a built-in handle for easy carrying and a USB port for charging. The practical benefit for customers is that it allows them to charge their devices while on the move, ensuring they never run out of battery when they need it most.",5.62,Tesla T4,0.25,4,0,66,False,1.0,True,False
B07XH45QV7,phi35-vision-4b,image_meta,"""Good morning! Today, we have the AmazonBasics Hybrid Mattress, which combines the comfort of memory foam with the support of innerspring. It's an 8-inch mattress with a medium feel, ensuring a balance between softness and support. The memory foam layer provides excellent pressure relief, while the innerspring adds durability and responsiveness. Plus, it's CertiPUR-US certified, meaning it's free from harmful chemicals. This mattress is perfect for those who want a comfortable sleep without compromising on support.""",9.11,Tesla T4,1.0,3,0,81,False,1.0,True,False
B07XH45QV7,phi35-vision-4b,image_only,"""Good morning! This is the Serta Spring Air mattress, designed for ultimate comfort. It features a high-density foam core for support and a durable, breathable cover. The blue accent on the side adds a touch of style to your bedroom. One practical benefit is its adjustable firmness, allowing you to customize your sleeping experience to your preference.""",5.9,Tesla T4,0.6666666666666666,3,1,58,True,1.0,False,True
B07XH45QV7,phi35-vision-4b,image_only_scaffold,"This is a Serta mattress, designed for comfort and support. It features a contoured design and a blue accent strip along the edge, which adds a touch of style to the bed. The Serta mattress is known for its durability and can help improve sleep quality by providing a comfortable and supportive surface.",5.55,Tesla T4,0.3333333333333333,3,1,53,False,1.0,True,True
B076VSCT2M,phi35-vision-4b,image_meta,"""Good day! Today, we have a fantastic product for pet owners. It's the AmazonBasics EPI-Added Dog Waste Bag. This bag is made of durable polyethylene and comes in a delightful Brazilian Mango scent. It's designed to keep your pet's waste contained and hygienic. Plus, it includes a dispenser and a leash clip for easy access and convenience. With 270 bags in the package, it's perfect for frequent travelers or those who want to keep their outdoor spaces clean. It's a must-have for any pet owner.""",9.0,Tesla T4,1.0,3,0,92,False,1.0,True,False
B076VSCT2M,phi35-vision-4b,image_only,"""Hello, today we have a fantastic product that's perfect for on-the-go charging. It's a portable charger with multiple USB ports, allowing you to charge multiple devices at once. The compact design makes it easy to carry in your bag or purse. One practical benefit is that it keeps your devices powered up during long trips, ensuring you stay connected and productive. Let's take a closer look at its features.""",6.79,Tesla T4,0.3333333333333333,3,0,74,True,1.0,False,False
B076VSCT2M,phi35-vision-4b,image_only_scaffold,"This is a set of rechargeable batteries, specifically designed for the Amazon Fire tablet. The batteries are green and have the Amazon logo printed on them. These batteries provide a longer lasting power source for your tablet, reducing the need for frequent recharging.",4.19,Tesla T4,0.0,3,1,43,False,1.0,True,True
B084GPJW8L,phi35-vision-4b,image_meta,"""Good morning, I'm here to show you a stylish and comfortable pair of black Derby shoes. These are made from high-quality synthetic material, ensuring durability and a sleek look. The smooth finish and sturdy sole provide excellent support for all-day wear. Whether you're heading to a business meeting or a casual outing, these shoes are designed to keep you looking sharp and comfortable.""",6.84,Tesla T4,0.75,4,0,67,False,1.0,True,False
B084GPJW8L,phi35-vision-4b,image_only,"""Good day! This is a classic black dress shoe, featuring a sleek design with a low heel and a rounded toe. It's made from high-quality leather, ensuring durability and comfort. The lace-up closure provides a secure fit, and the subtle stitching detail adds a touch of elegance. This shoe is perfect for formal occasions or business meetings, offering both style and practicality.""",6.45,Tesla T4,0.25,4,1,65,False,1.0,True,True
B084GPJW8L,phi35-vision-4b,image_only_scaffold,This is a black dress shoe with a low heel and a lace-up front. It features a padded collar and a small logo on the side. This shoe is perfect for a professional setting as it provides comfort and style.,4.31,Tesla T4,0.25,4,0,41,False,1.0,True,False
B07VX59RX1,phi35-vision-4b,image_meta,"""Good day! I'm here to show you the Eono Essentials 82L Collapsible Washing Laundry Basket Bag. It's a versatile, fabric hamper that's perfect for your home. This grey, foldable laundry bag can be easily stored away when not in use, and it's great for keeping your laundry organized. Plus, it's ideal for dorm room travel, making it a convenient choice for students on the go.""",7.48,Tesla T4,1.0,3,0,70,False,1.0,True,False
B07VX59RX1,phi35-vision-4b,image_only,"""Hello, today we're showcasing our new laundry bag. This bag is designed for convenience and durability, featuring a sturdy handle for easy carrying and a spacious interior to hold all your laundry items. The vibrant colors make it a stylish addition to any laundry routine, and the reinforced stitching ensures it can withstand the wear and tear of frequent use. It's perfect for keeping your laundry organized and protected.""",7.71,Tesla T4,0.0,3,0,71,False,1.0,True,False
B07VX59RX1,phi35-vision-4b,image_only_scaffold,This is a laundry bag designed for easy carrying and storage of clothes. It features a durable fabric construction and a convenient handle for hanging. The practical benefit for the customer is that it helps keep their laundry organized and prevents wrinkles during transport.,4.27,Tesla T4,0.0,3,0,44,False,1.0,True,False
B075X4PRVT,phi35-vision-4b,image_meta,"""Hello, I'm here to show you the Stone & Beam Marin Studded Chair. It's a beautiful piece of home furniture with a grey color and a studded design on the arms. The chair is made of stone, giving it a durable and elegant look. One practical benefit of this chair is its comfortable seating, making it perfect for relaxing in any room of your home.""",6.55,Tesla T4,1.0,4,0,66,True,1.0,False,False
B075X4PRVT,phi35-vision-4b,image_only,"""This is a contemporary armchair, featuring a plush upholstered seat and backrest, with a tufted design on the arms and legs. It's crafted with a sturdy wooden frame and cushioned footrests. The tufting adds a touch of elegance and comfort, making it an ideal piece for a cozy reading nook or a stylish living room addition.""",6.22,Tesla T4,0.25,4,1,57,False,1.0,True,True
B075X4PRVT,phi35-vision-4b,image_only_scaffold,This is a comfortable armchair with a textured fabric and wooden legs. It features a cushioned seat and backrest for added comfort. The armrests provide support and make it easy to relax while watching TV or reading a book.,4.33,Tesla T4,0.25,4,1,39,False,1.0,True,True
B08GL14R5S,phi35-vision-4b,image_meta,"""Good morning! This is a beautiful 12-inch wall clock from Amazon Brand - Solimo. It features a sleek black frame and a silent movement, making it perfect for any room. The numbers are easy to read, and the clock is made of high-quality plastic. It's a practical addition to any home decor, helping you keep track of time without disturbing others.""",5.92,Tesla T4,1.0,4,0,63,False,1.0,True,False
B08GL14R5S,phi35-vision-4b,image_only,"""Hello, I'm here to show you our newest addition to our collection, the SOUMO Wooden Clock. This clock features a rustic wooden design with a clear, easy-to-read black numeral display. It's not only a functional timepiece but also a stylish decorative piece for your home or office. The wooden texture adds a touch of elegance and warmth to any space. Plus, it's durable and easy to maintain, making it a great investment for your timekeeping needs.""",8.23,Tesla T4,0.5,4,1,81,False,1.0,True,True
B08GL14R5S,phi35-vision-4b,image_only_scaffold,This is a wooden wall clock with a simple and elegant design. It features a rustic wooden texture on the face and a black metal frame. The practical benefit of this clock is that it adds a touch of natural beauty to any room while also keeping track of time.,4.19,Tesla T4,0.5,4,2,50,False,1.0,True,True
B0845BS2C2,phi35-vision-4b,image_meta,"""Hello, I'm here to show you the Flavia Blue Running Shoes. These are stylish walking shoes with a comfortable, breathable mesh upper and a cushioned insole for added support. The chevron pattern on the side adds a touch of flair to your everyday look. They're perfect for those who want to look good while walking comfortably.""",6.18,Tesla T4,1.0,3,0,58,False,1.0,True,False
B0845BS2C2,phi35-vision-4b,image_only,"""Hello, I'm here to show you our latest slip-on shoes. These shoes feature a comfortable, breathable mesh upper with a chevron pattern for a stylish look. The sole is made of durable rubber for excellent grip and support. A practical benefit of these shoes is their ease of wear, making them perfect for everyday activities. They're designed to keep your feet comfortable throughout the day.""",6.44,Tesla T4,0.3333333333333333,3,1,68,False,1.0,True,True
B0845BS2C2,phi35-vision-4b,image_only_scaffold,"This is a pair of stylish, chevron-patterned slip-on shoes in a soft blue color. The shoes feature a breathable mesh upper and a comfortable white sole, making them perfect for everyday wear. The chevron pattern adds a touch of fashion to the design, while the slip-on style offers convenience and ease of use.",5.91,Tesla T4,0.6666666666666666,3,1,56,False,1.0,True,True
B07Y66B9BX,phi35-vision-4b,image_meta,"""Good day! This is the Stone & Beam Lanterna rustica in finto legno, a beautifully crafted lantern that brings a touch of rustic charm to your home. It's made of wood and features a sturdy metal frame, with a 35.5 cm height that makes it perfect for indoor use. The lantern includes a built-in lamp, providing a warm and inviting light. Its durable construction ensures it can withstand the test of time, making it a great addition to any room.""",7.99,Tesla T4,1.0,3,2,82,False,1.0,True,True
B07Y66B9BX,phi35-vision-4b,image_only,"""Good day! This is a traditional lantern, perfect for adding a touch of vintage charm to any room. It features a sturdy wooden frame and a white glass panel, which allows for a warm, ambient light. The rope handle makes it easy to carry, and the metal ring on top is ideal for hanging. Its durable construction ensures it can withstand the elements, making it a reliable choice for outdoor use or as a decorative piece in your home.""",7.47,Tesla T4,0.6666666666666666,3,4,79,False,1.0,True,True
B07Y66B9BX,phi35-vision-4b,image_only_scaffold,This is a traditional lantern with a wooden frame and a rope handle. It features a white glass panel and a metal top with a ring for hanging. The practical benefit for the customer is that it provides a rustic and cozy lighting option for outdoor gatherings or as a decorative piece on a shelf.,5.05,Tesla T4,0.3333333333333333,3,4,55,False,1.0,True,True
B0825DN9JL,phi35-vision-4b,image_meta,"""Hello, I'm here to show you the Stone & Beam Contemporary Curved Glass Table Lamp. It's a beautiful, modern lamp with a clear glass shade and a sleek, curved design. The LED bulb included ensures energy efficiency and long-lasting performance. This lamp not only adds a touch of elegance to your space but also provides ample lighting for your work or reading. It's perfect for any room in your home.""",7.38,Tesla T4,1.0,4,0,73,False,1.0,True,False
B0825DN9JL,phi35-vision-4b,image_only,"""Hello, today we have a beautiful table lamp that features a clear glass shade and a sleek, modern design. The shade is adjustable, allowing you to control the light direction and intensity. This lamp is perfect for creating a cozy atmosphere in any room. Its durable construction ensures it will last for years, making it a great investment for your home decor.""",5.65,Tesla T4,0.75,4,0,62,False,1.0,True,False
B0825DN9JL,phi35-vision-4b,image_only_scaffold,"This is a modern table lamp with a clear glass shade and a sleek metal base. It features a simple yet elegant design, making it a perfect addition to any room. The adjustable arm allows you to direct the light exactly where you need it, creating a warm and inviting atmosphere.",4.94,Tesla T4,0.75,4,1,51,False,1.0,True,True
B003QP2ZCC,phi35-vision-4b,image_meta,"""Hello, I'm here to show you our Pinzón Hotel 100% Egyptian cotton satin pillow bands in a beautiful green apple color. These pillow bands are made from high-quality satin, which gives them a smooth and luxurious feel. They are perfect for adding a touch of elegance to your bedding. One practical benefit is that they are machine washable, making them easy to care for and maintain.""",6.78,Tesla T4,0.0,3,2,69,True,1.0,False,True
B003QP2ZCC,phi35-vision-4b,image_only,"""Hello, today we have a beautiful olive green pillow that's perfect for adding a touch of elegance to any room. It's made from high-quality fabric, ensuring it's both comfortable and durable. The pillow features a simple, clean design with a slightly textured surface that adds a bit of character. One practical benefit is its supportive structure, which helps maintain proper spinal alignment while you sleep. It's a great addition to any bedroom or living space.""",7.68,Tesla T4,0.0,3,1,80,True,1.0,False,True
B003QP2ZCC,phi35-vision-4b,image_only_scaffold,"This is a green, square-shaped pillow with a textured surface. It features a simple, clean design with a slightly wrinkled appearance, giving it a cozy and inviting look. The pillow's soft texture and comfortable shape make it an ideal addition to any bedroom, providing both support and a touch of warmth to your sleeping space.",5.57,Tesla T4,0.0,3,1,57,False,1.0,True,True
B07K28QKBR,phi35-vision-4b,image_meta,"""Hello, I'm here to show you the Stone & Beam Slipcover Cream Swatch. It's a beautiful addition to any room, featuring a soft, cream slipcover in a twill performance fabric. This swatch is perfect for adding a touch of elegance to your home decor. Its durable material ensures it can withstand daily wear and tear, making it a practical choice for any living space.""",6.94,Tesla T4,1.0,3,0,65,False,1.0,True,False
B07K28QKBR,phi35-vision-4b,image_only,"""Good day! This is the UltraClean Vacuum, a powerful and efficient cleaning device. It features a durable, lightweight design with a long, flexible hose for easy maneuvering. The vacuum's main visible feature is its strong suction power, which is perfect for picking up dirt and debris from various surfaces. One practical benefit of using this vacuum is its ability to quickly and effectively clean large areas, making it ideal for both residential and commercial spaces.""",7.76,Tesla T4,0.3333333333333333,3,0,76,True,1.0,False,False
B07K28QKBR,phi35-vision-4b,image_only_scaffold,"The product is a high-quality, durable, and stylish leather wallet. It features a sleek design with a smooth texture and a secure zipper closure. The practical benefit for the customer is that it provides a convenient and fashionable way to carry their essentials while keeping them organized and protected.",4.9,Tesla T4,0.3333333333333333,3,1,50,False,1.0,True,True
B07HSBJ7J9,phi35-vision-4b,image_meta,"""Hello, I'm here to show you our Stone & Beam Woodley Modern Kitchen Dining Room Chairs. These chairs feature a sleek navy blue upholstery and are crafted with a sturdy wooden frame. They are perfect for adding a touch of elegance to your dining space. One practical benefit is their height, standing at 40 inches, which makes them ideal for comfortable seating during meals.""",6.81,Tesla T4,1.0,3,1,64,True,1.0,False,True
B07HSBJ7J9,phi35-vision-4b,image_only,"""Hello, I'm here to show you our new line of dining chairs. These chairs feature a sleek, dark blue fabric upholstery that's both stylish and comfortable. The wooden legs provide a sturdy base, and the backrest is designed to support your back during long meals. A practical benefit of these chairs is their durability, ensuring they can withstand daily use in your home or office.""",6.82,Tesla T4,0.3333333333333333,3,1,67,False,1.0,True,True
B07HSBJ7J9,phi35-vision-4b,image_only_scaffold,"These are modern dining chairs with a sleek design, featuring a dark blue upholstered seat and wooden legs. The chairs have a high backrest and armrests, providing both comfort and support. The wooden legs give them a sturdy and elegant appearance, making them a great addition to any dining room.",5.21,Tesla T4,0.3333333333333333,3,1,50,False,1.0,True,True
B08BP9Y1HF,phi35-vision-4b,image_meta,"""Hello, today we have a fantastic product to show you, the AmazonCommercial Glass Measuring Cup. It's a clear, transparent cup that allows you to see the exact amount of liquid you're measuring. With a 2 cup capacity, it's perfect for cooking and baking. One practical benefit is that it helps you measure out ingredients accurately, ensuring your recipes turn out just right.""",6.83,Tesla T4,0.6666666666666666,3,0,65,True,1.0,False,False
B08BP9Y1HF,phi35-vision-4b,image_only,"""Hello, I'm here to show you our new AmazonBasics portable charger. It's compact, lightweight, and has a sleek design. The key feature is its high-capacity battery, which allows you to charge your devices multiple times on a single charge. This means you can stay connected and productive without worrying about running out of power. It's perfect for travelers, professionals on the go, or anyone who needs a reliable power source on the move.""",7.59,Tesla T4,0.3333333333333333,3,0,77,False,1.0,True,False
B08BP9Y1HF,phi35-vision-4b,image_only_scaffold,"The product is a high-quality, durable, and stylish backpack designed for everyday use. It features a spacious main compartment with a front zipper pocket and adjustable shoulder straps for comfortable carrying. The practical benefit for the customer is that it provides ample storage space while keeping their belongings secure and organized during their daily activities.",5.48,Tesla T4,0.0,3,0,56,False,1.0,True,False
B00MPOB0JE,phi35-vision-4b,image_meta,"""Good morning! Today, I'm showcasing the Pinzon by Amazon Egyptian Cotton Sateen, a light gray double-fitted sheet. This sheet is made entirely of 100% cotton, ensuring a soft and breathable sleeping experience. The fitted design provides a snug fit, keeping your mattress clean and comfortable. It's a practical choice for those who value hygiene and comfort in their bedding.""",7.21,Tesla T4,0.75,4,0,62,False,1.0,True,False
B00MPOB0JE,phi35-vision-4b,image_only,"""Good day! This is a high-quality, soft, and breathable mattress cover. It's made from a durable, hypoallergenic material that helps to keep your bed clean and fresh. The cover is designed to fit snugly, providing a comfortable and hygienic sleeping environment. It's easy to wash and maintain, making it a practical choice for everyday use.""",6.15,Tesla T4,0.25,4,0,58,False,1.0,True,False
B00MPOB0JE,phi35-vision-4b,image_only_scaffold,"This is a high-quality, breathable mattress cover designed to provide superior comfort and support. It features a smooth, seamless surface and a soft, plush fabric that conforms to your body's shape. By using this mattress cover, you can help protect your mattress from spills and stains, keeping it clean and prolonging its lifespan.",6.19,Tesla T4,0.25,4,0,55,False,1.0,True,False
B07QKNN9RZ,phi35-vision-4b,image_meta,"""Hello, today we have the Amazon Essentials Shelly footwear in a striking Bleu Marine color. These shoes feature a comfortable, cushioned insole, a durable canvas upper, and a sturdy rubber outsole for all-day wear. The white laces add a touch of style, and the 9.5 M US sizing ensures a perfect fit for most feet. They're great for casual outings and can be worn with a variety of outfits.""",7.1,Tesla T4,1.0,3,2,72,False,1.0,True,True
B07QKNN9RZ,phi35-vision-4b,image_only,"""Hello, I'm here to show you our newest sneaker. It's a stylish, casual shoe with a comfortable, breathable navy canvas upper and a durable white rubber sole. The lace-up closure ensures a secure fit, and the cushioned insole provides excellent support for all-day wear. It's perfect for a casual day out or a quick commute.""",6.52,Tesla T4,0.0,3,3,60,False,1.0,True,True
B07QKNN9RZ,phi35-vision-4b,image_only_scaffold,"This is a navy blue canvas sneaker with a white rubber sole. It features a lace-up closure and a round toe design. The practical benefit for the customer is its comfortable fit and stylish appearance, making it a great choice for casual wear.",4.08,Tesla T4,0.0,3,4,44,False,1.0,True,True
B07VSFKYLX,phi35-vision-4b,image_meta,"""Good morning, today we have a stylish pair of Amazon Brand - Symbol Men's Red/Black Sneakers. These sneakers feature a vibrant red upper with a black sole, providing a bold and fashionable look. The mesh material ensures breathability and comfort, making them perfect for everyday wear. The sneakers also have a low-top design, offering support and a casual fit.""",6.57,Tesla T4,0.75,4,0,61,False,1.0,True,False
B07VSFKYLX,phi35-vision-4b,image_only,"""Hello, I'm here to show you our latest sneaker. It's a stylish red knit design with a comfortable black sole. The laces are adjustable for a perfect fit, and the cushioned insole provides excellent support for all-day wear. This shoe is perfect for casual outings and can be easily paired with any outfit.""",5.74,Tesla T4,0.25,4,0,56,False,1.0,True,False
B07VSFKYLX,phi35-vision-4b,image_only_scaffold,"This is a red sneaker with a black sole, featuring a textured pattern on the upper part and lace-up closure. It has a padded collar and tongue for added comfort and support. This shoe is perfect for everyday wear, providing durability and style for both casual and light-sport activities.",5.22,Tesla T4,0.25,4,0,51,False,1.0,True,False
B07SSJML8Y,phi35-vision-4b,image_meta,"""Hello, I'm here to show you The Drop's Nero Jordan mules. These shoes feature a sleek black leather design with a pointed toe and a block heel. They're perfect for adding a touch of elegance to your outfit while providing the support you need for a stylish step. The block heel offers a comfortable yet chic elevation, making them a great choice for both casual and formal occasions.""",6.82,Tesla T4,1.0,3,2,71,False,1.0,True,True
B07SSJML8Y,phi35-vision-4b,image_only,"""Good day! This is a sleek black leather ankle boot, perfect for adding a touch of elegance to any outfit. It features a low heel, making it comfortable for all-day wear. The smooth leather finish is durable and easy to maintain. It's a versatile shoe that can be dressed up or down, suitable for both casual and formal occasions.""",6.18,Tesla T4,0.3333333333333333,3,2,61,False,1.0,True,True
B07SSJML8Y,phi35-vision-4b,image_only_scaffold,This is a black leather ankle boot with a pointed toe and a low heel. It features a smooth finish and a sleek design. This boot is perfect for adding a touch of elegance to any outfit while providing comfort and style.,4.2,Tesla T4,0.3333333333333333,3,2,42,False,1.0,True,True
B07XRGDKPX,phi35-vision-4b,image_meta,"""Hello, I'm here to show you the Flavia Black Fashion Sandals. These are stylish ankle-strap sandals made from high-quality polyurethane. They feature a sleek black color with a contrasting white strap, providing a chic look. The sturdy material ensures durability, making them perfect for everyday wear. The ankle strap offers a secure fit, keeping your feet comfortable throughout the day.""",7.0,Tesla T4,0.75,4,1,63,False,1.0,True,True
B07XRGDKPX,phi35-vision-4b,image_only,"""Hello, I'm here to show you our new sandal design. It's a comfortable flat sandal with a sturdy wooden base and a black and white strap across the top. The strap is adjustable for a secure fit, and the design is simple yet stylish. A practical benefit of this sandal is its durability, making it a great choice for everyday wear.""",6.28,Tesla T4,0.25,4,2,63,False,1.0,True,True
B07XRGDKPX,phi35-vision-4b,image_only_scaffold,"This is a pair of elegant sandals with a combination of black and beige colors. The sandals feature a sturdy wooden base and a black strap that wraps around the foot, providing a secure fit. The practical benefit of these sandals is their comfort and durability, making them suitable for everyday wear and for various outdoor activities.",5.37,Tesla T4,0.25,4,2,57,False,1.0,True,True
B07KRB8HJY,phi35-vision-4b,image_meta,"""Hello, I'm here to show you our Ravenna Home Linen Swatch. It's a beautiful piece of furniture that adds a touch of elegance to any room. The linen fabric is soft to the touch and easy to maintain. One practical benefit is that it's incredibly comfortable, making it perfect for lounging or relaxing. It's a great addition to any home decor.""",6.73,Tesla T4,0.6666666666666666,3,0,65,True,1.0,False,False
B07KRB8HJY,phi35-vision-4b,image_only,"""Good day! This is a high-quality, durable canvas fabric. It's made with tightly woven threads, ensuring a smooth and even texture. The fabric is lightweight, making it ideal for outdoor activities. Its breathability helps keep you cool and comfortable in warm weather. It's also easy to clean, which is perfect for everyday use.""",5.61,Tesla T4,0.0,3,0,56,False,1.0,True,False
B07KRB8HJY,phi35-vision-4b,image_only_scaffold,"This is a high-quality, durable canvas fabric. It features a tight weave and a subtle texture that adds a natural and rustic look to any project. Its durability makes it ideal for outdoor furniture and decor, ensuring that your creations withstand the elements and last for years.",5.2,Tesla T4,0.0,3,0,48,False,1.0,True,False
B07YFGWMQ2,phi35-vision-4b,image_meta,"""Good morning, today we have the Concept 3 by Skechers Beyond Fresh Zapatillas de Moda. These shoes feature a stylish white and silver color combination with a breathable mesh upper for comfort. The key visible feature is the cushioned sole, which provides excellent support and durability for everyday wear. One practical benefit is the adjustable lacing system, allowing for a customized fit to ensure comfort and stability throughout the day.""",6.87,Tesla T4,0.6666666666666666,3,2,70,True,1.0,False,True
B07YFGWMQ2,phi35-vision-4b,image_only,"""Hello, today we have a fantastic sneaker that's perfect for everyday wear. It's a white shoe with a breathable mesh upper, a comfortable white sole, and a sleek metallic logo on the side. The cushioned insole ensures your feet stay comfortable throughout the day. This shoe is not only stylish but also designed for comfort and durability, making it a great choice for any casual occasion.""",7.04,Tesla T4,0.0,3,1,68,False,1.0,True,True
B07YFGWMQ2,phi35-vision-4b,image_only_scaffold,"This is a white sneaker with a breathable mesh upper and a cushioned sole, perfect for everyday wear. The shoe features a sleek design with a metallic silver accent and a comfortable lace-up closure. Its durable construction and supportive design make it ideal for those who need a reliable and stylish option for their daily activities.",5.59,Tesla T4,0.0,3,2,57,False,1.0,True,True
B07NTTVKB5,phi35-vision-4b,image_meta,"""Good morning, I'm here to show you the Eono Essentials Support Tablette. It's a sleek black stand designed to hold your tablet securely in place. One of its key features is the adjustable height, allowing you to customize the viewing angle for comfort. This stand is perfect for watching videos, reading, or even gaming on your tablet. It's compatible with various devices, including the 2018 Pad Mini 2, Pad Pro, and more. The stand's sturdy design ensures your tablet stays in place, making it a practical accessory for any tablet user.""",9.64,Tesla T4,0.6666666666666666,3,1,95,False,1.0,True,True
B07NTTVKB5,phi35-vision-4b,image_only,"""Hello, today we have a sleek and versatile tablet stand that securely holds your tablet at an optimal viewing angle. It features a sturdy base and an adjustable arm, allowing you to customize the angle to your preference. This stand not only enhances your viewing experience but also keeps your tablet stable and protected from accidental drops. It's a great accessory for both work and leisure activities.""",6.96,Tesla T4,0.3333333333333333,3,0,68,False,1.0,True,False
B07NTTVKB5,phi35-vision-4b,image_only_scaffold,"This is a white iPad with a black stand. It has a sleek design and a built-in kickstand for easy viewing angles. The stand allows you to prop up the iPad for hands-free viewing, making it perfect for watching videos, presentations, or browsing the web without having to hold it in your hands.",5.25,Tesla T4,0.3333333333333333,3,2,55,False,1.0,True,True
B07BMQXWX1,phi35-vision-4b,image_meta,"""Hello, today we have a beautiful Stone & Beam Farmhouse Buffalo Check Plaid Decorative Throw Pillow in light grey. It's a 20"" x 20"" pillow with a cover and insert, perfect for adding a touch of rustic charm to your living space. The light grey color complements any room, and the plaid pattern adds a cozy, homey feel. It's a great addition to any couch or chair for extra comfort and style.""",7.83,Tesla T4,1.0,3,0,73,False,1.0,True,False
B07BMQXWX1,phi35-vision-4b,image_only,"""Hello, today we have a beautiful throw pillow that features a classic checkered pattern in soft, neutral tones. The pillow is made of a durable fabric, ensuring it holds its shape and adds a touch of elegance to any room. Its practical benefit is that it's easy to clean, making it a convenient choice for busy households.""",5.36,Tesla T4,0.3333333333333333,3,0,58,False,1.0,True,False
B07BMQXWX1,phi35-vision-4b,image_only_scaffold,"This is a cozy, plush pillow with a classic checkered pattern in shades of beige and gray. It features a soft, comfortable texture and a sturdy construction, making it an ideal choice for any bedroom. The checkered pattern adds a touch of timeless elegance to any space, creating a warm and inviting atmosphere.",5.79,Tesla T4,0.3333333333333333,3,2,53,False,1.0,True,True
B07WTN3XJ1,phi35-vision-4b,image_meta,"""Hello, I'm here to show you the Flavia Women's Clutch in black. This elegant clutch is made of high-quality faux leather, giving it a sleek and sophisticated look. It features a gold-tone ring closure and a detachable chain strap for added convenience. The practical benefit of this clutch is its compact size, making it perfect for carrying essentials on-the-go without taking up too much space in your purse.""",7.26,Tesla T4,0.75,4,1,74,False,1.0,True,True
B07WTN3XJ1,phi35-vision-4b,image_only,"""This is a sleek black clutch bag with a gold-tone ring closure and a detachable chain strap. It's perfect for carrying essentials like your phone, keys, and a small wallet. The sturdy material ensures durability, and the chain strap adds a stylish touch to your outfit.""",5.64,Tesla T4,0.25,4,1,48,False,1.0,True,True
B07WTN3XJ1,phi35-vision-4b,image_only_scaffold,This is a sleek black clutch bag with a gold-tone ring closure and a matching chain strap. It features a large circular tag for easy access to your keys and a small circular pocket for additional storage. This bag is perfect for carrying your essentials while adding a touch of elegance to your outfit.,4.92,Tesla T4,0.25,4,1,55,False,1.0,True,True
B07XKMKM98,phi35-vision-4b,image_meta,"""Good day! This is the Amazon Brand - Solimo Fabric Foldable Laundry Organiser in a sleek grey color. It's made of fabric, so it's soft and gentle on your clothes. The organiser features a large main compartment and a smaller one on the side, perfect for keeping your laundry sorted. It's 58 cm tall, making it easy to store on your shelf or in your closet. The fabric material ensures that it's easy to clean and maintain. This organiser is a practical addition to any home, helping you keep your laundry in order.""",9.29,Tesla T4,1.0,4,0,96,False,1.0,True,False
B07XKMKM98,phi35-vision-4b,image_only,"""Good day! This is a high-quality, durable storage container. It's 58 cm tall, perfect for keeping your items organized. The lid is secure, and the handle makes it easy to carry. One practical benefit is that it helps to keep your belongings safe and in order, making it a great addition to any home or office.""",5.3,Tesla T4,0.25,4,0,58,True,1.0,False,False
B07XKMKM98,phi35-vision-4b,image_only_scaffold,"This is a large, grey storage container with a handle on the top for easy carrying. It has a green label with the word ""renewed"" on it, indicating that it has been refurbished. This container is perfect for organizing and storing items in a compact and efficient space.",4.9,Tesla T4,0.25,4,1,48,False,1.0,True,True
B084GPTW1K,phi35-vision-4b,image_meta,"""Good morning! Today, I'd like to show you a pair of men's formal shoes that are perfect for business or special occasions. These are Amazon Brand - Symbol Men's Brown Synthetic Formal Shoes. They feature a sleek boat style with a smooth brown leather finish. The synthetic material ensures durability and easy maintenance. One practical benefit is that they offer a comfortable fit and are easy to clean, making them a great choice for everyday wear.""",7.1,Tesla T4,1.0,4,1,78,True,1.0,False,True
B084GPTW1K,phi35-vision-4b,image_only,"""Good day! This is a classic black leather dress shoe, featuring a smooth finish and a sturdy sole. It's designed with a low heel and a lace-up closure for a secure fit. The leather material ensures durability and adds a touch of elegance to any outfit. It's perfect for both formal and casual occasions, providing comfort and style.""",6.45,Tesla T4,0.0,4,2,61,False,1.0,True,True
B084GPTW1K,phi35-vision-4b,image_only_scaffold,"This is a classic black leather dress shoe with a low heel and a lace-up front. It features a round toe and a low vamp, giving it a sleek and stylish appearance. The practical benefit of this shoe is its comfort and durability, making it a great choice for everyday wear.",5.04,Tesla T4,0.0,4,2,52,False,1.0,True,True
B0812CRMT2,phi35-vision-4b,image_meta,"""Hello, today we have a stylish pair of find. Mokassin Boots in a vibrant Arancione Dark Orange. These boots feature a classic design with fringe detailing, providing a unique and fashionable look. The practical benefit of these boots is their comfortable and supportive design, making them perfect for everyday wear. They are made with high-quality materials, ensuring durability and comfort. Whether you're heading to work or running errands, these boots are a great choice for a versatile and chic addition to your wardrobe.""",8.88,Tesla T4,0.6666666666666666,3,0,85,False,1.0,True,False
B0812CRMT2,phi35-vision-4b,image_only,"""Hello, I'm here to show you our newest shoe model. It's a stylish red loafer with a white sole, perfect for adding a touch of elegance to any outfit. The shoe features a durable canvas upper, a comfortable insole, and a sturdy rubber outsole for all-day wear. Its low heel makes it easy to walk in, making it ideal for both casual and semi-formal occasions.""",6.93,Tesla T4,0.0,3,3,69,False,1.0,True,True
B0812CRMT2,phi35-vision-4b,image_only_scaffold,"This is a red suede shoe with a white sole, featuring a lace-up closure and a low heel. The shoe appears to be made of a soft, comfortable material, perfect for everyday wear. The low heel provides added comfort and support, making it a great choice for those who want to enjoy the benefits of a stylish shoe without sacrificing comfort.",6.07,Tesla T4,0.0,3,2,62,False,1.0,True,True
B07QR3YYVD,phi35-vision-4b,image_meta,"""Good morning! Today, I'd like to show you the AmazonBasics iPad Pro 2017 Smart Case Auto Wake/Sleep Cover in navy. This case is designed to protect your iPad while also keeping it charged. The auto wake feature allows you to quickly access your iPad with a simple tap. It's a convenient and practical accessory for your iPad, ensuring it's always ready for use.""",6.84,Tesla T4,1.0,3,0,67,False,1.0,True,False
B07QR3YYVD,phi35-vision-4b,image_only,"""Good day! This is the Amazon Fire HD 8 tablet, a compact and portable device perfect for on-the-go entertainment and productivity. It features a vibrant display, long battery life, and a user-friendly interface. One practical benefit is its ability to stream your favorite shows and movies directly from Amazon Prime Video, making it a great companion for your daily commute.""",6.28,Tesla T4,0.0,3,0,63,True,1.0,False,False
B07QR3YYVD,phi35-vision-4b,image_only_scaffold,"This is the Amazon Kindle Paperwhite, a sleek and portable e-reader with a built-in light for reading in any lighting condition. It features a high-resolution touchscreen display and a stylus for easy note-taking and navigation. With its long battery life, you can enjoy hours of reading without needing to recharge.",5.51,Tesla T4,0.0,3,0,54,False,1.0,True,False
B07M9CM11L,phi35-vision-4b,image_meta,"""Hello, today we have a beautiful AmazonBasics Clear Acrylic Ball Finial that comes in a shiny nickel finish. It's designed to complement any curtain rod, and it's available in lengths from 36 to 72 inches. The clear acrylic ball adds a touch of elegance to your home decor, while the double rod provides extra support for your curtains. It's a practical addition to any room, ensuring your curtains stay in place and look their best.""",7.84,Tesla T4,1.0,4,0,78,False,0.9863013698630136,True,False
B07M9CM11L,phi35-vision-4b,image_only,"""Good day! These are our new LED ceiling lights. They come in a sleek, modern design with a clear glass dome that allows for even light distribution. The silver metal base ensures stability and ease of installation. A practical benefit of these lights is their energy efficiency, which can help reduce your electricity bills while providing a warm and inviting atmosphere in your home.""",5.76,Tesla T4,0.25,4,3,64,False,1.0,True,True
B07M9CM11L,phi35-vision-4b,image_only_scaffold,"These are modern, spherical wall sconces with a sleek, contemporary design. They feature a clear glass shade and a silver metal frame, giving them a polished and elegant look. The practical benefit of these sconces is that they provide focused lighting, perfect for accentuating artwork or creating a cozy atmosphere in any room.",5.53,Tesla T4,0.25,4,3,53,False,1.0,True,True
B07YV667X7,phi35-vision-4b,image_meta,"""Hello, today we have a stylish pair of sneakers that are perfect for casual wear. These are high-top canvas sneakers with a collo alto design, featuring a washed blue color. The key features include a comfortable canvas material, a collo alto design for added height, and a white rubber sole for durability. One practical benefit of these sneakers is that they provide extra ankle support, making them ideal for everyday activities.""",7.08,Tesla T4,0.3333333333333333,3,2,72,True,0.9855072463768116,False,True
B07YV667X7,phi35-vision-4b,image_only,"""Hello, today we have a stylish pair of light blue high-top sneakers. These sneakers feature a comfortable white sole, a breathable mesh upper, and a sturdy rubber outsole for durability. The high-top design provides ankle support, making them ideal for everyday wear or casual outings. They're perfect for those who want to add a touch of style to their footwear while ensuring comfort and support.""",6.99,Tesla T4,0.3333333333333333,3,2,68,False,1.0,True,True
B07YV667X7,phi35-vision-4b,image_only_scaffold,"These are light blue high-top sneakers with white soles, featuring a lace-up closure and a padded collar for comfort. The shoes are designed with a casual style, perfect for everyday wear. The padded collar provides extra support and cushioning, making them ideal for those who spend a lot of time on their feet.",5.76,Tesla T4,0.6666666666666666,3,1,55,False,1.0,True,True
B07TNS38P7,phi35-vision-4b,image_meta,"""Good morning, today we have a stylish pair of black running shoes from Amazon Brand - Symactive. These shoes feature a mesh material for breathability and comfort. The key visible features include a white sole for durability and a sleek black upper. One practical benefit of these shoes is their supportive design, which is ideal for running and provides excellent grip on various surfaces.""",5.97,Tesla T4,1.0,4,1,63,True,1.0,False,True
B07TNS38P7,phi35-vision-4b,image_only,"""Hello, today we have a fantastic sneaker that's perfect for everyday wear. It's a black sneaker with a breathable mesh upper, a durable rubber sole, and a comfortable insole. The vibrant blue accent adds a pop of color, making it stand out. One practical benefit is its supportive design, which provides excellent cushioning and stability for your feet, making it ideal for both walking and light running.""",7.18,Tesla T4,0.5,4,2,69,True,1.0,False,True
B07TNS38P7,phi35-vision-4b,image_only_scaffold,"This is a black and blue sneaker with a white sole, designed for comfort and style. It features a breathable mesh upper and a cushioned midsole for enhanced support. The practical benefit for the customer is that it provides excellent grip and durability for everyday wear.",4.55,Tesla T4,0.5,4,2,46,False,1.0,True,True
B07QSYXM6P,phi35-vision-4b,image_meta,"""Hello, this is a navy blue AmazonBasics Business Laptop Case designed for 17-inch laptops. It features a durable fabric exterior with reinforced shoulder straps for secure carrying. The front zipper pocket is perfect for organizing your essentials. This case offers protection against bumps and scrapes, making it ideal for both work and travel.""",5.81,Tesla T4,0.6666666666666666,3,1,54,False,1.0,True,True
B07QSYXM6P,phi35-vision-4b,image_only,"""This is a professional-grade, navy blue duffel bag with a sturdy shoulder strap and a front pocket. It's perfect for travel or work, providing ample space for essentials while keeping your belongings secure and organized. The durable material ensures it can withstand the rigors of daily use.""",5.39,Tesla T4,0.3333333333333333,3,1,49,False,1.0,True,True
B07QSYXM6P,phi35-vision-4b,image_only_scaffold,This is a blue duffel bag with black straps and a shoulder strap. It features a front zipper pocket and a top handle for easy carrying. This bag is perfect for traveling or as a versatile storage solution for your home or office.,4.2,Tesla T4,0.0,3,2,43,False,1.0,True,True
B07YFH33TL,phi35-vision-4b,image_meta,"""Hello, today we have the Concept 3 by Skechers Men's Arizin Lace-up Sneaker in black. This sneaker features a durable mesh upper for breathability, a cushioned midsole for comfort, and a responsive outsole for a stable grip. It's perfect for everyday wear and offers a stylish look.""",6.35,Tesla T4,0.6666666666666666,3,0,50,False,1.0,True,False
B07YFH33TL,phi35-vision-4b,image_only,"""Hello, today we have a fantastic running shoe that's perfect for both beginners and seasoned runners. This shoe features a breathable mesh upper for comfort, a cushioned midsole for impact absorption, and a durable outsole for grip. One practical benefit is its adjustable lacing system, which allows for a customized fit to ensure your feet stay secure during your runs.""",6.14,Tesla T4,0.0,3,0,61,True,1.0,False,False
B07YFH33TL,phi35-vision-4b,image_only_scaffold,"This is a black running shoe with a cushioned sole and a breathable mesh upper. It features a padded collar and tongue for comfort, and a durable rubber outsole for traction. The shoe's design and materials make it ideal for running and other athletic activities, providing support and comfort during physical exertion.",5.8,Tesla T4,0.3333333333333333,3,1,53,False,1.0,True,True
B07NPT3P1W,phi35-vision-4b,image_meta,"""Hello, I'm here to show you the Amazon Essentials Women's May Loafer Flat in a tan color. This flat has a sleek design with a pointed toe and a low heel, making it a stylish choice for a variety of occasions. The tan color is versatile and complements many outfits. One practical benefit of this shoe is its comfort, as the flat design provides a more relaxed fit compared to high heels.""",6.6,Tesla T4,0.6666666666666666,3,0,74,True,1.0,False,False
B07NPT3P1W,phi35-vision-4b,image_only,"""Hello, I'm here to show you our newest addition to our shoe collection, the elegant Brown Leather Flats. These shoes feature a smooth, polished leather finish and a classic pointed toe design. They are perfect for adding a touch of sophistication to any outfit. One practical benefit is their comfort; they have a cushioned insole that provides excellent support for all-day wear. They are also easy to clean and maintain, making them a great choice for busy lifestyles.""",7.66,Tesla T4,0.3333333333333333,3,2,80,True,1.0,False,True
B07NPT3P1W,phi35-vision-4b,image_only_scaffold,"This is a classic brown leather ballet flat, designed for comfort and style. It features a rounded toe and a low heel, making it perfect for everyday wear. The soft leather material ensures durability and adds a touch of elegance to any outfit.",4.12,Tesla T4,0.0,3,2,43,False,1.0,True,True
B07N27ZPVJ,phi35-vision-4b,image_meta,"""Hello, I'm here to show you our new Arland Driver Loafer. It's a stylish black suede shoe, perfect for a casual yet polished look. The suede material gives it a soft touch, and the loafer style adds a touch of sophistication. One practical benefit is its comfort; the wide toe box and cushioned insole make it great for all-day wear.""",6.86,Tesla T4,0.3333333333333333,3,0,63,True,1.0,False,False
B07N27ZPVJ,phi35-vision-4b,image_only,"""Hello, I'm here to show you our newest loafer. It's a classic black loafer with a brown sole, featuring a sturdy rubber outsole for durability. The leather upper is smooth and comfortable, with a double strap for a secure fit. This loafer is perfect for both casual and business casual occasions, offering a stylish and comfortable option for your everyday wear.""",6.5,Tesla T4,0.3333333333333333,3,3,63,False,1.0,True,True
B07N27ZPVJ,phi35-vision-4b,image_only_scaffold,"This is a black loafer with a brown sole, featuring a double monk strap and a low heel. The strap is adjustable and the shoe appears to be made of a suede-like material. This loafer is perfect for adding a touch of elegance to any outfit while providing comfort and style.",5.55,Tesla T4,0.3333333333333333,3,1,52,False,1.0,True,True
B07KR64TBW,phi35-vision-4b,image_meta,"""Hello, I'm here to show you our UMI by Amazon Plain Chenille Cushion Covers. These are soft, decorative throw pillow cases in a dark grey color. Each cover is 40x40 cm, making them perfect for adding a touch of elegance to your home decor. They're made of fabric, so they're both comfortable and durable. Plus, they come in a set of four, so you can easily match them with your existing pillows.""",7.32,Tesla T4,1.0,4,0,75,False,1.0,True,False
B07KR64TBW,phi35-vision-4b,image_only,"""Hello, today we have a set of four high-quality, plush pillows in a soothing grey color. These pillows are designed with a textured fabric that provides both comfort and durability. The thick cushioning ensures they are perfect for supporting your head and neck while you sleep or relax. They are also easy to clean, making them a practical choice for any bedroom.""",6.28,Tesla T4,0.5,4,0,63,False,1.0,True,False
B07KR64TBW,phi35-vision-4b,image_only_scaffold,"These are four square throw pillows in a muted grey color. They feature a subtle texture that adds a touch of sophistication to any room. The pillows are made from high-quality, durable fabric, ensuring they can withstand regular use and maintain their appearance over time.",4.67,Tesla T4,0.5,4,0,46,False,1.0,True,False
B07TJ1DMQ6,phi35-vision-4b,image_meta,"""Good day! This is a pair of chocolate brown Alto loafers from the brand find. These loafers feature a classic design with a low heel and a rounded toe, making them comfortable for all-day wear. The brown chocolate brown color is both stylish and versatile, perfect for pairing with a variety of outfits. One practical benefit of these loafers is their durability, ensuring they can withstand daily wear and tear. They are a great addition to any wardrobe for both casual and semi-formal occasions.""",8.89,Tesla T4,0.6666666666666666,3,0,86,True,1.0,False,False
B07TJ1DMQ6,phi35-vision-4b,image_only,"""Good day! This is a classic brown loafer, perfect for a polished look. It features a smooth leather upper with a soft lining for comfort. The sturdy sole ensures durability, making it ideal for everyday wear. Its sleek design and comfortable fit make it a great choice for both casual and formal occasions.""",5.28,Tesla T4,0.3333333333333333,3,1,53,False,1.0,True,True
B07TJ1DMQ6,phi35-vision-4b,image_only_scaffold,This is a brown suede loafer with a low heel and a rounded toe. It features a smooth leather lining and a sturdy sole for added comfort. This loafer is perfect for adding a touch of elegance to any outfit while providing a comfortable and stylish option for everyday wear.,5.39,Tesla T4,0.3333333333333333,3,1,50,False,1.0,True,True
B07WH3VKGH,phi35-vision-4b,image_meta,"""Hello, I'm here to show you our Amazon Brand - Symbol D.Grey Oxford shoes. These are made of high-quality synthetic leather, offering a durable and stylish option for formal occasions. The D.Grey color is classic and versatile, perfect for business meetings or special events. The Oxford design provides a sleek and polished look, ensuring you stand out in a crowd. These shoes are designed to be comfortable and easy to maintain, making them a practical choice for everyday wear.""",7.46,Tesla T4,1.0,4,1,82,False,1.0,True,True
B07WH3VKGH,phi35-vision-4b,image_only,"""Hello, I'm here to show you our new leather dress shoes. They feature a classic brown color with a smooth finish and a sturdy sole. The laces are easy to tie, and the shoes have a sleek design that's perfect for a professional look. One practical benefit is their durability, which means they're built to last and maintain their shape over time.""",6.11,Tesla T4,0.25,4,2,65,True,1.0,False,True
B07WH3VKGH,phi35-vision-4b,image_only_scaffold,"This is a classic brown leather dress shoe with a lace-up front and a low heel. It features a smooth finish and a rounded toe, making it a versatile choice for both business and casual settings. The sturdy construction and comfortable fit provide durability and support throughout the day.",4.53,Tesla T4,0.0,4,2,50,False,1.0,True,True
B07JKJKDLD,phi35-vision-4b,image_meta,"""Hello, this is a Stone & Beam Industrial Leather Detail Throw Pillow. It's a cozy, 24 x 12-inch pillow with a natural flax fabric and dark brown leather accents. It's perfect for adding a touch of industrial chic to your living space. The leather detailing not only enhances its aesthetic appeal but also provides extra support and comfort for your back.""",7.29,Tesla T4,1.0,3,0,63,False,1.0,True,False
B07JKJKDLD,phi35-vision-4b,image_only,"""This is a versatile, lightweight, and durable pillow, perfect for adding comfort to any room. It features a simple yet elegant design with two brown leather accents on the top corners. The pillow's breathable fabric ensures it stays cool and fresh, making it ideal for all seasons. Its sturdy construction provides excellent support, enhancing your sleep quality and overall well-being.""",6.26,Tesla T4,0.6666666666666666,3,0,62,False,1.0,True,False
B07JKJKDLD,phi35-vision-4b,image_only_scaffold,"This is a beige-colored cushion with brown leather accents on the corners. It features a simple, elegant design with a textured fabric that adds a touch of sophistication to any room. The leather accents not only enhance the cushion's aesthetic appeal but also provide extra durability and comfort for everyday use.",6.11,Tesla T4,0.3333333333333333,3,1,53,False,1.0,True,True
B07ZT9XVNH,phi35-vision-4b,image_meta,"""Welcome to our UMI drinking cup set, featuring six elegant glasses perfect for enjoying your favorite beverages. Each cup is made of clear glass, allowing you to appreciate the color of your drink. The transparency of the glasses also makes them a great choice for serving both beer and water, as you can easily see the contents. Plus, they're designed to keep your drinks at the perfect temperature, so you can enjoy a refreshing drink anytime.""",7.18,Tesla T4,0.5,4,1,77,False,1.0,True,True
B07ZT9XVNH,phi35-vision-4b,image_only,"""Hello, I'm here to show you our 6-pack of beer glasses. These glasses are designed to enhance your beer drinking experience. They come in different colors, and each glass has a unique shape that helps to preserve the beer's temperature and aroma. A practical benefit is that they are easy to clean and store, making them a convenient choice for any beer enthusiast.""",6.68,Tesla T4,0.25,4,1,66,False,1.0,True,True
B07ZT9XVNH,phi35-vision-4b,image_only_scaffold,"This is a set of six beer glasses, each showcasing a different type of beer, from pale to dark. The glasses are designed to enhance the drinking experience by allowing you to appreciate the color and clarity of each beer. This set is perfect for beer enthusiasts who want to explore and enjoy a variety of beer styles in a sophisticated and elegant way.",6.14,Tesla T4,0.25,4,0,64,False,1.0,True,False
B07CJJT5QX,phi35-vision-4b,image_meta,"""Hello, I'm here to show you our AmazonBasics Fade Resistant Towel Set. These are 10 red, 500gsm towels that are perfect for your home and bath. They are made to resist fading, so you can enjoy their vibrant color for a long time. They're great for everyday use and are easy to care for. Let me know if you have any questions!""",7.05,Tesla T4,1.0,3,0,64,False,1.0,True,False
B07CJJT5QX,phi35-vision-4b,image_only,"""Hello, I'm here to show you our new line of microfiber towels. These towels are made from high-quality microfiber, which means they're super absorbent and quick-drying. They're perfect for kitchen use, as they can handle spills and stains with ease. Plus, they're durable and come in a beautiful red color that adds a pop of color to any space.""",6.73,Tesla T4,0.6666666666666666,3,0,65,False,1.0,True,False
B07CJJT5QX,phi35-vision-4b,image_only_scaffold,"These are neatly folded red towels, perfect for keeping your bathroom or kitchen surfaces clean and dry. The towels are made from a soft, absorbent material, ensuring they are gentle on your skin while providing excellent drying capabilities. Their vibrant red color adds a touch of elegance to any space, making them a stylish addition to your home.",5.96,Tesla T4,0.6666666666666666,3,0,58,False,1.0,True,False
B07VHNMRY8,phi35-vision-4b,image_meta,"""Hello, this is a Movian 2-Door 1-Shelf TV Stand. It's a stylish storage cabinet with a white and oak effect finish. It has two doors for easy access to your items and one shelf for additional storage. The stand is made of particle board and has black metal legs for stability. It's perfect for organizing your living room essentials.""",6.07,Tesla T4,0.75,4,0,63,False,1.0,True,False
B07VHNMRY8,phi35-vision-4b,image_only,"""This is a modern, minimalist sideboard with a sleek design. It features a light wood finish and has two doors, one of which is open to reveal two shelves. The other door is closed, providing additional storage space. The sideboard stands on four sturdy legs, ensuring stability. A practical benefit of this sideboard is its versatility; it can be used to display decorative items or store everyday essentials, making it a functional and stylish addition to any room.""",7.61,Tesla T4,0.5,4,1,78,False,1.0,True,True
B07VHNMRY8,phi35-vision-4b,image_only_scaffold,"This is a modern, minimalist wooden cabinet with two doors and two shelves. It features a sleek design with a light wood finish and black metal legs. This cabinet is perfect for organizing and displaying items in a stylish and functional way.",4.06,Tesla T4,0.5,4,2,42,False,1.0,True,True
B07RSYFX4L,phi35-vision-4b,image_meta,"""Hello, I'm here to show you our new Amazon Brand find. Men's Moccasins in Brown Casual Tan. These are made for comfort and style, featuring a smooth leather upper and a cushioned sole. They're perfect for a relaxed yet polished look, and the soft leather ensures they're comfortable to wear all day.""",6.07,Tesla T4,0.6666666666666666,3,1,56,False,1.0,True,True
B07RSYFX4L,phi35-vision-4b,image_only,"""Good day! This is a classic brown leather loafer with a cork sole, perfect for a polished look. The leather is durable and has a smooth finish, and the cork sole provides excellent comfort for all-day wear. It's a versatile shoe that can be dressed up or down, making it a great addition to any wardrobe.""",5.78,Tesla T4,0.3333333333333333,3,1,58,False,1.0,True,True
B07RSYFX4L,phi35-vision-4b,image_only_scaffold,"This is a brown leather shoe with a low heel and a rounded toe. It features a sturdy sole and a lace-up closure. This shoe is perfect for a casual, comfortable look that can be dressed up or down.",4.58,Tesla T4,0.3333333333333333,3,1,40,False,1.0,True,True
B001E0V4HI,phi35-vision-4b,image_meta,"""Hello, I'm here to show you our Pinzon Hemstitch 400-Thread-Count Egyptian Cotton Sateen Full/Queen Duvet Set in Eggshell color. This set features a luxurious Egyptian cotton sateen fabric with a beautiful hemstitch detailing, ensuring a soft and comfortable sleep. The high thread count of 400 guarantees durability and a smooth texture, making it an excellent choice for enhancing your bedding's comfort and appearance.""",7.82,Tesla T4,0.75,4,0,68,False,0.9836065573770492,True,False
B001E0V4HI,phi35-vision-4b,image_only,"""Good morning! This is a high-quality, luxurious white duvet cover that's perfect for your bed. It's made from soft, breathable fabric, ensuring you stay cool and comfortable all night. The cover features a smooth texture and a subtle sheen, giving it a sophisticated look. Plus, it's easy to care for, making it a practical choice for everyday use. It's a great addition to any bedroom, enhancing both comfort and style.""",7.79,Tesla T4,0.0,4,1,75,False,1.0,True,True
B001E0V4HI,phi35-vision-4b,image_only_scaffold,"This is a luxurious king-sized bed with a plush white comforter and matching pillows. The bed frame is made of dark wood, giving it a classic and elegant look. The practical benefit of this bed is its spacious size, providing ample room for a comfortable and restful sleep.",4.93,Tesla T4,0.0,4,2,49,False,1.0,True,True
B083SDZRMC,phi35-vision-4b,image_meta,"""Hello, today we have the Amazon Essentials Honor Fashion-Sneakers in a beautiful shade of grey. These sneakers are designed for toddlers, featuring a comfortable, breathable fabric and a sturdy sole for those little feet. The velcro straps make it easy for your child to put them on and take them off. A practical benefit of these sneakers is their durability, ensuring they can withstand the wear and tear of active playtime.""",7.5,Tesla T4,0.3333333333333333,3,1,72,False,1.0,True,True
B083SDZRMC,phi35-vision-4b,image_only,"""Hello, today we have a stylish and comfortable shoe that's perfect for everyday wear. This is a grey sneaker with a sturdy sole, adjustable straps, and a breathable mesh upper. The padded collar ensures comfort, making it ideal for long days on your feet. It's designed to provide support and style, so you can look good while keeping your feet happy.""",6.3,Tesla T4,0.0,3,1,63,False,1.0,True,True
B083SDZRMC,phi35-vision-4b,image_only_scaffold,"This is a casual, comfortable sneaker with a sturdy sole and a velcro strap for easy on and off. It features a textured upper for breathability and a padded collar for added comfort. The practical benefit for the customer is that it provides support and protection for everyday wear while being stylish and easy to maintain.",5.57,Tesla T4,0.0,3,0,56,False,1.0,True,False
B07SKTX4F1,phi35-vision-4b,image_meta,"""Hello, I'm here to show you the Waterdrop Waterdrop WD-PT-04B Chubby 10-Cup Water Filter Pitcher. This blue, BPA-free jug is designed to filter up to 200 gallons of water, providing you with 5 times the lifetime filtration of a standard jug. It effectively reduces lead, fluoride, and chlorine, ensuring your water is clean and safe to drink. It's a practical choice for anyone looking to improve their water quality at home.""",8.47,Tesla T4,1.0,3,0,77,False,1.0,True,False
B07SKTX4F1,phi35-vision-4b,image_only,"""Hello, I'm here to show you our new water filter pitcher. It's designed to make your water taste great and keep it safe to drink. The top part is where you can fill it up, and the bottom part has a filter to clean the water. Plus, it's easy to use with this handle for pouring. A practical benefit is that it helps reduce the need for buying bottled water, saving you money and reducing plastic waste.""",6.81,Tesla T4,0.0,3,1,80,False,1.0,True,True
B07SKTX4F1,phi35-vision-4b,image_only_scaffold,"This is a manual coffee grinder with a transparent design, featuring a wooden handle for easy operation. It has a clear water reservoir at the bottom and a removable container for the ground coffee. The practical benefit for the customer is that it allows for precise control over the grind size, ensuring a consistent and customizable coffee experience.",5.52,Tesla T4,0.0,3,1,58,False,1.0,True,True
B085FJV33J,phi35-vision-4b,image_meta,"""Hello, I'm here to show you the Ravenna Home Viewridge Upholstered Rocking Recliner Chair. It's a comfortable transitional style chair with a swivel base, allowing you to turn 360 degrees. The rocking feature is perfect for soothing your baby to sleep. It's made of high-quality materials and comes in a beautiful khaki brown color. This chair is designed to provide both comfort and functionality for your home.""",7.09,Tesla T4,1.0,3,0,71,False,1.0,True,False
B085FJV33J,phi35-vision-4b,image_only,"""Hello, this is the Ultimate Comfort Recliner. It's designed for ultimate relaxation with its adjustable reclining feature, allowing you to find your perfect lounging angle. The cushioning is made from high-quality leather, ensuring durability and comfort. A practical benefit is its ergonomic design, which supports your back and helps alleviate pressure points, making it ideal for long periods of sitting.""",7.11,Tesla T4,0.0,3,1,62,False,1.0,True,True
B085FJV33J,phi35-vision-4b,image_only_scaffold,"This is a comfortable recliner chair with a high back and armrests. It features a soft, leather-like material and a remote control for easy adjustments. This chair is perfect for relaxing and watching TV, providing a comfortable and convenient seating option for your home.",4.43,Tesla T4,0.6666666666666666,3,1,45,False,1.0,True,True
B075X4F5C3,phi35-vision-4b,image_meta,"""Hello, I'm here to show you the Amazon Brand Rivet Lawson Modern Angled Ottoman. It's a stylish piece with a rustic design, featuring a blackwood finish that's both elegant and durable. Made from high-quality nylon, it's lightweight yet sturdy, perfect for adding a touch of sophistication to your living space. The angled design provides extra support and comfort, making it ideal for those who spend a lot of time sitting. It's a versatile addition to any room, whether you're looking to enhance your home office or create a cozy reading nook.""",9.65,Tesla T4,0.75,4,0,98,False,1.0,True,False
B075X4F5C3,phi35-vision-4b,image_only,"""This is a tufted ottoman with a textured fabric cover and wooden legs. It's designed to provide a comfortable seating option that can also serve as a footrest. The tufting on the top adds a stylish touch and the fabric is durable, making it a great addition to any living space.""",4.98,Tesla T4,0.0,4,1,52,False,1.0,True,True
B075X4F5C3,phi35-vision-4b,image_only_scaffold,"This is a tufted ottoman with a textured fabric cover and wooden legs. It features a soft, comfortable cushion on top and a sturdy base for added support. This ottoman is perfect for adding extra seating or storage in any room, providing both comfort and functionality.",4.99,Tesla T4,0.0,4,1,46,False,1.0,True,True
B081T82W9Q,phi35-vision-4b,image_meta,"""Hello, I'm here to show you the Flavia Maroon Ballet Flats. These flats feature a vibrant maroon color with a textured pattern for added style. They have a low heel, which makes them comfortable for all-day wear. The flats are designed with a sturdy sole for better support. A practical benefit of these flats is their versatility; they can be worn with both dresses and skirts, making them a great choice for various occasions.""",7.21,Tesla T4,0.6666666666666666,3,0,76,False,1.0,True,False
B081T82W9Q,phi35-vision-4b,image_only,"""Hello, I'm here to show you our latest addition to our collection, the 'Elegant Flats'. These shoes feature a vibrant red color with a perforated design that allows for breathability. The flat design provides comfort and support, making them perfect for everyday wear. They are made from high-quality materials that ensure durability and style. The flats are also easy to slip on and off, which is convenient for busy days. They come in a variety of sizes to fit all feet comfortably.""",7.74,Tesla T4,0.3333333333333333,3,1,84,False,1.0,True,True
B081T82W9Q,phi35-vision-4b,image_only_scaffold,This is a red flat shoe with a perforated design and a white sole. The shoe features a low heel and a rounded toe. This shoe is perfect for adding a stylish and comfortable touch to any outfit.,3.63,Tesla T4,0.0,3,2,38,False,1.0,True,True
B07YV7KJMM,phi35-vision-4b,image_meta,"""Good morning! Today, I'd like to show you our Women's Soft Leather Loafer in a beautiful Pink Winsome Orchid color. This loafer features a classic design with a soft leather upper and a comfortable, cushioned insole. The pink color adds a touch of elegance and style to your outfit. One practical benefit of this loafer is its adjustable strap, which ensures a secure and comfortable fit for all-day wear.""",7.6,Tesla T4,0.3333333333333333,3,0,72,True,1.0,False,False
B07YV7KJMM,phi35-vision-4b,image_only,"""Hello, I'm here to show you our newest addition to our shoe collection, the 'ComfortFit' sneaker. This sneaker features a soft suede exterior in a lovely pastel pink color, a comfortable cushioned insole, and a sturdy wooden heel. The key feature to note is the adjustable ankle strap, which ensures a secure fit for all foot types. This sneaker is perfect for those who want style and comfort combined in their everyday wear.""",7.59,Tesla T4,0.3333333333333333,3,1,74,False,1.0,True,True
B07YV7KJMM,phi35-vision-4b,image_only_scaffold,This is a pair of light pink suede ankle boots with a bow detail on the side. The boots have a wooden heel and a strap across the top of the foot for a secure fit. These boots are perfect for adding a touch of elegance to any outfit while providing comfort and support.,5.18,Tesla T4,0.3333333333333333,3,1,54,False,1.0,True,True
B084TBHLMR,phi35-vision-4b,image_meta,"""Good morning! Today, I'd like to show you the Fusefit Women's Isabella Lt Grey Running Shoes. These shoes are designed for comfort and performance, featuring a breathable mesh upper and a cushioned sole for a smooth run. The light grey color is both stylish and practical, providing excellent visibility on the road. The key benefit of these shoes is their supportive design, which helps to prevent injuries and enhance your running experience.""",6.97,Tesla T4,1.0,3,0,74,False,1.0,True,False
B084TBHLMR,phi35-vision-4b,image_only,"""Hello, I'm here to show you our latest sneaker. It's a stylish, comfortable, and versatile shoe with a breathable mesh upper, a cushioned sole, and a sleek design. The bright orange accent adds a pop of color, making it perfect for any outfit. Its durable construction ensures it can handle everyday wear and tear, making it a great choice for both casual and athletic activities.""",7.17,Tesla T4,0.0,3,1,67,False,1.0,True,True
B084TBHLMR,phi35-vision-4b,image_only_scaffold,"This is a stylish sneaker with a mesh upper and a white sole. It features a distinctive orange accent on the tongue and a comfortable, cushioned insole. The breathable mesh material makes it perfect for everyday wear, providing comfort and support for all-day activities.",4.67,Tesla T4,0.0,3,2,45,False,1.0,True,True
B07KRZRNV3,phi35-vision-4b,image_meta,"""Good morning! Today, I'd like to show you our UMI. Essentials 2 Pièces Housse de Coussin Maison Chambre. It's a beautiful blue cushion that adds a touch of elegance to any room. The cushion is 40x40cm, perfect for comfort and style. It also comes with a matching throw, making it a great addition to your home decor. One practical benefit is that it's easy to clean and maintain, ensuring it stays fresh and inviting for years to come.""",8.53,Tesla T4,0.6666666666666666,3,1,82,True,1.0,False,True
B07KRZRNV3,phi35-vision-4b,image_only,"""Good day! This is a cozy, knitted throw blanket, perfect for adding warmth and comfort to your living space. It's made from soft, plush yarn, and features a classic beige color with a subtle texture. The throw is easy to drape over a couch or chair, making it a versatile addition to any room. Its durable construction ensures it can withstand regular use, providing both style and practicality.""",7.11,Tesla T4,0.0,3,1,69,False,1.0,True,True
B07KRZRNV3,phi35-vision-4b,image_only_scaffold,"This is a cozy knitted throw blanket, perfect for adding warmth and comfort to your living space. It features a soft, textured knit in a neutral beige color, and it's made from high-quality, eco-friendly materials. This blanket is not only stylish but also provides excellent insulation, making it a great choice for colder months.",5.82,Tesla T4,0.0,3,1,57,False,1.0,True,True
B089QK71LM,phi35-vision-4b,image_meta,"""Good day! This is the Eono(イオーノ)キャンプ, a versatile air pillow designed for comfort in various settings. It's perfect for travel, whether you're flying, staying in a hotel, or working from home. Its vibrant orange color makes it stand out, and its soft, cushioned surface provides excellent support for your head and neck. It's a must-have for anyone looking to enhance their sleep or relaxation experience.""",7.68,Tesla T4,0.6666666666666666,3,1,69,False,1.0,True,True
B089QK71LM,phi35-vision-4b,image_only,"""Hello, today we have a fantastic product to show you. It's a portable, inflatable cushion, perfect for travel or outdoor activities. The cushion features a smooth, orange surface with a black border, and it's designed to be compact and easy to carry. One of the key benefits is its comfort; it provides excellent support and cushioning, making it ideal for sitting on hard surfaces or as a travel pillow. It's lightweight, durable, and easy to inflate, making it a versatile addition to any bag or backpack.""",8.42,Tesla T4,0.0,3,2,89,False,0.9880952380952381,True,True
B089QK71LM,phi35-vision-4b,image_only_scaffold,"This is a high-quality, portable air mattress designed for comfort and convenience. It features a soft, contoured surface and a durable, easy-to-clean material. This mattress is perfect for camping trips, hotel stays, or as a temporary sleeping solution in your home.",5.2,Tesla T4,0.3333333333333333,3,0,44,False,1.0,True,False
B07QF9Y24J,phi35-vision-4b,image_meta,"""Hello, I'm here to show you the Stone & Beam Mid-Century Swivel Chair. It's a cream-colored, mid-century modern chair with a swivel base, allowing you to turn 360 degrees. The seat cushion is padded with a tufted design for added comfort. This chair is perfect for creating a stylish and comfortable workspace.""",6.12,Tesla T4,1.0,3,0,56,False,1.0,True,False
B07QF9Y24J,phi35-vision-4b,image_only,"""Hello, today we have a fantastic office chair that's designed for comfort and support. It features a plush beige upholstery with a tufted backrest and a sturdy wooden base with four wheels for easy movement. The adjustable height and backrest make it ideal for long hours of work, providing excellent lumbar support to help maintain good posture and reduce back strain. It's a great addition to any office space.""",7.23,Tesla T4,0.3333333333333333,3,1,71,False,1.0,True,True
B07QF9Y24J,phi35-vision-4b,image_only_scaffold,"This is a modern office chair with a high back and armrests, featuring a tufted design on the backrest for added comfort. It also has a wooden base with four wheels for easy movement. The tufted design not only adds to the aesthetic appeal but also provides additional support to the back, making it ideal for long hours of sitting.",5.53,Tesla T4,0.3333333333333333,3,1,60,False,1.0,True,True
B07VP48FB2,phi35-vision-4b,image_meta,"""Good morning! Today we have a stylish pair of Amazon Brand - Symbol Men's M.GREY PU Derby Shoes. These shoes feature a sleek M.GREY color with a smooth synthetic material that's both comfortable and durable. The key features include a sturdy toe cap, a comfortable padded collar, and a slip-on design for easy wearing. One practical benefit is the non-slip sole, which provides excellent traction and safety on various surfaces.""",8.06,Tesla T4,1.0,4,0,75,True,1.0,False,False
B07VP48FB2,phi35-vision-4b,image_only,"""Hello, I'm here to show you our latest men's casual shoe. It's a stylish grey leather sneaker with a sturdy sole, perfect for everyday wear. The lace-up design allows for easy on and off, and the padded collar ensures comfort throughout the day. It's a versatile shoe that combines comfort with a casual look.""",6.36,Tesla T4,0.25,4,1,59,False,1.0,True,True
B07VP48FB2,phi35-vision-4b,image_only_scaffold,This is a grey leather dress shoe with a low heel and a lace-up closure. It features a white sole with a slight tread pattern for added grip. This shoe is perfect for those who want a stylish yet comfortable option for everyday wear.,4.6,Tesla T4,0.25,4,2,45,False,1.0,True,True
B08FHKLHGJ,phi35-vision-4b,image_meta,"""Good morning! This is the UMI Seide Bettwäsche-Set in a vibrant red color. It's a two-piece set, perfect for your bed, with a 135x200cm bedspread and an 80x80cm pillowcase. Made from 19 Momme Maulbeerseide, it's hypoallergenic, ensuring a comfortable and clean sleep. It's a great choice for those who prefer a touch of elegance in their bedroom.""",8.47,Tesla T4,0.3333333333333333,3,1,63,False,1.0,True,True
B08FHKLHGJ,phi35-vision-4b,image_only,"""Good day! This is a modern, stylish bed with a striking red bedspread that adds a pop of color to any room. The headboard is made of a durable material with a geometric design, providing both support and a contemporary look. The bed also features a comfortable mattress and a sturdy frame, ensuring a good night's sleep. One practical benefit is the easy-to-clean fabric, which makes it ideal for busy households.""",6.81,Tesla T4,0.0,3,1,74,True,1.0,False,True
B08FHKLHGJ,phi35-vision-4b,image_only_scaffold,"This is a modern bed with a striking red bedspread and a geometric headboard design. The headboard features a unique geometric pattern that adds a contemporary touch to the bed's overall design. The bed's headboard also includes a built-in nightstand, providing a convenient and space-saving solution for storing small items like a clock or a small plant.",5.74,Tesla T4,0.0,3,1,61,False,1.0,True,True
B076BSFTTX,phi35-vision-4b,image_meta,"""Hello, today we have a beautiful Amazon Brand - Solimo Microfibre Reversible Comforter in deep purple and ocean blue. This comforter is made of polyester, lightweight, and breathable, making it perfect for your bed. The reversible design allows you to switch between two colors, giving you a fresh look every time you change the bedding. It's a practical choice for those who want to keep their bedding clean and vibrant.""",7.03,Tesla T4,1.0,4,0,70,False,1.0,True,False
B076BSFTTX,phi35-vision-4b,image_only,"""Hello, today we have a cozy and comfortable sleeping bag that's perfect for camping trips. It's made from a durable, water-resistant fabric and features a soft, plush lining. The exterior is a vibrant purple, and the interior is a soothing teal. This sleeping bag is designed to keep you warm and dry, no matter the weather conditions. It's lightweight and easy to pack, making it ideal for outdoor adventures.""",7.7,Tesla T4,0.5,4,0,73,False,1.0,True,False
B076BSFTTX,phi35-vision-4b,image_only_scaffold,"This is a cozy, compact sleeping bag designed for outdoor adventures. It features a vibrant purple exterior and a soft, blue lining for added comfort. Its compact size makes it perfect for backpacking trips, providing warmth and comfort without taking up too much space.",4.66,Tesla T4,0.5,4,0,44,False,1.0,True,False
B0028N6SXU,phi35-vision-4b,image_meta,"""Hello, I'm here to show you our Pinzon Kids Printed Citrus Twin Duvet Cover. It's a beautiful, colorful duvet cover with a playful citrus print that's sure to brighten up any child's bedroom. Made from soft cotton, it's comfortable and durable, perfect for keeping your little one warm and cozy. Plus, it's machine washable, making it easy to care for. This duvet cover is a great addition to any child's bedroom, adding a touch of fun and color to their sleeping space.""",9.16,Tesla T4,0.75,4,0,89,False,1.0,True,False
B0028N6SXU,phi35-vision-4b,image_only,"""Good day! This is the new 'Eco-Friendly Bedding' set, perfect for eco-conscious consumers. It features a soft, breathable fabric with a vibrant floral pattern that adds a touch of nature to your bedroom. The set includes a comforter, two pillows, and a duvet cover, all made from sustainable materials. One practical benefit is its hypoallergenic properties, making it ideal for those with sensitive skin or allergies. It's not only stylish but also kind to the environment.""",8.46,Tesla T4,0.0,4,0,79,True,1.0,False,False
B0028N6SXU,phi35-vision-4b,image_only_scaffold,This is a white wooden bed with a floral print bedspread and matching pillowcases. The bed also has a white nightstand with a lamp and a small plant on top. The practical benefit for the customer is that the bedding provides a cozy and inviting atmosphere in the bedroom.,4.71,Tesla T4,0.0,4,2,49,False,1.0,True,True
B07NYSJH2F,phi35-vision-4b,image_meta,"""Hello, I'm here to show you the Ravenna Home Classic Plank-Top End Table. It's a beautiful white wooden table with a simple, elegant design. It features a single drawer for storage, making it perfect for keeping your desk area organized. The plank-top design adds a touch of rustic charm to any room. This table is not only functional but also adds a classic touch to your decor.""",6.45,Tesla T4,1.0,3,1,71,False,1.0,True,True
B07NYSJH2F,phi35-vision-4b,image_only,"""This is a classic white wooden desk with a single drawer, perfect for a tidy and organized workspace. The sturdy legs provide a stable base, and the drawer offers convenient storage for office supplies. Its clean, minimalist design makes it a great addition to any room, adding a touch of elegance while keeping the space clutter-free.""",5.71,Tesla T4,0.6666666666666666,3,1,57,False,1.0,True,True
B07NYSJH2F,phi35-vision-4b,image_only_scaffold,"This is a white wooden desk with a single drawer. It has a simple, elegant design with curved legs and a smooth surface. The practical benefit for the customer is that it provides a clean and organized workspace with ample storage for writing materials.",4.15,Tesla T4,0.3333333333333333,3,1,44,False,1.0,True,True
B002HEXKFE,phi35-vision-4b,image_meta,"""Good morning! Today, we have a fantastic product for your home. It's the Pinzon by Amazon California King Mattress Pad. This mattress pad is made from high-quality cotton, ensuring a soft and comfortable sleep. It's a 300-thread count, which means it's incredibly soft and durable. The white color adds a touch of elegance to your bedroom. One practical benefit is that it helps maintain the shape of your mattress, keeping it in good condition for longer. It's perfect for those who want to enhance their sleeping experience.""",9.24,Tesla T4,1.0,4,0,93,True,1.0,False,False
B002HEXKFE,phi35-vision-4b,image_only,"""Good day! This is a high-quality, white mattress with a supportive, quilted top layer. It's designed to provide excellent comfort and support for a good night's sleep. The sturdy frame ensures it stays in place, and the breathable material helps regulate temperature, making it ideal for all seasons. It's a great choice for anyone looking to improve their sleep quality.""",6.31,Tesla T4,0.25,4,0,64,False,1.0,True,False
B002HEXKFE,phi35-vision-4b,image_only_scaffold,"This is a white, single-sized mattress with a quilted cover and a headboard. It features a sturdy frame and a comfortable, supportive mattress pad. This mattress is ideal for those looking for a simple, affordable option to improve their sleep quality.",4.9,Tesla T4,0.25,4,0,42,False,1.0,True,False
B01KBEP6D0,phi35-vision-4b,image_meta,"""Hello, I'm here to show you our AmazonBasics Large Moving Boxes. These are perfect for your packing needs. They're made from high-quality engineered wood, ensuring durability and protection for your belongings. With a 15-pack, you'll have plenty of boxes to help you move with ease. Plus, their large size makes them easy to handle and stack, saving you time and effort during your move.""",6.76,Tesla T4,1.0,3,0,69,False,1.0,True,False
B01KBEP6D0,phi35-vision-4b,image_only,"""Good day! This is a high-quality, durable cardboard box from Amazon. It's designed for easy storage and transportation of your items. The box has reinforced corners and a sturdy base, ensuring your products arrive safely. Plus, it's environmentally friendly, made from recycled materials. It's perfect for your online sales and shipping needs.""",6.18,Tesla T4,0.3333333333333333,3,0,56,False,1.0,True,False
B01KBEP6D0,phi35-vision-4b,image_only_scaffold,"This is a sturdy, cardboard box with a reinforced corner and a clear Amazon logo on the flaps, indicating it's a product of Amazon. It's designed to protect items during shipping, ensuring they arrive in good condition. This makes it ideal for customers who need to ship products to their customers, as it provides a secure and reliable packaging solution.",5.74,Tesla T4,0.3333333333333333,3,0,62,False,1.0,True,False
B07RNMN4ZF,phi35-vision-4b,image_meta,"""Good day! This is a beautiful Amazon Basics peaked trims mirror, measuring 30 inches by 40 inches. Its sleek nickel finish adds a touch of elegance to any room. The practical benefit of this mirror is its ability to reflect light, making any space feel brighter and more spacious.""",5.45,Tesla T4,1.0,3,0,49,False,1.0,True,False
B07RNMN4ZF,phi35-vision-4b,image_only,"""Good day! This is a sleek, modern mirror with a smooth, reflective surface. It's designed to provide a clear and accurate reflection, making it perfect for daily grooming routines. The simple, elegant frame adds a touch of sophistication to any room. One practical benefit is that it's easy to clean, ensuring your mirror stays spotless and ready for use.""",5.9,Tesla T4,0.3333333333333333,3,0,61,True,1.0,False,False
B07RNMN4ZF,phi35-vision-4b,image_only_scaffold,"This is a rectangular mirror with a sleek, modern design. It features a silver frame and a smooth, reflective surface. This mirror is perfect for adding a touch of elegance to any room while providing a clear and accurate reflection.",4.29,Tesla T4,0.3333333333333333,3,1,40,False,1.0,True,True
B07WLY2ZQ3,phi35-vision-4b,image_meta,"""Good morning, today I'd like to show you the AmazonBasics Colonne de chauffage portable oscillante. It's a versatile heater with two temperature settings and a single speed setting. The key features include its compact design and the ability to oscillate, which helps distribute heat evenly. One practical benefit is that it's easy to move around, making it perfect for heating small spaces like kitchens or patios.""",6.83,Tesla T4,0.6666666666666666,3,0,69,True,1.0,False,False
B07WLY2ZQ3,phi35-vision-4b,image_only,"""Good day! This is a high-quality, sleek black cylindrical vacuum cleaner. It features a robust, durable design with a long, flexible hose for easy maneuvering. The vacuum head is detachable, allowing you to switch between different attachments for various cleaning tasks. One practical benefit is its ability to effectively clean both hard floors and carpets, making it a versatile choice for your home. It's designed to provide a deep and thorough clean, leaving your floors spotless and fresh.""",8.34,Tesla T4,0.0,3,1,80,True,1.0,False,True
B07WLY2ZQ3,phi35-vision-4b,image_only_scaffold,"This is a tall, cylindrical device with a sleek black design, featuring a series of vertical ridges along its body. It stands on a small, circular base, which provides stability. This product is ideal for adding a modern touch to any room's decor while also serving as a functional piece of furniture.",4.93,Tesla T4,0.0,3,1,53,False,1.0,True,True
B07ZQR2Z96,phi35-vision-4b,image_meta,"""Good day! I'm here to show you our Amazon Brand - Solimo Stainless Steel 3-Piece Tope Set. These tops are made of high-quality stainless steel, featuring a sleek silver finish. They're perfect for your kitchen, offering a practical benefit of easy cleaning and durability. With no lid, they're versatile for various cooking needs. Enjoy your cooking experience with these reliable tops!""",7.54,Tesla T4,1.0,4,0,65,False,1.0,True,False
B07ZQR2Z96,phi35-vision-4b,image_only,"""Good day! I'm here to show you our new set of stainless steel cookware. These pots are not only durable and high-quality, but they also come with a sleek, modern design. One practical benefit is their excellent heat retention, which makes them perfect for slow-cooked dishes. They're also easy to clean, thanks to their non-stick surface. This set is a great addition to any kitchen, ensuring you can cook with confidence and style.""",7.46,Tesla T4,0.5,4,0,78,True,1.0,False,False
B07ZQR2Z96,phi35-vision-4b,image_only_scaffold,"These are stainless steel bowls, perfect for serving or storage. They come in a set of four, making them ideal for family meals or gatherings. The renewed label indicates they are eco-friendly and durable, ensuring they last a long time.",4.59,Tesla T4,0.25,4,0,41,False,1.0,True,False
B07SL5R49D,phi35-vision-4b,image_meta,"""Good morning, today we have a reliable AmazonBasics 2-inch round ring binder in a striking blue color. This binder is perfect for organizing your documents, reports, or any paperwork. It features a sturdy 2-inch ring for easy page turning and a durable cover to protect your documents. One practical benefit is its compact size, making it ideal for travel or small spaces. It's a must-have for anyone looking to keep their documents in order.""",7.1,Tesla T4,1.0,3,0,78,True,1.0,False,False
B07SL5R49D,phi35-vision-4b,image_only,"""Good day! This is a sleek, blue metal cabinet designed for efficient storage. It features a sturdy locking mechanism for security and a spacious interior to keep your items organized. The smooth finish and solid build make it an excellent choice for both home and office use, ensuring your belongings are safe and easily accessible.""",5.41,Tesla T4,0.6666666666666666,3,1,55,False,1.0,True,True
B07SL5R49D,phi35-vision-4b,image_only_scaffold,"This is a blue metal storage cabinet with a sturdy locking mechanism on the front. It features a sleek design with a smooth surface and a handle on the top for easy carrying. This cabinet is perfect for organizing and storing important documents, photos, or other small items securely.",4.57,Tesla T4,0.6666666666666666,3,1,49,False,1.0,True,True
B08299KY5N,phi35-vision-4b,image_meta,"""Good morning, today we have the Bourge Men's Magic-24 Black Sneakers. These sneakers feature a sleek black color with a white sole, providing a stylish and comfortable look. The lace-up design allows for easy on and off, and the padded collar ensures comfort for all-day wear. A practical benefit of these sneakers is their durability, making them a great choice for everyday use.""",7.1,Tesla T4,0.6666666666666666,3,1,67,False,1.0,True,True
B08299KY5N,phi35-vision-4b,image_only,"""Hello, today we have a stylish casual shoe that's perfect for everyday wear. It features a sleek black upper with a contrasting orange accent on the collar and tongue, and a comfortable white sole. The laces are durable and the shoe has a low-cut design, making it easy to slip on and off. One practical benefit is its breathability, which keeps your feet cool and comfortable throughout the day.""",6.59,Tesla T4,0.3333333333333333,3,2,71,True,1.0,False,True
B08299KY5N,phi35-vision-4b,image_only_scaffold,"This is a casual sneaker with a low-top design, featuring a black upper with a white sole and an orange accent on the side. It has a lace-up closure and a small logo on the side. The practical benefit for the customer is its comfortable fit and stylish look, making it a great choice for everyday wear.",5.74,Tesla T4,0.3333333333333333,3,2,59,False,0.9818181818181818,True,True
B071NHXGFY,phi35-vision-4b,image_meta,"""Hello, I'm here to show you a beautiful addition to your home decor. This is the Rivet Round Glass Hanging Wall Mirror. It's a sleek, modern piece with a silver finish that complements any room. The glass material gives it a contemporary look, and its 30-inch height makes it a perfect fit for your wall. Plus, it's easy to hang with the included hook, making it a convenient and stylish choice for your home.""",7.11,Tesla T4,1.0,4,0,78,False,1.0,True,False
B071NHXGFY,phi35-vision-4b,image_only,"""This is a wall-mounted mirror, designed for a sleek and modern look. It features a simple, circular frame that is both stylish and functional. The mirror's surface is smooth and reflective, providing a clear and unobstructed view. One practical benefit of this mirror is its versatility; it can be used in various room settings, from bathrooms to bedrooms, enhancing the space with its elegant design.""",6.91,Tesla T4,0.0,4,0,67,True,1.0,False,False
B071NHXGFY,phi35-vision-4b,image_only_scaffold,"This is a round mirror with a simple, elegant design. It features a thin, metallic frame and a smooth, reflective surface. This mirror is perfect for adding a touch of sophistication to any room while providing a clear and unobstructed view of your surroundings.",4.63,Tesla T4,0.0,4,0,44,False,1.0,True,False
B08BM2DN17,phi35-vision-4b,image_meta,"""Hello, I'm here to show you the AmazonBasics Square Metal Umbrella Stand. It's a sleek white stand with a sturdy metal frame and a hook for hanging your umbrella. The stand features a beautiful rain cutout design, adding a stylish touch to your home decor. One practical benefit is that it has a built-in drip tray, which helps to keep your floor dry and clean when you're not using it. It's a great addition to any home, providing both functionality and style.""",8.35,Tesla T4,1.0,3,0,87,True,1.0,False,False
B08BM2DN17,phi35-vision-4b,image_only,"""Hello, I'm here to show you our new ceramic vase. It's a beautiful white piece with a unique design featuring raindrops, leaves, and a sun. The vase is not only aesthetically pleasing but also functional, as it's designed to hold water for your plants. Its wide base ensures stability, making it a great addition to any room.""",6.09,Tesla T4,0.3333333333333333,3,1,60,False,1.0,True,True
B08BM2DN17,phi35-vision-4b,image_only_scaffold,"This is a decorative ceramic vase with a unique design featuring raindrops and leaves. It has a sleek and modern look, making it a great addition to any room. The vase is also functional as it can be used to hold flowers or other decorative items, adding a touch of elegance to your space.",5.43,Tesla T4,0.0,3,1,54,False,1.0,True,True
B071K5ZLL7,phi35-vision-4b,image_meta,"""Hello, today we have a fantastic kitchen appliance that's perfect for your morning routine. This is the Amazon Brand - Solimo 750-Watt Pop-up Toaster, and it's available in a sleek white color. It's made of durable plastic, ensuring it's both stylish and sturdy. One of the key features is its pop-up design, which makes it easy to use and keeps your countertops clutter-free. Plus, with its 750-watt power, it toasts your bread quickly and efficiently, saving you time in the morning.""",9.44,Tesla T4,1.0,4,0,89,False,1.0,True,False
B071K5ZLL7,phi35-vision-4b,image_only,"""Hello, I'm here to show you our Solinox toaster. It's a sleek, white appliance with a simple design, featuring a control panel with buttons for adjusting settings. One practical benefit is its automatic shut-off, which helps conserve energy and ensures your bread is toasted to perfection without burning. It's a great addition to any kitchen for quick and easy breakfast preparation.""",6.26,Tesla T4,0.5,4,0,65,True,1.0,False,False
B071K5ZLL7,phi35-vision-4b,image_only_scaffold,"This is a Solino toaster, a compact and efficient appliance designed for quick and easy breakfast preparation. It features a sleek white exterior with a simple control panel on the front, making it easy to operate. The practical benefit for the customer is its ability to toast bread perfectly every time, saving you time and ensuring you always have a delicious and warm meal ready to go.",6.26,Tesla T4,0.25,4,0,67,False,1.0,True,False
B085FGXKG9,phi35-vision-4b,image_meta,"""Hello, today we have a beautiful Ravenna Home Push-Back Recliner Living Room Chair in a light grey color. This chair features a comfortable textile upholstery and a transitional style that blends seamlessly with any decor. The 33.9-inch width provides ample space for relaxation, and the push-back design allows for easy reclining. It's perfect for creating a cozy and inviting living room space.""",7.02,Tesla T4,1.0,4,0,67,False,1.0,True,False
B085FGXKG9,phi35-vision-4b,image_only,"""This is a contemporary recliner chair, featuring a plush fabric upholstery in a soft grey color. It has a comfortable cushioned seat and backrest, with a reclining mechanism that allows you to adjust the angle of the seat. The chair also has a sturdy base with wheels for easy movement. A practical benefit of this chair is its ability to provide support and comfort for extended periods, making it ideal for relaxation or as a reading chair.""",7.36,Tesla T4,0.5,4,0,77,False,1.0,True,False
B085FGXKG9,phi35-vision-4b,image_only_scaffold,"This is a comfortable recliner chair with a cushioned seat and backrest, and it has a swivel base with wheels for easy movement. The chair is upholstered in a soft, light-colored fabric, and it features a padded armrest for added support. This chair is perfect for relaxing and lounging at home, providing a comfortable and stylish seating option for your living room.",6.42,Tesla T4,0.75,4,0,63,False,1.0,True,False
B07D44LBM9,phi35-vision-4b,image_meta,"""Good morning, today we have a classic pair of black suede derbys from the brand find. These shoes feature a sleek black color and a comfortable suede material. The lace-up design allows for easy adjustment and a secure fit. One practical benefit of these shoes is their durability, making them a great choice for everyday wear.""",5.99,Tesla T4,1.0,3,0,57,True,1.0,False,False
B07D44LBM9,phi35-vision-4b,image_only,"""Good day! This is a classic black dress shoe, featuring a sleek design with a low heel and a pointed toe. It's made from high-quality leather, ensuring durability and comfort. The shoe also has a padded collar and tongue for added comfort and style. A practical benefit of this shoe is its versatility; it can be worn with both formal and casual attire, making it a great addition to any wardrobe.""",6.96,Tesla T4,0.3333333333333333,3,1,73,False,1.0,True,True
B07D44LBM9,phi35-vision-4b,image_only_scaffold,This is a classic black dress shoe with a low heel and a pointed toe. It features a lace-up front and a rounded toe box. This shoe is perfect for formal occasions and provides a sleek and polished look.,4.28,Tesla T4,0.3333333333333333,3,0,40,False,1.0,True,False
B06XGFCB2X,phi35-vision-4b,image_meta,"""Good day! This is a pair of men's brogues in a sleek black color. The brand is find. These shoes feature a classic brogue design with a sturdy leather construction. A practical benefit of these shoes is their durability, ensuring they can withstand daily wear and provide comfort for extended periods.""",5.0,Tesla T4,1.0,3,0,52,False,1.0,True,False
B06XGFCB2X,phi35-vision-4b,image_only,"""Good day! This is a classic black dress shoe, perfect for formal occasions. It features a sleek design with a double monk strap and a low heel, providing both style and comfort. The sturdy sole ensures a stable walk, making it ideal for business events or any setting where you need to look sharp.""",5.08,Tesla T4,0.3333333333333333,3,0,54,False,1.0,True,False
B06XGFCB2X,phi35-vision-4b,image_only_scaffold,"This is a classic black dress shoe with a double monk strap and a low heel. It features a detailed embossed pattern on the vamp and a sturdy, double row of stitching along the edges. This shoe offers both style and comfort, making it ideal for both formal and casual occasions.",4.97,Tesla T4,0.3333333333333333,3,0,51,False,1.0,True,False
B08D49Y55K,phi35-vision-4b,image_meta,"""Hello, I'm here to show you the ELISE Women's Multi Flip-Flops. These are stylish and comfortable, featuring a vibrant multi-color pattern on a dark background. They're perfect for a casual look and offer great support for your feet. The flip-flop design makes them easy to slip on and off, which is great for quick changes throughout the day.""",6.41,Tesla T4,0.6666666666666666,3,0,64,False,1.0,True,False
B08D49Y55K,phi35-vision-4b,image_only,"""Hello, I'm here to show you our newest flip-flop collection. These are stylish and comfortable, featuring a vibrant geometric pattern on a sleek dark blue base. The straps are made of high-quality material for durability, and they have a soft, cushioned interior for added comfort. A practical benefit is the non-slip sole, which provides excellent grip and stability on various surfaces. They're perfect for everyday wear and come in a variety of sizes to fit all feet.""",7.88,Tesla T4,0.0,3,1,82,False,1.0,True,True
B08D49Y55K,phi35-vision-4b,image_only_scaffold,"These are navy blue flip-flops with a vibrant geometric pattern on the straps, featuring a comfortable, flat sole for all-day wear. The brand name 'Elloe' is prominently displayed on the top of each strap, indicating a focus on style and quality. The unique design and comfortable fit make these flip-flops a great choice for both casual outings and beach vacations.",6.84,Tesla T4,0.0,3,2,63,False,1.0,True,True
B07SZ8H42Y,phi35-vision-4b,image_meta,"""Hello, I'm here to show you our UMI Brushed Cotton Blended Duvet Cover Set in pure white. It's made from a soft cotton-blend fabric, ensuring a cozy and comfortable sleep. The modern style design adds a touch of elegance to your bedroom. Plus, the breathable material helps regulate temperature, keeping you cool at night. It's perfect for a fresh and inviting bedroom look.""",6.83,Tesla T4,0.75,4,0,67,False,1.0,True,False
B07SZ8H42Y,phi35-vision-4b,image_only,"""Good day! This is a stack of high-quality pillows, perfect for your bedroom. They are made from soft, breathable fabric, ensuring comfort and support. The pillows are designed with a smooth texture and a clean white color, making them a great addition to any bedroom decor. One practical benefit is that they provide excellent lumbar support, helping to maintain proper spinal alignment while you sleep.""",6.48,Tesla T4,0.25,4,0,66,True,1.0,False,False
B07SZ8H42Y,phi35-vision-4b,image_only_scaffold,"This is a stack of white pillows, perfect for adding comfort and style to your bedroom. The pillows are made from high-quality, breathable fabric, ensuring they are both soft and durable. These pillows are ideal for enhancing your sleeping experience, providing support and comfort to help you wake up feeling refreshed and rejuvenated.",5.56,Tesla T4,0.25,4,0,54,False,1.0,True,False
B086BXNWFR,phi35-vision-4b,image_meta,"""Hello, I'm here to show you the Rivet Goodwin Modern Ottoman. It's a stylish piece with a sleek, round design and a navy blue fabric that's been renewed for a fresh look. The ottoman features wooden legs that add a touch of elegance. It's perfect for adding comfort and style to your living room or bedroom, providing a cozy spot to rest your feet or enjoy a book.""",7.06,Tesla T4,1.0,3,1,72,False,1.0,True,True
B086BXNWFR,phi35-vision-4b,image_only,"""This is a round ottoman with a soft, plush fabric cover in a deep blue color. It features a sturdy wooden frame with four legs, providing a stable base. The ottoman's design is simple yet elegant, making it a versatile piece for any room. One practical benefit is its ability to add extra seating or a place to rest your feet, enhancing comfort in your living space.""",6.14,Tesla T4,0.3333333333333333,3,1,68,True,1.0,False,True
B086BXNWFR,phi35-vision-4b,image_only_scaffold,"This is a round ottoman with a cushioned top and wooden legs. It features a dark blue fabric upholstery and a tufted design on the top. This ottoman can be used as a footrest or extra seating, providing comfort and support for your feet while sitting on the floor.",5.3,Tesla T4,0.6666666666666666,3,1,49,False,1.0,True,True
B07D4LK8Z9,phi35-vision-4b,image_meta,"""Good day! This is a black AmazonBasics 8-inch tablet sleeve, designed to protect your device while on the go. It features a durable zipper closure and a padded interior to keep your tablet safe from bumps and scratches. One practical benefit is that it helps to keep your tablet secure and easily accessible in your bag or case.""",5.75,Tesla T4,1.0,3,0,59,True,0.9642857142857143,False,False
B07D4LK8Z9,phi35-vision-4b,image_only,"""This is a sleek, black Amazon Renewed portable hard drive. It's compact and durable, perfect for on-the-go storage. The Amazon logo on the side assures you of its authenticity and quality. With its robust design, you can store large amounts of data securely, making it ideal for professionals who need to keep their digital files safe and accessible.""",6.18,Tesla T4,0.3333333333333333,3,0,61,False,1.0,True,False
B07D4LK8Z9,phi35-vision-4b,image_only_scaffold,"This is a black Amazon-branded sleeve case designed to protect and organize your electronic devices. It features a zipper closure and a handle for easy carrying. The sleeve case is made from a durable material, ensuring your devices stay safe and secure while on the go.",4.69,Tesla T4,0.6666666666666666,3,0,47,False,1.0,True,False
B06ZY6Q66G,phi35-vision-4b,image_meta,"""Hello, I'm here to show you the AmazonBasics Food & Water Feeder. It's a convenient polypropylene feeder that combines a water bottle and a food dispenser. This practical design allows your pet to stay hydrated and eat at the same time. The large size ensures it can accommodate your pet's needs, making it a great choice for pet owners looking for an easy-to-use feeding solution.""",7.1,Tesla T4,1.0,3,0,69,False,1.0,True,False
B06ZY6Q66G,phi35-vision-4b,image_only,"""Good day! This is the Automatic Pet Feeder. It's designed to keep your pet's meals on schedule. You simply fill it with food and water, and set the timer. The feeder dispenses the right amount of food and water at the right time, ensuring your pet gets a balanced diet. It's easy to use and helps in maintaining your pet's health and routine.""",6.28,Tesla T4,0.0,3,0,67,False,1.0,True,False
B06ZY6Q66G,phi35-vision-4b,image_only_scaffold,"This is a pet feeding station designed to keep your dog's food and water separate. It features a water dispenser and a food container, both with a secure lid to prevent spills. This product is perfect for pet owners who want to maintain a clean and organized feeding area for their pets.",4.84,Tesla T4,0.0,3,0,53,False,1.0,True,False
B07XGW5Y41,phi35-vision-4b,image_meta,"""Good day! I'm here to show you the Chadstone Men's Olive Green Loafers. These loafers feature a classic design with a smooth olive green finish and a sturdy sole. The key visible feature is the double stitching along the edges, which adds a touch of elegance. A practical benefit of these loafers is their comfort, thanks to the soft interior lining. They're perfect for a casual yet polished look.""",7.3,Tesla T4,0.6666666666666666,3,0,72,False,1.0,True,False
B07XGW5Y41,phi35-vision-4b,image_only,"""Good day! This is a classic loafer, perfect for adding a touch of elegance to any outfit. It features a smooth, dark grey leather upper with a sturdy, embossed sole. The shoe is designed with a low heel, making it comfortable for all-day wear. Its rounded toe and soft interior lining ensure a cozy fit. This loafer is not only stylish but also durable, making it a great investment for your wardrobe.""",7.77,Tesla T4,0.0,3,2,73,False,1.0,True,True
B07XGW5Y41,phi35-vision-4b,image_only_scaffold,"This is a pair of gray loafers with a classic design and a wooden insole. The shoes feature a smooth leather upper with a stitched detail around the vamp and a low heel. The practical benefit of these loafers is their comfort and style, making them a great choice for everyday wear.",5.01,Tesla T4,0.3333333333333333,3,3,52,False,1.0,True,True
